100
2
0.0 3353.3768694889754 854.7139950767179 4454.277388462929 635.7256796515143 2840.4899330349717 1835.1732707618735 2620.9779603342927 2026.1649707532895 4907.753999589088 2431.270326269971 2991.523098929502 108.41703756875737 3410.197551451321 349.8182139355793 2919.7135825119694 415.8335533036496 1621.2123946713446 4428.4440849023595 1436.4524159164644 3997.3786517543986 1356.6534004332473 327.2929582203482 2621.0225509292186 3018.2417654177807 4072.572614299749 1535.4474138259811 3750.3537862807193 2604.696912403919 2454.352907621952 954.651921533382 2641.068651018622 4406.052486856877 3325.5595801546183 2288.704085113465 3834.3480771288514 2787.7606266077237 2456.870655295816 2743.4364563406543 1893.9628999771028 2145.0008130698593 2429.61555400708 3670.3860221034834 3305.966334557412 2066.3965593596217 4815.749370101663 633.3396243383805 2871.64519914355 1271.4044479145625 3490.14107418493 2350.6257150230676 2299.940814118579 1857.796445513859 2173.451326432967 824.8061316139118 2760.948697202197 1982.3892012640938 1196.5948900380854 679.1704616619878 3838.617104684023 1367.6937503022627 3220.1542817660606 1191.4772367214118 1157.3379849958012 1738.6778166372396 2516.3567383145632 4028.944801294283 4091.9539591517323 3341.5002907665803 2082.647812640328 619.604547978952 4404.231898701137 4001.725895318075 645.8117966986971 2404.665056729641 4021.326653015602 1260.9121050323533 3470.0521157505564 1472.1037889889685 2957.9514526680273 2369.7818022738356 1160.7927041984697 2442.763406652894 1986.6708755928828 873.1984457363561 2408.0289388667516 2155.629106469472 2442.6709964242546 1733.8350218302842 3840.3095570131545 2647.1850083158984 2500.4276271890185 2374.2251994159524 1923.6498832428392 3064.945070902129 2145.8688712197427 2636.343426195318 788.7133889644421 1671.2242415109151 2416.9448148769106 
3353.3768694889754 0.0 4174.743111500507 2799.8938908951823 3982.396283214554 2245.5035012922112 1599.8403941473716 1416.9876629031116 2178.70970851747 1736.180374027735 2552.877769014491 2358.494407447122 3363.173649038052 1169.3475261529818 3702.8023521838604 2487.9913163605984 3348.904652342215 2236.5590442188363 3181.009788197418 2591.4533103623044 691.0833403334522 2111.1739509698473 3600.2034645432664 2751.6460979193675 363.4641671726197 2743.0440523472043 3363.665432844168 1008.9465855696776 4068.773566343922 4987.890750505353 4156.790866217602 1972.6546264844983 3613.755405470949 768.9330602555578 2407.045794725626 481.079219458901 3421.498033302409 1630.9314866411314 1113.8606510245766 1468.3051732817912 3125.80151887851 1920.4970352710843 1229.1895626281141 2403.3363539394136 1515.0311147045707 3616.1784447217765 3113.3308905639037 3146.1974677087983 2707.669859353252 3662.637255390567 3413.8323385433628 1606.4358991592596 1550.9317897148235 1473.0151987885613 3579.2475004909616 2804.4030477645438 3106.5695028298505 3772.5437383382787 3990.073535114572 2339.79805737973 2215.0249022810817 2957.9500790345287 2161.956235510475 3075.3649086441073 4579.583043499847 3807.273115782779 1699.4902474070748 1482.7366347962668 1731.6391033248296 2352.4662004223032 2793.2865664293877 1054.3946735480565 3318.3848181823682 2918.1636890446703 1131.2290666069741 3103.754713212523 2646.3739436702494 2297.9947819408662 3264.593896164275 1663.1512869394594 5052.24442028324 3739.6251900445104 4228.414908584871 1366.734144150076 2850.7800468395685 2280.550826215592 1231.6376391864337 2979.08058007916 3148.6632974314534 3524.32746675574 1867.0023996958494 4051.3304011694895 3572.239179385595 3549.33038022365 894.6943842572209 1363.5312935105217 927.8334899475208 2666.573408333909 3444.519719279416 4143.7443733945765 
854.7139950767179 4174.743111500507 0.0 4973.129298224119 246.97168094368405 3356.606733716548 2612.4703490792645 3472.567138048795 2595.880036390745 5756.997951151842 2872.1958531149758 3485.3894861138 819.8629120739297 4264.527281199006 524.9805995529899 3382.0808221041057 1082.283663669261 2450.3096070029796 4868.03530016108 1959.6130003039175 4831.002586112203 2106.19979518025 574.5627172332069 3008.429240466801 3830.5374421331944 4561.0923798856065 1689.2512459223378 4491.390561980126 2550.2807616437512 1939.5138716438357 312.97272566376586 3463.8971326793285 4748.096898436057 4177.933910444389 3070.259710857045 4654.233129244127 2986.8859352221784 3302.893653571033 3598.1420294801082 2730.3720083610765 2798.1876606642363 3258.688682850961 4379.8263088766325 3802.9575749892897 2806.892301984637 5214.971417974363 1143.9889325704355 3160.6419226743783 2048.9287240291246 3698.014140282922 2514.759960763361 3149.6582888728785 2706.0271178220005 3028.1007740563664 875.6781434908888 3138.4999149542627 2636.397994811783 1079.961619275755 184.7636335457601 4383.2875329481285 2216.5844895908567 3585.4166983896203 2020.5436092165269 1840.2758310397403 1173.8385375628757 2550.528685470827 4695.083564192966 4794.79744366982 3965.125676375661 2875.2447916640454 1472.9602370086116 5218.753718358639 4359.352925919663 1464.4161548768436 3256.463102346223 4429.317592418909 2053.2553494997273 3997.24501514646 1679.3047438631227 3798.736184557467 1788.3367092040555 1530.57571022377 2291.030474891078 2811.453989459255 1666.9525539147176 2921.8354177786714 2956.58021399587 2758.5632471197373 1984.942487167248 4128.929112277557 3247.0758383509997 2435.106496278699 2481.405207611644 2449.0045915280853 3809.3438510235273 2998.774480772604 3486.7751655586394 1639.452969470048 1784.9212731410275 2297.250519714308 
4454.277388462929 2799.8938908951823 4973.129298224119 0.0 4902.545526430631 1621.6957377986575 2944.865124196326 3991.9118423362097 2428.134568689124 3966.7381718750294 2108.539516604084 1487.774111799832 4393.547810811503 3966.2336314532154 4720.967566565655 1599.7251112473064 4703.649520581606 4306.314649297507 528.0083285524952 3037.919720127868 3115.224361022889 3217.75385572178 4512.81687261389 2019.4030915457063 2702.0642782144578 444.5059326410892 3384.7282302166373 1831.763870208974 3252.5209410619805 4642.5560732975855 4779.33133242693 4548.884152809979 1122.1450045520403 3565.1137647916885 4818.742381101082 2810.94608808898 2387.4220882772574 4135.514849497949 3729.2938286237463 3317.1260732257792 5388.9549348698265 4415.154181583752 1573.0864249187348 1170.5975278609567 2641.218301081648 861.8192128529907 3882.7680812571098 2058.867680554404 4599.554763981739 2005.4515670254377 2763.5605242844863 4023.840404903006 3506.0008288563263 3770.952938833658 4108.620172876842 1914.4951914711944 5305.6282759770465 4038.7465929056184 4818.263601413732 627.8338510625038 4079.1912564868453 1562.217303111876 3598.4315592070843 4886.2234771590765 4672.666524333105 3023.9521706116043 1144.846146918511 1449.4615481189528 1264.5183218787824 4678.227598456013 4197.749298522843 2856.743124441322 1113.2123147861557 4414.584421721631 3499.691201887653 845.3086559944462 4529.007569792124 984.6203683489698 3354.21067446963 4357.4856552070705 4826.57397556721 5386.768279312261 3583.413207702687 3158.754073839347 4500.117163762183 2058.5249493358597 2888.559056160868 2329.1288718896403 3059.8309939358187 1515.9170531718564 1833.6275360952507 3318.288212799083 2895.8700807542 5630.083730564774 2058.721274969582 3577.620539298771 3432.282763464158 4180.536946694312 3348.6823484088204 3499.3805435221952 
635.7256796515143 3982.396283214554 246.97168094368405 4902.545526430631 0.0 3281.2281469031177 2440.063677658203 3240.3041570973323 2498.036680298153 5543.183824214184 2817.2781019164477 3417.8399318106744 619.7448830217054 4036.410437725778 290.4638714072218 3323.9753598403017 835.6355903558505 2209.372842432357 4822.968603726728 1868.5594651934791 4630.8823891775255 1942.5595753883758 406.6264871785172 2970.974720563216 3643.1958290427974 4499.417723348855 1699.9058722162717 4338.392416134006 2635.095708564732 2136.9551794165286 491.56451932083826 3220.7788975514377 4733.036851725741 3959.8985616339764 2823.659563873827 4462.983932829976 3004.8661932549267 3066.7369957092383 3373.363074335591 2527.56445379235 2555.9273880059513 3016.9078553615573 4239.6080210030395 3735.877439967551 2650.3613076499323 5183.546362932909 1028.6260285460235 3153.8093763895413 1802.8035737125463 3718.3537066542945 2537.934543472542 2915.964165940434 2493.5130604131987 2802.1134705654417 869.05763415847 3105.01365330842 2393.755948845053 1144.2257450705856 157.39053229205754 4302.547884376209 1983.4318089269848 3558.4773822198154 1821.4715780100105 1594.2107100349626 1373.516675222698 2610.854255755861 4572.1332533524965 4657.847717930018 3855.9850170124832 2629.2574279863275 1246.1505072496793 5030.875768835075 4338.221722003095 1224.4708868651985 3039.519276830796 4392.877639959807 1808.0452522589105 3921.071645225624 1674.2692511519467 3559.9378072895265 1999.8308964465966 1311.5596859077614 2399.2599748844677 2616.0892489961484 1422.7943968583086 2844.4909002809613 2774.1261873614135 2740.331578896158 1974.684974937231 4127.6832495026265 3143.4344054649973 2521.5867758896575 2520.3747448111544 2218.949718748366 3653.8663185347395 2780.097821318125 3271.6625184932545 1409.2237295748416 1809.6787988464855 2396.8673449967964 
2840.4899330349717 2245.5035012922112 3356.606733716548 1621.6957377986575 3281.2281469031177 0.0 1546.0886478801426 2944.094180483499 822.5687720542825 3892.6764247731476 542.9875159004018 173.76037087142964 2776.249854230164 3227.4155183686044 3100.34332519052 244.72280631332958 3110.1904373339307 2931.7300312701122 1609.393947552093 1416.5518319333428 2846.9028251535788 1677.4111571498984 2891.1829940772964 596.2012770078885 1960.51465432346 1232.422942071547 1827.5858129436867 1749.0092693693928 2037.1555795359222 3275.859952936494 3174.094472465702 3434.2311572672415 1730.4624132478014 2865.345527788274 3564.3688075284263 2532.096522056141 1243.173350298463 3014.9223677566756 2757.776177237828 2016.8720784526251 4016.356075602329 3253.2934246745554 1485.4249405729754 467.5276078555879 1271.0893203006992 2027.8579848576326 2261.3144632923572 925.6382837284967 3133.307708131202 1422.8451030841293 1407.16600770611 2862.174040442213 2206.0713938009017 2582.942142390906 2499.345690752195 593.5919832351111 3908.781451579913 2463.5980448112878 3199.0438542699135 1028.163834047349 2650.6329097446833 735.3756654187094 2093.4180721464877 3377.8835563492194 3161.0546503756327 1770.437046960218 1552.881571879777 1784.1926387801454 795.2838068368836 3387.241709672198 2633.1221631125463 2890.4426632977584 1336.4211157875923 2856.3895320567026 2410.3616536548425 1256.0757586728953 3064.9747924292737 640.6949470122131 1779.7861015734045 3377.00516797131 3421.3617899189717 3820.6237560296536 2296.485504707608 1880.173099662376 2971.431618438509 436.83659047927944 1651.9595794826887 912.0448037693546 1506.12228263521 1386.1663051268038 418.63334682357134 2059.7752837702865 1568.4096227737368 4171.001167288402 1361.3834014087226 2385.0887571958333 2444.2116623432858 2640.209916916936 1820.0022493017714 2206.3159157242326 
1835.1732707618735 1599.8403941473716 2612.4703490792645 2944.865124196326 2440.063677658203 1546.0886478801426 0.0 1544.2093942904817 921.5474551429369 3290.226750291372 1486.2064955888845 1719.082925723423 1824.361058786073 2081.3872843105573 2175.5789701922185 1747.1426179080113 1933.9129778186405 1392.0480645163864 3083.9367727668196 1058.316340996949 2283.7264379850494 514.0820060545129 2042.5777678260304 1740.5688193380831 1241.0798122815536 2654.786778757433 1840.448169024484 1921.334791539968 2726.6517501964427 3442.985218968031 2568.898040673123 1953.594638496007 3274.2368041775685 1831.568342656964 2024.0630730762996 2068.7478287674635 2305.7048830672998 1552.1233230156743 1455.1027637897841 501.1679197611677 2481.250794492412 1753.3141250857127 1869.0020408216142 1963.7335830095383 303.6557766294883 3525.5064115310956 1518.0324681349887 2150.3062762012687 1655.039513848551 2800.1230552089432 2121.3560904803953 1380.865405713413 676.8410756055831 1102.8282882412573 1979.439646465409 1855.9426649460768 2382.453710955556 2182.0640927451627 2428.239341422828 2321.530167668405 1136.5671833029419 2218.469258525127 705.6863681223222 1954.0174964905175 2987.9202900646223 2492.1853983944593 2276.2584893563994 2291.4893391030887 1699.9207395563578 1842.3135077249026 1371.2576720619536 2620.097487395522 2882.4934323332864 1558.249653603301 1046.6499552711764 2786.2451348710147 1584.414872707233 2031.3761329639292 1734.6014083277576 1993.1948828960333 3485.9590302074394 2511.883658504676 2807.148175470387 410.83150576030306 1592.5314084567174 1266.3231508912509 373.9674738104089 1817.9490314614402 1689.6450010565334 2901.4063825956378 1170.4143550784315 2680.691522968562 2256.7808824671765 2686.008082668169 1238.310477177789 920.8784470189124 1188.9641523896398 1302.6557633935709 1943.844847939337 2731.2323488947263 
2620.9779603342927 1416.9876629031116 3472.567138048795 3991.9118423362097 3240.3041570973323 2944.094180483499 1544.2093942904817 0.0 2457.873358010006 2419.868081485446 3004.906487038269 3104.376495835788 2673.3824997597762 812.7504619877238 2950.696058919951 3175.7218025179427 2454.8776558784602 1084.6771591808035 4276.096425365208 2531.854714744943 1766.1177396109033 1853.170708930038 2931.969842459382 3254.4691516052303 1332.8607313386424 3824.9950825419482 3275.84946190902 2362.0030038997284 4248.154099805444 4786.7053589492725 3556.938776670884 568.4614152673846 4594.528617894645 884.671900653911 1001.9256257834539 1782.6160613130503 3846.1399977658857 236.56309964569292 303.4151565286506 1060.1043478990414 1742.8171900193415 507.908084453825 2508.544009720909 3275.1086680010085 1724.5477170011397 4727.317448689681 2655.6329390119154 3670.6340798180577 1579.1477753122533 4301.657615589137 3660.431083499415 328.40861832657765 937.4857999310251 490.3406243142642 3145.372053129999 3357.719103557716 1748.5510103096778 3446.6905153345247 3300.0079686942067 3433.952044275166 1256.904098608468 3668.1834793617477 1608.1168602125429 1935.4024628928726 4204.837114884469 4023.5079730868333 2999.8132815771996 2842.470228177397 2763.7414600491697 986.655059664549 2001.4272186523126 2307.720336240343 4234.935307117098 2025.1917244826045 533.7500934334615 4080.7430168843775 1538.1253518246401 3260.603432161682 3167.288809155433 449.0583668062082 4781.358883102237 2610.7989532756105 4294.0341758736 1135.0407167944961 1865.4254117215376 2761.1572626670145 1305.2562045952282 3358.5975856663945 3185.4292009306037 4330.110558447889 2527.1981951181438 4193.318457779404 3790.7478111181945 2217.5042510498142 1934.0880575612405 631.151159527038 560.9040891874888 1833.2007501855312 3398.2450191095777 4224.384645807678 
2026.1649707532895 2178.70970851747 2595.880036390745 2428.134568689124 2498.036680298153 822.5687720542825 921.5474551429369 2457.873358010006 0.0 3913.459197951901 575.3552642782984 984.2161288564606 1966.871279176995 2921.4119061376878 2299.646692302812 946.8421869478195 2287.715939833965 2219.6047841322184 2430.001799805904 637.1137563488214 2857.834891870598 886.9949798126488 2099.29718599458 830.1565540102897 1828.2044030439272 2052.9322811183424 1260.9653565909334 2062.173899008699 1901.8613587972566 2863.8832266273967 2445.480245890449 2873.9300880528544 2500.23475872506 2617.973101200937 2909.681269729596 2579.808429732628 1388.4649412628848 2473.62577179492 2340.3775105170525 1422.3029170904972 3281.665746810245 2670.7360297107366 1879.5224354517184 1290.0458838394395 755.4085637185885 2841.065788207702 1469.765155421698 1232.1935219578318 2359.458675282141 1889.7480853333452 1258.516417411251 2302.1629151476427 1591.758688418734 2024.3751824490441 1771.9641879357614 955.3498467803531 3162.3349622661444 1815.3162040251175 2429.0677201040858 1813.9359230798648 1910.9361348541674 1361.7357925785525 1316.7681345036958 2579.751354933297 2585.3807538064884 1647.5645209015136 2123.934745994946 2268.2537685652655 1373.6891270417946 2714.9923630273597 1815.86954523148 3054.309656497279 2094.4855695796177 2040.4937522618297 1943.5565900856586 2056.7325947696563 2293.430191288364 1444.1579300934588 1179.4556981309331 2906.608231093904 2961.6488527390056 3000.587735175349 2049.769979129078 1324.0407726237243 2166.9092119803054 413.6524483145872 1180.0010279968023 901.3627357884351 994.8319452603735 2045.1909709767524 652.9360316585374 1876.9384372005456 1409.7245100797668 3390.0540479148626 1453.197445498044 1840.8677408631338 2049.2475172821323 1832.8298283156148 1310.98152674203 1965.0443520569124 
4907.753999589088 1736.180374027735 5756.997951151842 3966.7381718750294 5543.183824214184 3892.6764247731476 3290.226750291372 2419.868081485446 3913.459197951901 0.0 4259.331869381917 3977.8615179324743 4937.294066836503 1627.8994751151567 5254.323796156857 4125.084408369397 4816.101519951864 3495.823560797671 4450.257657772012 4315.914266412331 1059.5271019705358 3785.471528014848 5188.463793347852 4439.899135918254 2094.2081645049275 4070.1964002554505 5093.532818029309 2248.6887519870456 5795.378649597796 6715.593788767831 5781.423589580372 2753.0429708970755 4980.366421433273 1590.2898333070457 3302.1936608610445 1362.6054344185532 5112.088241871075 2646.12957162821 2206.8353588583623 3038.4959837106276 4041.6524878361483 2845.554493586504 2548.2749162884547 3949.31010310915 3242.7698994987018 4828.47286180015 4767.379247922648 4815.264119888215 3994.1591513354206 5268.6474650731325 5138.249692392909 2738.3656700016872 3050.9863606509434 2770.6911367892476 5249.33783120784 4476.014132182584 4088.879005701075 5471.683619917368 5575.21957216459 3698.639704938762 3608.8368747785266 4559.33748482169 3747.131257272093 4354.231172186148 6276.37625679443 5531.593699524122 2845.5710593542267 2525.1467165385693 3235.4681661822833 3360.0221472274116 4303.643119743202 1110.9579618237879 4763.115296789114 4376.646799813773 2504.738220374442 4509.601635794281 3949.065115309519 3788.1656108423063 4992.8296626570245 2312.469450397219 6771.45909020258 5030.552165828354 5963.114461999399 2983.2586157170326 4249.004111849535 3989.6542169245563 2916.3341500609527 4689.3876020145235 4884.339652388745 5041.020151751213 3551.3533727181452 5781.764752246879 5298.427243093017 4570.465612337113 2543.3312527618764 2765.8652165350936 2271.567400093001 4150.955810767329 5177.85648448307 5877.973551723079 
2431.270326269971 2552.877769014491 2872.1958531149758 2108.539516604084 2817.2781019164477 542.9875159004018 1486.2064955888845 3004.906487038269 575.3552642782984 4259.331869381917 0.0 629.4482835914071 2355.8421231342536 3411.96596696653 2660.403912130877 510.32205647180155 2741.582135143986 2792.3218180299386 2007.530219404682 998.0381040196246 3200.8957258743976 1443.4787457382731 2441.141298948527 255.17576834236374 2227.7267074967785 1689.4862294124616 1292.1177745231005 2213.8445518281546 1560.1483293786916 2741.4066041709757 2671.167130800474 3439.364390843029 1989.1215756763527 3082.222126867034 3484.9924561491653 2899.691679943175 877.3004113828512 3033.9953585005846 2866.0186601686014 1987.011973538874 3847.438415979807 3239.3169451021354 1973.0300061212997 940.143609835265 1281.3809588523354 2384.8189288723147 1820.9197804036587 666.1296960332915 2911.642294291907 1315.6848195245468 907.2942167358282 2865.591512419085 2161.164050551116 2586.1251060333393 2002.5348812948534 382.0395776742592 3724.5476237828602 1937.2060711885526 2723.25963598779 1546.9952922570299 2479.2339025028214 814.6784406537535 1875.1878439418526 3110.4369702962235 2619.8402676364417 1291.7312836916747 2087.1311334537763 2302.3420286730425 1319.4662147989507 3290.2394892916273 2318.4279566867394 3312.7529284923744 1581.7869206362557 2544.616684578568 2480.9729060873633 1590.3127688377874 2847.2973234738297 1154.6637226570915 1251.3562303615483 3451.7340834112924 2881.7848002722153 3482.1822745593577 1788.8187025440764 1878.8613238625633 2692.141855372755 272.6487333479544 1706.2297518479008 430.7716552786965 968.2567087498504 1487.1535183801982 719.6517417599093 1567.0978330100722 1071.323922574984 3933.3218732583296 1721.29187600495 2398.2202420770313 2564.3204257398256 2356.8154613435536 1278.4656688375833 1698.8854616878905 
2991.523098929502 2358.494407447122 3485.3894861138 1487.774111799832 3417.8399318106744 173.76037087142964 1719.082925723423 3104.376495835788 984.2161288564606 3977.8615179324743 629.4482835914071 0.0 2924.6415983940688 3366.8326888942274 3244.190799565464 166.80692445408388 3269.237278719234 3105.3817384405074 1445.9636926471455 1560.642196051301 2940.6162576849615 1847.6828258808002 3031.832508417397 611.690763107587 2087.1249398663185 1083.5222608279048 1920.8023243795114 1796.9332685025925 2037.0321764340945 3318.8728518558764 3293.7171054761334 3599.73530301227 1556.7566321238555 2999.012765665082 3735.899693810407 2622.2889294003903 1208.7903934510182 3179.702340660722 2912.101467734411 2187.5539998445347 4190.1139726278625 3420.7414002022033 1520.0502860652048 318.0551794604946 1442.06836009284 1859.2546152643638 2403.5803241619706 872.3174935416197 3305.99201411081 1304.6986957205465 1429.7397582002807 3028.7011913338347 2377.217073848985 2750.018521390796 2621.5840510642815 568.2539477003822 4082.4874166860996 2566.5428438653375 3331.2320896767033 917.6861761561645 2824.302540179151 600.4905609804429 2265.396021098985 3548.3581395492233 3241.9885735610665 1774.3386545848196 1531.6594478616662 1785.6136814615422 806.3887411565684 3559.6572864721616 2798.686123313596 2954.537218523006 1163.510948388261 3022.581246259919 2570.907527428187 1083.655227452093 3237.7687940508604 525.4197637590092 1880.7282637830517 3534.594842905459 3474.0376065788564 3984.687266828641 2314.907760342546 2049.391243745345 3140.7199305465174 583.7084486058187 1817.5226587560408 940.2672606046168 1596.2659465698023 1227.2233295564765 577.6381450936457 2069.190291959172 1586.4407126118506 4343.444890760128 1466.5833018734356 2551.745121857826 2597.8334806973235 2808.789463914444 1901.7334371455233 2225.1518204939966 
108.41703756875737 3363.173649038052 819.8629120739297 4393.547810811503 619.7448830217054 2776.249854230164 1824.361058786073 2673.3824997597762 1966.871279176995 4937.294066836503 2355.8421231342536 2924.6415983940688 0.0 3455.972243992885 353.17223527367685 2848.552938849344 524.2504831163217 1692.3645915687011 4357.429006804767 1365.4699418189718 4014.252184629378 1334.1360076233507 258.60076892418977 2540.3453591953908 3023.455379980882 4007.1752728724005 1432.1795987974351 3731.6208656164235 2497.7048767765586 2355.147882499459 887.1085758735951 2712.408301018125 4324.581454959632 3359.7099799852895 2372.9258888853888 3843.620724731035 2691.859089163079 2515.5649242411946 2785.7582052757734 1911.9407859217083 2246.733819826314 2498.649452188193 3643.413865087708 3240.2831170073673 2044.3587838863189 4740.615378530051 544.0212309050968 2782.5731470934684 1360.4325742373069 3396.279962919672 2251.3810100973387 2355.1989000488293 1886.4163370158044 2218.163635390001 716.854372560353 2679.712458890158 2084.4191570620146 1089.0436278085244 638.095851913961 3780.7579805601545 1426.1856587316745 3138.9140199917174 1203.5606693398572 1260.060799875718 1646.52246203102 2411.6878483904197 3992.748150271282 4063.9111691894295 3295.9033676427803 2164.7464357902472 676.0938200390962 4411.188876076015 3921.207627968039 729.6262668246452 2438.0661573296857 3946.1125466981944 1346.5209049628352 3408.9414690877525 1371.0525313057506 3019.8901120434634 2275.347661388902 1266.019467406493 2334.4106212557203 1997.2917691840835 961.7513404150974 2341.9631139294825 2154.8459067608874 2354.5166420126584 1637.2237067669516 3753.210586967225 2595.5847974568333 2393.1047052452504 2272.1590978828694 2031.462163135541 3046.2713149046094 2181.4943914920673 2667.594497448899 848.4506628543921 1566.9877696896237 2308.7996166677717 
3410.197551451321 1169.3475261529818 4264.527281199006 3966.2336314532154 4036.410437725778 3227.4155183686044 2081.3872843105573 812.7504619877238 2921.4119061376878 1627.8994751151567 3411.96596696653 3366.8326888942274 3455.972243992885 0.0 3746.069342619877 3471.1335918365107 3262.8302335010476 1897.182443913544 4331.900192461245 3133.426646178824 1181.634551431638 2493.4494105610024 3713.747585956748 3644.5638455684475 1307.6556106985063 3887.900786630132 3907.956197361709 2172.6903858145397 4798.5060797873575 5475.427737311267 4332.226597140505 1139.9874990749242 4735.5158048784615 401.14797612654087 1683.5584817246074 1328.569664214493 4285.312415899532 1027.0581035687017 677.1423481135456 1677.2384508873836 2430.882515702165 1218.006263683717 2398.0870346283396 3469.8533791204472 2167.1548296320025 4772.423076631322 3386.3572972590364 4059.5292575360822 2389.9912200153162 4642.928234316297 4173.850490545988 1140.4625164422246 1618.6953814317476 1237.8307003593668 3878.8771428093883 3725.902402979209 2468.3503531921156 4155.983074768107 4088.8653604113883 3484.3341961795854 2057.6113088755073 3961.989849731324 2330.0815979253684 2742.4518935548067 4936.04494597284 4555.737922783146 2867.6104542208896 2637.3202815734567 2847.024458509978 1732.388700209726 2791.6736022535247 1736.7748755564387 4415.485220473978 2829.8035086602436 1071.8632597260394 4220.169688112406 2350.280466078415 3399.018185528969 3800.302547111588 707.7093952925635 5490.027547291289 3414.431364202433 4888.532782014833 1688.2950352765338 2676.4745418840416 3146.6914910601354 1750.0286364421768 3808.2133707633966 3771.02047324471 4579.454295517093 2815.177618451856 4757.567846297947 4318.151873212085 2948.8750796848885 1978.421797111765 1299.1270886642674 892.9852160213803 2627.204029295029 4018.4680251517398 4812.390349291063 
349.8182139355793 3702.8023521838604 524.9805995529899 4720.967566565655 290.4638714072218 3100.34332519052 2175.5789701922185 2950.696058919951 2299.646692302812 5254.323796156857 2660.403912130877 3244.190799565464 353.17223527367685 3746.069342619877 0.0 3160.4904526383993 575.2157804613051 1925.522341800941 4667.299966672127 1684.1013581902748 4347.140671583708 1687.2737677145667 232.549972501994 2831.534942885726 3366.67508833124 4327.712495075917 1632.8714031932464 4084.684284151484 2640.0895115352423 2297.290198692726 692.8840364723558 2940.1722092239365 4609.3433590915265 3670.2138116311503 2555.672704860901 4183.722189829987 2926.8160407590935 2778.74584909501 3082.9127642056706 2243.7512092367137 2328.9737463220963 2734.1296659895693 3996.1559134647096 3561.297084577538 2397.524579270909 5041.177247279594 841.0890240998616 3046.5510293241164 1532.5548056878827 3638.2209914155783 2470.5149951642074 2626.806432786535 2205.6723775019013 2511.649606895139 825.8670138432868 2968.887693225311 2165.7796952964036 1162.4556396366095 368.2227972507998 4112.537112549476 1693.9703846595717 3426.6724290811508 1540.8465108085793 1350.7267719227448 1548.3221270401723 2586.378956826165 4342.639864005389 4416.4299308822365 3640.3818247246422 2357.352947728603 955.7121161401292 4753.204272493672 4209.2800430676025 939.5400063528976 2750.200614264451 4247.461386920068 1533.5175854943573 3736.716540042271 1589.7275281032169 3273.8272300763074 2183.1944067013005 1168.1325911105591 2436.1734655633104 2336.068269026507 1145.4021478381019 2664.178522706625 2501.762959917093 2623.81222711425 1877.3444461895958 4021.287795794492 2935.530767396722 2529.93111687665 2471.604854596576 2033.0505082573175 3399.303609263042 2490.4457409317624 2982.757533367497 1118.9472834160733 1756.3341378127216 2423.0320447361323 
2919.7135825119694 2487.9913163605984 3382.0808221041057 1599.7251112473064 3323.9753598403017 244.72280631332958 1747.1426179080113 3175.7218025179427 946.8421869478195 4125.084408369397 510.32205647180155 166.80692445408388 2848.552938849344 3471.1335918365107 3160.4904526383993 0.0 3212.4697640835425 3120.9345309955193 1508.9163269818107 1483.486314401238 3083.0127605510515 1828.7336086842588 2943.976651971645 452.7852392791542 2205.105375192509 1179.213529620407 1789.4827116529905 1957.1828902210905 1870.7257996229193 3160.3143032754424 3181.11649070073 3657.871562674803 1555.9024131201559 3109.9121906892924 3770.7846049025184 2766.525391966882 1042.8904035597618 3240.13961745599 2995.066841966818 2228.8224479285823 4199.6810633288305 3473.0341181568474 1683.0750542053597 437.5050213873143 1484.300047996508 1903.1099186219851 2319.5486554196887 709.0619600941116 3297.5093234567885 1178.2370993348093 1267.604703138519 3084.2339958339353 2415.823981553182 2804.1191017632373 2512.8559684532283 401.6009721166904 4087.1957037716197 2440.647229852664 3232.065381423579 1055.291913759873 2829.389035568278 494.5264274052485 2253.947830108104 3526.014639591987 3100.16434874967 1608.5215359609592 1697.7355119633314 1952.3745907394496 971.8470985531607 3588.986303205874 2759.451433279734 3110.469598236385 1152.4049668870302 2984.8027074944835 2642.08137070165 1113.0037721191168 3230.3318688117083 666.712961169466 1755.3270833996899 3611.254738784373 3318.705073438294 3939.24660384611 2150.873554432559 2097.1527902529747 3113.7360237021276 533.4146437559958 1877.5792797412423 781.735738199594 1464.2425079503748 1160.2982303352667 658.2501591743451 1903.8785572768575 1423.0163301798707 4331.906008117082 1601.058955174551 2607.3866479289345 2682.180298781896 2779.6522278018924 1762.8998184075824 2061.2504638704677 
415.8335533036496 3348.904652342215 1082.283663669261 4703.649520581606 835.6355903558505 3110.1904373339307 1933.9129778186405 2454.8776558784602 2287.715939833965 4816.101519951864 2741.582135143986 3269.237278719234 524.2504831163217 3262.8302335010476 575.2157804613051 3212.4697640835425 0.0 1394.161887173497 4714.505944192529 1745.170829224948 3960.2710344631914 1514.1438634473354 692.2376396395306 2947.396732751092 3034.9533192085773 4339.901296065818 1936.9102810413428 3850.400660941415 3016.098338061853 2840.878264175278 1267.101014021033 2393.9640508845937 4728.980324241469 3225.811896785036 1988.0246468727137 3827.818300028855 3163.362183417276 2266.6193366138446 2617.301877474005 1882.8524748544335 1762.4951596274404 2195.138171911779 3801.449899691032 3577.712071891329 2199.5702150576158 5115.45633325918 1011.3842282561742 3224.616260242333 967.8701955037592 3857.5241126651126 2737.9603990991477 2126.909559547607 1805.7622247186926 2047.28832700716 1239.5703093215002 3088.4328955866317 1599.151881448973 1610.125719759326 941.274529629698 4080.208701168095 1209.68608047831 3545.6495095973446 1236.1973259497322 778.1405344184296 2106.268245260167 2920.4958019246938 4191.544180858342 4224.2753602458415 3542.3696695012145 1794.3776589905365 567.3663401629557 4402.9336091841615 4322.282104949299 439.86847297980916 2320.1392013554373 4323.345881397115 976.1128648022489 3724.9653849931233 1867.5447039124897 2747.831582568737 2741.3206294217857 765.2468996472562 2858.4141921555415 2001.2942984471174 598.2826130037191 2687.5096077139096 2209.190536681915 2794.366539750184 2115.26468175232 4183.981890953065 2875.1057389563157 2912.8941680314774 2770.36392798666 1511.0301589937653 3170.7342509744913 2057.704133011056 2556.541125739397 682.5370214256257 2075.140860009829 2831.966924580972 
1621.2123946713446 2236.5590442188363 2450.3096070029796 4306.314649297507 2209.372842432357 2931.7300312701122 1392.0480645163864 1084.6771591808035 2219.6047841322184 3495.823560797671 2792.3218180299386 3105.3817384405074 1692.3645915687011 1897.182443913544 1925.522341800941 3120.9345309955193 1394.161887173497 0.0 4472.483108658174 2013.6565261475985 2746.69148976785 1368.322117606788 1946.1562548995116 3044.8543640543603 2002.8469408320877 4038.6212422661283 2624.8571372777697 2989.086916372538 3700.93110904121 3966.6185025163236 2575.6470274996113 1020.1535230121927 4662.105726404983 1922.9646054985283 755.4476968722381 2684.653635914804 3510.9652231508812 879.3659553613389 1295.3929077001605 994.0120740744409 1089.8127912031907 809.1691905238938 3040.106203171044 3355.7267071508545 1687.1782368088755 4915.949832792359 1820.2421735782661 3429.1532644611075 499.1006692150397 4095.734295021802 3209.985782293944 759.0930646658209 812.6617324399643 772.0610153563115 2276.912741400645 3173.972414598306 999.315132291388 2621.909274632298 2288.041415473674 3691.384310030422 341.78807508122463 3573.8155108888045 955.7746322012156 865.1657735736608 3311.0245069524512 3518.9523501256376 3506.163695899993 3438.2444507662985 3044.202510520724 538.6096237564225 1024.640196589415 3250.0319517979237 4266.716100265207 986.0122609808121 1107.5263893591023 4177.684993256747 453.8527960221659 3418.931538317045 2521.72907151528 1353.7719247118905 3922.5484701247383 1543.9504883304544 3665.3049582085787 1154.207090313213 796.2639660524706 2612.4673670966918 1426.7330082184997 3041.1589475225865 2634.3264799278713 4259.313699980901 2562.454001835719 3623.6482358620965 3307.4392679870816 1362.522883781964 2387.801830556677 878.2123390359349 1329.2871468232102 852.786397415128 2763.643310600115 3610.2910597394684 
4428.4440849023595 3181.009788197418 4868.03530016108 528.0083285524952 4822.968603726728 1609.393947552093 3083.9367727668196 4276.096425365208 2430.001799805904 4450.257657772012 2007.530219404682 1445.9636926471455 4357.429006804767 4331.900192461245 4667.299966672127 1508.9163269818107 4714.505944192529 4472.483108658174 0.0 2992.383740652526 3558.4733294726248 3281.192499864874 4448.6669180281415 1860.5584267810411 3037.792299135566 451.19575013285584 3219.7062855649606 2260.7577546256875 2929.1078472287527 4342.003742488435 4649.115848253577 4818.5517617577 596.0038433923525 3933.1012164655126 5040.572288444162 3245.3886073918616 2091.304234186856 4398.678357683461 4031.70080662259 3504.036436747744 5562.207398802754 4667.569760784616 1980.2136591811325 1145.3732848739628 2785.5086167222757 451.6305583685533 3826.904884460466 1795.5047367980583 4718.5360778968225 1599.375916739426 2514.2656958615307 4271.880259249267 3696.041189974141 4006.4875471260084 3993.210613298234 1734.456308823844 5466.288253209822 3877.32512414265 4724.82655061021 849.9520877382712 4216.734790113944 1310.957405180035 3688.3176686713305 4978.348443434543 4449.297514157629 2723.0126922298905 1606.031303178859 1925.1343231136887 1513.4980952568642 4884.19765094484 4242.471122301749 3339.4699052350334 669.6641786383334 4465.517473900557 3763.197931632293 464.37750438001115 4649.034285038487 1053.6174594688828 3205.4665393754935 4666.159359247106 4540.837832140963 5429.884384527182 3273.8286505060905 3351.056456619368 4576.22850397493 2027.068077422672 3089.7709316299783 2135.017585515106 2901.3820151679615 1072.4483783391343 1919.5933592432377 3007.1436126953463 2628.154801114044 5756.732425524468 2371.4549049499074 3808.6174828994735 3724.518317869413 4246.787227678015 3163.035799775926 3194.6211730750633 
1436.4524159164644 2591.4533103623044 1959.6130003039175 3037.919720127868 1868.5594651934791 1416.5518319333428 1058.316340996949 2531.854714744943 637.1137563488214 4315.914266412331 998.0381040196246 1560.642196051301 1365.4699418189718 3133.426646178824 1684.1013581902748 1483.486314401238 1745.170829224948 2013.6565261475985 2992.383740652526 0.0 3282.5141842245266 687.5734977281254 1475.1082059298262 1203.7878535426287 2228.3302749612244 2644.0319781695903 783.6407347830306 2640.1060380141867 1725.8848304025576 2399.8190859715005 1810.1403151702775 2844.3955470431993 2983.8223619868877 2889.637953969909 2758.401717051986 3033.859363767392 1522.2068409500698 2487.2762934320845 2489.1211294331442 1479.3137356088978 2992.7266815302114 2624.7743885189607 2483.3904114658003 1877.3733982819308 1076.481428870073 3380.2868946022368 844.8504200835116 1510.4262889773072 2021.390920206472 2168.1725560340637 1196.4200791228982 2305.5996574966216 1596.817318006601 2051.6465195637966 1139.1978633080917 1344.9485290719133 2855.0240193165323 1221.4655533186237 1794.473522150918 2434.1814518529977 1674.9957876473172 1800.9183646534455 1058.7959744653049 2169.160475546503 2017.8610921283444 1519.657668695457 2754.697216993888 2883.9345946719714 2010.1521849848154 2546.6665597476413 1353.3937775971317 3549.1801116654888 2577.230070885541 1577.2662750207226 2077.4807350514598 2586.1455026357344 1963.8212432126295 2054.4698517053885 679.4512093392461 2972.2751336937313 2461.1700781187083 2492.2682134200445 1764.429170211496 1445.7676913046646 1748.7751031586524 980.1243370269002 1419.4941494245459 1086.884146762959 654.3582689732608 2448.5883887115897 1289.8303000069377 1664.5707671809005 1299.2866260887831 3006.321729114629 1990.0867923777212 1902.8339819014009 2240.6495696875595 1419.1341638275876 885.8952360155108 1693.110876617957 
3997.3786517543986 691.0833403334522 4831.002586112203 3115.224361022889 4630.8823891775255 2846.9028251535788 2283.7264379850494 1766.1177396109033 2857.834891870598 1059.5271019705358 3200.8957258743976 2940.6162576849615 4014.252184629378 1181.634551431638 4347.140671583708 3083.0127605510515 3960.2710344631914 2746.69148976785 3558.4733294726248 3282.5141842245266 0.0 2791.68552871136 4256.959270010341 3384.909633439274 1054.4323069327106 3147.27848117649 4053.905454380362 1298.705049903699 4736.010339007568 5678.373169883528 4826.551089816258 2250.330641127547 4049.571194310816 894.4257540399218 2757.914118309475 323.3266308688703 4057.2153879231755 2001.7208392426173 1483.6034058394853 2103.4515511350764 3505.8392679028398 2263.9883077514555 1588.4151426636927 2936.6535195390916 2206.0626581250863 3967.959113107905 3790.085870694083 3765.5569692661893 3238.7169468198554 4240.31856531022 4078.774161159771 2034.0579711741398 2155.576502815261 1977.10634857442 4261.217520120792 3425.083045390747 3514.628845752403 4461.232119036248 4646.8446701516705 2756.411283862641 2784.377296959858 3530.4126998327774 2810.837918110774 3608.3869676134973 5268.173288767571 4472.095971278286 1970.4288793045928 1678.3260084316044 2229.8594477694933 2752.2392507408163 3417.597185675574 557.7389166772205 3796.5121323309645 3522.963240723649 1658.1593654827489 3557.523043009383 3183.3814328595913 2794.6427205235877 3955.2016253550814 1853.9362331953146 5743.32527272365 4284.541114089986 4906.639045766702 2020.8836961963837 3430.541179450365 2930.7590409810314 1912.0810424348663 3630.6414793362783 3835.016693525238 4046.236098130666 2495.793484097027 4723.056548107953 4239.060597401109 3981.5047869464315 1489.6470262374041 1915.749868377949 1424.7555259028466 3279.5615622867067 4133.320783844887 4821.077325146728 
1356.6534004332473 2111.1739509698473 2106.19979518025 3217.75385572178 1942.5595753883758 1677.4111571498984 514.0820060545129 1853.170708930038 886.9949798126488 3785.471528014848 1443.4787457382731 1847.6828258808002 1334.1360076233507 2493.4494105610024 1687.2737677145667 1828.7336086842588 1514.1438634473354 1368.322117606788 3281.192499864874 687.5734977281254 2791.68552871136 0.0 1540.5772139924852 1691.060690716488 1754.0695468265014 2879.356626317083 1425.2298154147663 2397.594130441978 2413.4581657853 2985.032173408102 2055.251956108521 2157.534826208716 3384.4656348233552 2285.5658698630677 2095.6244745970757 2582.094238466702 2144.426976212372 1800.6603934707466 1832.5411539754755 817.6552028517636 2405.098265121842 1938.6862293765148 2314.0538457480047 2136.0908149297657 710.3843510740106 3705.029411077102 1003.9965596436272 2064.6339371974314 1472.566998959767 2732.1516294081944 1867.8552386866932 1618.7692694995249 915.7249728726829 1368.6311105681523 1469.572977031537 1824.8497386323656 2281.079288854043 1690.663970061708 1922.6884256570715 2590.407538770547 1042.4889053049767 2246.6405224243485 431.73688871405295 1700.6778167688383 2492.193233619239 2204.5968122740533 2683.455333414224 2735.985105184541 2030.0261496164344 1888.9519867087076 981.9932533375857 3134.1526288949913 2979.728586351511 1196.8560062361983 1423.9537290112971 2930.2172738775967 1406.817493786599 2254.10685873383 1316.7118165211086 2289.675410411812 3011.659066751509 2169.173730437737 2441.791895848652 818.3364353940915 1295.0446162262351 1298.459448483074 880.0000121353978 1672.8369033813453 1340.7880046932967 2927.711504438904 1384.7166613079148 2351.301766564388 1980.3973191860189 2503.719768366667 1712.3687565314012 1229.125632645799 1608.5820048344642 966.8193078372541 1545.375341105662 2373.511952717228 
327.2929582203482 3600.2034645432664 574.5627172332069 4512.81687261389 406.6264871785172 2891.1829940772964 2042.5777678260304 2931.969842459382 2099.29718599458 5188.463793347852 2441.141298948527 3031.832508417397 258.60076892418977 3713.747585956748 232.549972501994 2943.976651971645 692.2376396395306 1946.1562548995116 4448.6669180281415 1475.1082059298262 4256.959270010341 1540.5772139924852 0.0 2607.2173185015 3256.4503224336786 4115.018125948637 1400.706800778507 3934.1404205940853 2416.9433023410606 2148.853135731445 630.070531505097 2966.2839950949765 4382.228921660322 3613.6539897044217 2615.6022849630795 4079.7672051949617 2694.3395539601124 2773.7808596671875 3042.822793780606 2157.5856971617795 2451.2182112037935 2753.7047286132183 3833.288985668285 3349.517232111797 2246.5274684151927 4818.580878132321 630.5823873339707 2816.252256735048 1596.9108466922924 3405.878793261441 2238.032987771163 2613.7446353327273 2138.5951924613983 2475.917770562617 601.328729604835 2743.837038749568 2288.016514978445 951.3495766147072 390.01164626678525 3908.4507528334343 1684.2624793722048 3200.8650818059587 1447.1807054099438 1463.510480924147 1420.2420145401165 2357.592854232224 4165.962221541909 4251.337725548607 3452.2978109285755 2409.8846083779767 934.0182040528537 4644.706083011352 3983.142202435252 973.0945202232996 2692.0673481674685 4025.492515939537 1587.7069491653688 3529.5772089999823 1357.187455791942 3277.5288626468478 2053.918340857248 1365.0629466784255 2222.579597546587 2237.0354948561653 1199.3363543928435 2454.42484594699 2383.3022602919386 2394.6077400824415 1645.4309930646598 3791.193453916044 2741.7266342830017 2307.8049998466017 2240.0798869322193 2194.913031530905 3250.1032331399606 2436.576962477879 2920.4514911595493 1105.9619842076363 1525.0305295737687 2206.06866812569 
2621.0225509292186 2751.6460979193675 3008.429240466801 2019.4030915457063 2970.974720563216 596.2012770078885 1740.5688193380831 3254.4691516052303 830.1565540102897 4439.899135918254 255.17576834236374 611.690763107587 2540.3453591953908 3644.5638455684475 2831.534942885726 452.7852392791542 2947.396732751092 3044.8543640543603 1860.5584267810411 1203.7878535426287 3384.909633439274 1691.060690716488 2607.2173185015 0.0 2437.1088974441777 1584.8023114821917 1369.3651318765806 2338.289923158742 1441.015789533388 2707.8902233967788 2789.2989666617154 3693.2386510808883 1785.1194122330571 3307.339949366899 3739.8243914602745 3077.458824124203 672.3120689135507 3286.8330011965095 3109.9502110112185 2241.112678846487 4096.102177157644 3493.840608445597 2079.973803086096 882.3393290926896 1529.9760881778914 2212.756308518864 1999.0434967383958 417.6128674903221 3154.837665839709 1060.545894804331 818.9608341141077 3119.1533391174394 2415.952153608042 2839.4213014647016 2133.1197563498627 141.16167520125214 3971.555418515078 2026.4903242087405 2868.0241138344377 1502.1466803784492 2729.674059406492 599.3151045906184 2122.32396586545 3344.63265249531 2658.7308604518385 1174.6098649620342 2137.3459862019727 2378.336496639499 1389.769622424874 3544.605688120682 2544.245061973019 3465.2923087806953 1380.8893819305774 2770.069970687619 2728.5898321709637 1422.2797694150802 3091.2598890328304 1117.2545281708408 1347.5789168131157 3700.5003437985247 2866.038435470541 3695.984942338733 1706.4677353611173 2131.209044992577 2925.073282719075 499.149864877849 1952.9480630682328 329.0398190817845 1046.389935789661 1250.9780210996853 889.1525935858648 1465.4880139686977 977.435416248743 4171.7536381820355 1896.568590948042 2650.665921531554 2805.8705324131843 2590.2373382943592 1329.2820480565674 1616.4755967724675 
3018.2417654177807 363.4641671726197 3830.5374421331944 2702.0642782144578 3643.1958290427974 1960.51465432346 1241.0798122815536 1332.8607313386424 1828.2044030439272 2094.2081645049275 2227.7267074967785 2087.1249398663185 3023.455379980882 1307.6556106985063 3366.67508833124 2205.105375192509 3034.9533192085773 2002.8469408320877 3037.792299135566 2228.3302749612244 1054.4323069327106 1754.0695468265014 3256.4503224336786 2437.1088974441777 0.0 2590.2518348686176 3001.684081731813 1035.4865990826142 3724.999563577813 4625.546264088285 3804.507530434007 1901.313443211678 3428.364023706793 920.8041763054247 2274.7635678309566 828.156546987192 3102.186846801374 1516.913769857957 1046.4636883382175 1153.6586820617877 2960.8587968174393 1809.813326972787 1178.2957618521427 2167.987283275816 1152.069943971588 3482.944671509358 2757.5963268300848 2840.0437171130625 2451.9236469060384 3383.3397124228295 3072.682898769565 1453.8618980544545 1261.1563766145075 1269.8656589984537 3220.1094033174872 2499.2131695654443 2924.6490098324753 3409.790656294773 3645.7741973672532 2187.98092437415 1939.4530732711928 2687.1789869361655 1828.0678153543317 2814.3265337313505 4216.830288553503 3465.610190718682 1669.1964415187617 1513.308629441212 1541.026682701225 2190.4039916464476 2473.3313489920597 1388.258863102799 3108.756212598329 2610.7458005564763 932.9706738004114 2912.72761137478 2387.3788531527402 2091.4181756084436 2902.187502638144 1661.0369343666366 4688.936415124757 3466.1016341415684 3876.276815316278 1036.4027436158603 2560.7344870536494 1955.154533838834 877.2387966532435 2649.3290586873813 2790.4655356411704 3283.728363213042 1564.2819056977212 3704.231993334615 3229.4008033873265 3347.219727777582 671.6069991520814 1126.3478190013257 782.1971611428647 2355.186517412544 3083.9845791591406 3792.3374162542123 
4072.572614299749 2743.0440523472043 4561.0923798856065 444.5059326410892 4499.417723348855 1232.422942071547 2654.786778757433 3824.9950825419482 2052.9322811183424 4070.1964002554505 1689.4862294124616 1083.5222608279048 4007.1752728724005 3887.900786630132 4327.712495075917 1179.213529620407 4339.901296065818 4038.6212422661283 451.19575013285584 2644.0319781695903 3147.27848117649 2879.356626317083 4115.018125948637 1584.8023114821917 2590.2518348686176 0.0 2953.3439351663988 1849.231184130702 2810.8477262429587 4198.317037720601 4359.181728955555 4368.158611483441 910.1759019829301 3490.114403580779 4595.619925706837 2830.111112334057 1944.2515800433155 3948.577205441787 3580.6508946620265 3063.9081521868943 5127.627439025794 4218.476524577366 1560.1893979069991 766.8977500361415 2353.9257409522206 902.3622326071862 3487.072476692122 1614.4460797863453 4298.932106255393 1594.4790650967989 2319.524430796293 3823.016297181079 3255.5754295295555 3558.8461049120974 3691.9803145190735 1475.5589066883526 5034.90255098675 3609.313044881318 4410.01384226403 403.73589677113614 3790.4900916807956 1118.0216355563934 3277.161279346015 4568.633199487972 4232.400404333778 2580.3830503008285 1231.6786471304424 1556.9635395111034 1062.3478321871828 4441.898640179297 3851.0748858208194 2963.2285291696567 761.1419657898377 4071.7848029609318 3312.8108138742714 481.0652879053278 4228.98657368372 627.2506564874715 2926.6321238736164 4215.19541801739 4382.068690112116 5040.992104787177 3140.060195378285 2909.5574340597313 4172.1451462271 1665.2123698853254 2646.113695081439 1889.6721005152367 2629.206196746201 1140.2186353698596 1501.6668029930092 2875.260435578276 2451.380318705268 5335.742278880551 1922.3307989553077 3361.3792990451025 3273.332359120235 3846.1432802010936 2912.9986885898143 3055.7359514811433 
1535.4474138259811 3363.665432844168 1689.2512459223378 3384.7282302166373 1699.9058722162717 1827.5858129436867 1840.448169024484 3275.84946190902 1260.9653565909334 5093.532818029309 1292.1177745231005 1920.8023243795114 1432.1795987974351 3907.956197361709 1632.8714031932464 1789.4827116529905 1936.9102810413428 2624.8571372777697 3219.7062855649606 783.6407347830306 4053.905454380362 1425.2298154147663 1400.706800778507 1369.3651318765806 3001.684081731813 2953.3439351663988 0.0 3322.513275854345 1105.0298160966197 1624.7156245892702 1440.6188946175798 3538.8512387294445 3063.1267652540796 3671.9892570018233 3380.2278088374637 3796.112769144422 1304.9680040375986 3209.03551167289 3254.8844431894245 2240.017001745626 3487.396161699939 3315.304697818671 3130.749074801653 2226.261224914301 1850.780040987178 3544.027004535685 935.994462271357 1473.8622671011133 2511.760335869615 2018.4479851793858 839.8529193758217 3026.9048472990594 2338.8819803560536 2788.249139527603 830.8484335917633 1487.2849716706494 3335.2998388583424 657.917315687609 1573.5248171293663 2838.4352480229522 2284.670573127364 1916.7056687668955 1713.5359833808911 2559.392196024964 1342.9446999830259 984.1274144554485 3329.6389121296656 3505.642678074448 2559.033241835409 3162.878798347657 1753.7169446129385 4295.78747352192 2679.8311539664974 1945.0700962212404 2844.3895106764608 2768.9241919343676 2467.409280531359 2446.2206677460604 108.5725088423661 3707.396487994189 1704.9050230135128 2695.591406407173 1041.5215578408834 2220.013911674009 2164.081071753243 1431.4648542566836 2203.132985257952 1086.3434985814758 325.24454414559153 2439.715487222078 1860.7958085186385 1014.1740360758776 841.8593679598716 3388.5929881383063 2707.3570254325687 2654.260098021196 3016.5537429434607 1878.5163311995864 143.4811649948644 985.5271686016537 
3750.3537862807193 1008.9465855696776 4491.390561980126 1831.763870208974 4338.392416134006 1749.0092693693928 1921.334791539968 2362.0030038997284 2062.173899008699 2248.6887519870456 2213.8445518281546 1796.9332685025925 3731.6208656164235 2172.6903858145397 4084.684284151484 1957.1828902210905 3850.400660941415 2989.086916372538 2260.7577546256875 2640.1060380141867 1298.705049903699 2397.594130441978 3934.1404205940853 2338.289923158742 1035.4865990826142 1849.231184130702 3322.513275854345 0.0 3769.4383698661404 4906.715390310931 4404.020397031466 2929.6963749250685 2754.065606546613 1774.8266996473099 3309.399846909378 984.7599759950713 2991.7053216507184 2551.830704992133 2067.9045952068427 2048.40401479471 3985.675210773213 2844.8938884823783 299.59979155588724 1718.7951386423526 1688.1155518532412 2675.704019721384 3355.9590441624437 2665.8362639227657 3404.5135718329407 3049.028861237144 3120.860024962033 2487.773804386592 2198.4203405196363 2290.492334987494 3757.4473427668227 2341.769421259964 3941.4924735000636 3859.199069725854 4310.110967082095 1461.9338684102365 2873.211281790368 2346.8981595157843 2614.512520865295 3753.3577168594097 4643.5842533151 3500.9051999544627 699.3163761320253 481.19071138787194 1007.7468753643636 3219.1051404289888 3284.1718678997845 1171.8362216542953 2516.8795287914354 3456.4130023057883 1961.3054784050494 2268.911458275966 3336.48111672838 1543.3230202051973 3241.4967201720838 2656.6863841681366 5017.4932534085365 4374.670145093605 4000.7107462756935 1899.2767755905102 3450.7978869955473 1971.6900391659474 1654.789191129622 2633.836131294088 3042.628045520563 2793.7692004098753 1504.7177255335366 3780.6377412426095 3284.8320391299485 4348.4146277506525 685.4671825663784 2129.9726550574824 1817.2707558693387 3196.977674650327 3364.7755992146976 3911.06174172487 
2604.696912403919 4068.773566343922 2550.2807616437512 3252.5209410619805 2635.095708564732 2037.1555795359222 2726.6517501964427 4248.154099805444 1901.8613587972566 5795.378649597796 1560.1483293786916 2037.0321764340945 2497.7048767765586 4798.5060797873575 2640.0895115352423 1870.7257996229193 3016.098338061853 3700.93110904121 2929.1078472287527 1725.8848304025576 4736.010339007568 2413.4581657853 2416.9433023410606 1441.015789533388 3724.999563577813 2810.8477262429587 1105.0298160966197 3769.4383698661404 0.0 1417.9143318450688 2249.169905560346 4569.400852791976 2582.9134265326434 4512.857926037464 4455.076181494612 4443.4134533857305 870.5846443462978 4212.170805603527 4181.546021558542 3188.956242561856 4591.26534552517 4348.950019900761 3518.266832195189 2255.8015178503547 2639.7252916773205 3134.468043205511 2034.260255448363 1215.0339429782623 3614.1086446245013 1390.3514671498317 658.1944425323866 4030.766535288517 3318.3011760925087 3773.46197124282 1815.6630544211455 1469.3511245937273 4439.817525877071 1491.5425061356684 2486.7942783803655 2850.7934631112958 3359.160668625066 1698.3708187084521 2762.5563163772536 3662.9776845560177 1691.9822299898094 268.614207663193 3568.4323573477313 3818.001390896438 2830.2113505525294 4239.33818723118 2858.595649070052 4871.54184539939 2280.231726213188 3049.411273554587 3771.8178653259783 2468.9870176161908 3568.1726582567476 2496.564032213154 1197.0666236725392 4692.171386859098 1629.6812321077634 3761.8458113826737 354.84799410335165 3134.1054247214925 3269.1108832670207 1818.7851677541282 3048.9624275159576 1135.6131243617388 1075.0444034437446 1923.6648313960166 2279.384292977329 115.90239733480387 496.9516249680181 4488.816966520772 3272.8358824216543 3617.0958337468246 3910.880009027618 2980.9049030459637 961.5566383383419 293.0165359923399 
2454.352907621952 4987.890750505353 1939.5138716438357 4642.5560732975855 2136.9551794165286 3275.859952936494 3442.985218968031 4786.7053589492725 2863.8832266273967 6715.593788767831 2741.4066041709757 3318.8728518558764 2355.147882499459 5475.427737311267 2297.290198692726 3160.3143032754424 2840.878264175278 3966.6185025163236 4342.003742488435 2399.8190859715005 5678.373169883528 2985.032173408102 2148.853135731445 2707.8902233967788 4625.546264088285 4198.317037720601 1624.7156245892702 4906.715390310931 1417.9143318450688 0.0 1645.9231877348302 4960.396948551987 3998.31493539911 5266.782523502392 4693.429613684982 5420.347481008651 2258.495146144118 4683.848078682392 4807.075056705143 3798.3867775221534 4598.215356830168 4737.291201975862 4692.315114533661 3580.0960048598786 3473.8207870352476 4551.9331081155 2153.6176522283886 2584.144620296168 3704.5742198471908 2803.7021585955713 1898.1333443420574 4505.73014066369 3867.8289954096576 4297.145802239778 1691.370141154252 2775.670672140983 4435.253042985357 1349.0277687694872 1984.2543282153108 4194.618761356332 3650.759789816317 3080.3409086392944 3179.1041858791796 3609.977769769566 765.7471425607473 1621.767205847236 4827.610565674616 5040.516161085525 4060.834942328764 4478.601302457189 2958.7466709158875 5914.631309256042 3697.5002282345686 3072.0246244598607 4403.689121129037 3879.773091174479 3682.603479174435 3819.4517140162166 1723.3601282017767 5194.806254163939 246.28392810026983 3445.467602635867 1068.434259065037 3801.288807718587 3308.459763826527 2950.164376838128 3812.446333697033 2378.879830524159 1869.6248194531656 3340.3515912283397 3410.53441711885 1334.9612692092446 1753.0806518181153 4330.337743468107 4317.078059346057 4189.569269552838 4593.588141842978 3123.675898356009 1554.3858564398988 1147.686953032695 
954.651921533382 4156.790866217602 312.97272566376586 4779.33133242693 491.56451932083826 3174.094472465702 2568.898040673123 3556.938776670884 2445.480245890449 5781.423589580372 2671.167130800474 3293.7171054761334 887.1085758735951 4332.226597140505 692.8840364723558 3181.11649070073 1267.101014021033 2575.6470274996113 4649.115848253577 1810.1403151702775 4826.551089816258 2055.251956108521 630.070531505097 2789.2989666617154 3804.507530434007 4359.181728955555 1440.6188946175798 4404.020397031466 2249.169905560346 1645.9231877348302 0.0 3595.641761190945 4503.204365561875 4217.447215779065 3235.0574352117465 4632.298760417208 2721.922144673929 3402.264224234516 3658.5274640970456 2743.0724715588312 3020.479587861102 3383.584936095823 4273.856461383444 3609.291600136835 2735.3012525120103 4982.9789442799865 1055.0826252950023 2913.8177865659222 2212.6701388717793 3429.130268829722 2248.400619447522 3240.6885003524185 2740.645554849672 3095.226804589511 676.2941433146065 2914.90977389493 2857.4254258019405 802.7080990848098 342.8544043353289 4202.152340234938 2313.144117390264 3353.83921348185 2034.7650755276268 2043.5989392685785 881.9667164363963 2260.848105746834 4564.081922238342 4682.674078713522 3819.129580943096 3032.2338551962685 1563.191388548543 5188.568700334093 4120.342599885577 1597.951763137125 3297.6726448383806 4203.51945336345 2208.0437352444237 3812.513386422182 1444.5023812043905 3906.9961353764934 1509.367684874143 1802.7499955547544 1982.605346069482 2808.0575358154033 1818.458543278788 2744.4353735565037 2927.2874782965264 2523.5367368757984 1750.0539175592585 3874.528124976723 3098.224260038296 2133.601374245621 2204.5519764262444 2704.291363560904 3728.856478816339 3046.1344889171014 3522.062262916373 1735.5267130805335 1523.611569651439 1991.336081036762 
2641.068651018622 1972.6546264844983 3463.8971326793285 4548.884152809979 3220.7788975514377 3434.2311572672415 1953.594638496007 568.4614152673846 2873.9300880528544 2753.0429708970755 3439.364390843029 3599.73530301227 2712.408301018125 1139.9874990749242 2940.1722092239365 3657.871562674803 2393.9640508845937 1020.1535230121927 4818.5517617577 2844.3955470431993 2250.330641127547 2157.534826208716 2966.2839950949765 3693.2386510808883 1901.313443211678 4368.158611483441 3538.8512387294445 2929.6963749250685 4569.400852791976 4960.396948551987 3595.641761190945 0.0 5115.304326393332 1356.5425358745215 550.0719028394486 2308.0671812610226 4249.348275399398 422.0082068465204 863.5743603593965 1452.4737347927883 1291.4628924308195 224.38455797665705 3076.4377305538246 3790.2765375894805 2179.1208713149026 5270.171214776876 2806.803137096134 4103.895994473781 1436.3975173306078 4751.242105321149 4018.0947607436956 575.15777871233 1284.4510605714906 855.8897783637851 3278.403850337279 3805.676049760915 1336.5203086238516 3611.5275527067442 3304.825272187391 3981.5824776999784 1311.7882870672875 4144.825144783102 1825.5901733562596 1741.6314251570145 4322.863667269116 4361.905385579709 3567.680206410595 3410.392200429787 3310.2534458685673 646.9893999833793 2042.2823883008707 2804.4784914236193 4746.3843838789835 2002.3702624682323 1055.357113160791 4604.846233203592 1419.206284180189 3791.008659180223 3431.757324913502 440.8248619781747 4927.50998905184 2379.7667821460127 4576.73183446639 1566.542193345089 1798.4875778905778 3211.3078809223234 1782.3463014612007 3762.940288509277 3494.7805217532386 4817.784486031529 3022.8712727645093 4503.872977284673 4136.154252818544 1818.3030017876445 2494.3542288002377 1050.7102593954808 1126.0779339354265 1869.5692379059144 3670.765798886368 4513.9036231558675 
4406.052486856877 3613.755405470949 4748.096898436057 1122.1450045520403 4733.036851725741 1730.4624132478014 3274.2368041775685 4594.528617894645 2500.23475872506 4980.366421433273 1989.1215756763527 1556.7566321238555 4324.581454959632 4735.5158048784615 4609.3433590915265 1555.9024131201559 4728.980324241469 4662.105726404983 596.0038433923525 2983.8223619868877 4049.571194310816 3384.4656348233552 4382.228921660322 1785.1194122330571 3428.364023706793 910.1759019829301 3063.1267652540796 2754.065606546613 2582.9134265326434 3998.31493539911 4503.204365561875 5115.304326393332 0.0 4343.096210383853 5283.35046750986 3730.281738920097 1816.974398790987 4693.310942696773 4372.41365939717 3733.4623193540037 5746.615425635858 4947.482797672914 2461.185154383767 1326.453760926543 2991.316956178548 565.4338379404934 3782.1612213718345 1589.3909335092828 4853.1352267096645 1194.9610934967084 2279.495262801862 4552.134886246719 3924.6487509933163 4277.465640325638 3875.9827734051346 1645.114078805122 5637.783347923173 3708.3872383985386 4620.370941031505 1293.163030217151 4379.386487533338 1185.898351905217 3809.7219880832686 5079.812517040045 4196.740851228231 2412.5560380419056 2139.942633055059 2464.635302108254 1889.1340539376315 5111.528188775424 4302.681782429254 3873.2184610636605 407.58971090338207 4528.768737249857 4067.454342840608 516.7800363089134 4785.771659863034 1342.21695365181 3068.856385310557 5006.1905964624575 4212.55735945013 5471.266533292522 2936.8406377219117 3589.703453619303 4665.658476734215 2086.846848052344 3344.4124324019967 1992.821828635831 2763.6370886395785 660.6442945885033 2112.484610623405 2674.723879259111 2364.5874244476113 5887.8070750074185 2757.1066850466136 4078.162445939922 4059.1388539731006 4330.804179819094 2983.253729310628 2865.602736231404 
3325.5595801546183 768.9330602555578 4177.933910444389 3565.1137647916885 3959.8985616339764 2865.345527788274 1831.568342656964 884.671900653911 2617.973101200937 1590.2898333070457 3082.222126867034 2999.012765665082 3359.7099799852895 401.14797612654087 3670.2138116311503 3109.9121906892924 3225.811896785036 1922.9646054985283 3933.1012164655126 2889.637953969909 894.4257540399218 2285.5658698630677 3613.6539897044217 3307.339949366899 920.8041763054247 3490.114403580779 3671.9892570018233 1774.8266996473099 4512.857926037464 5266.782523502392 4217.447215779065 1356.5425358745215 4343.096210383853 0.0 1865.547760393963 975.0459729987557 3959.0796430365863 1121.1739476372552 627.8397946427935 1491.2597379988824 2615.106365065846 1373.1737952584072 1997.1439829595174 3088.6292918557615 1873.2906125954912 4372.719806285366 3229.479966007843 3718.8562401330496 2421.869947730473 4286.176751625866 3876.271112842812 1177.6284923871515 1476.8742086642403 1181.5138102760568 3719.1951994846204 3381.580810946143 2629.539264884393 3972.0622175672684 3997.642133057393 3086.4191767506754 2019.0478685251044 3597.2764665999516 2185.9834722704472 2787.412113732056 4766.328374546302 4263.4878698752045 2468.118087206834 2242.8197009733863 2453.968020566981 1869.816649940515 2716.9021686896326 1447.9805565254965 4028.6039787552418 2786.374379025536 921.6525221944072 3828.6206776953445 2372.9201163094003 3009.912832863669 3565.9688668787476 972.6419804014487 5297.209358621861 3466.206872412704 4623.994013855488 1467.2381693656287 2661.0153704341105 2813.0758148250643 1475.4848370729067 3489.1210276523348 3510.5395738005236 4203.104466441394 2458.515137506701 4478.661808930264 4025.426443716208 3101.188029536164 1587.5462099937438 1179.8010228260146 695.7995003519375 2562.139834632876 3774.462901665674 4544.929312139118 
2288.704085113465 2407.045794725626 3070.259710857045 4818.742381101082 2823.659563873827 3564.3688075284263 2024.0630730762996 1001.9256257834539 2909.681269729596 3302.1936608610445 3484.9924561491653 3735.899693810407 2372.9258888853888 1683.5584817246074 2555.672704860901 3770.7846049025184 1988.0246468727137 755.4476968722381 5040.572288444162 2758.401717051986 2757.914118309475 2095.6244745970757 2615.6022849630795 3739.8243914602745 2274.7635678309566 4595.619925706837 3380.2278088374637 3309.399846909378 4455.076181494612 4693.429613684982 3235.0574352117465 550.0719028394486 5283.35046750986 1865.547760393963 0.0 2784.5361696268988 4238.427747760853 776.8329713048872 1302.2672191782428 1549.9051413286652 751.2399422294104 495.18941570504103 3420.963921146636 3960.1767458112663 2293.9860948689625 5490.340235612657 2560.9215265584253 4135.827966954586 1023.2643242450862 4798.401293149696 3954.2125429133125 821.9925437410487 1359.0537464856857 1050.0703923560613 3002.3240737145693 3863.426795024293 786.7265586210476 3356.410139353533 2923.892697423829 4225.124055982234 1096.5893942450905 4241.408525013998 1700.1490469820665 1269.5310945271829 4015.0852029082366 4269.984383560069 3907.800477924138 3784.0326547269133 3558.4280432417995 217.99039798745997 1734.8339015170227 3305.257753905822 4898.278536740863 1643.7162093927925 1353.4754587536308 4784.244234144086 1027.916296150048 3992.9755668883076 3277.1741361063855 990.7679277814841 4636.638551087774 1869.63585893011 4420.442932047331 1695.40787733058 1416.9990136957163 3284.257560328371 1951.223964585724 3761.636284060117 3386.3829945366665 4925.16689761216 3170.9097845604397 4378.574143927661 4055.8620407917488 1268.4451456406784 2799.911467460281 1241.185674269525 1497.5933660565966 1570.3235442126552 3519.0888625499556 4365.695252779451 
3834.3480771288514 481.079219458901 4654.233129244127 2810.94608808898 4462.983932829976 2532.096522056141 2068.7478287674635 1782.6160613130503 2579.808429732628 1362.6054344185532 2899.691679943175 2622.2889294003903 3843.620724731035 1328.569664214493 4183.722189829987 2766.525391966882 3827.818300028855 2684.653635914804 3245.3886073918616 3033.859363767392 323.3266308688703 2582.094238466702 4079.7672051949617 3077.458824124203 828.156546987192 2830.111112334057 3796.112769144422 984.7599759950713 4443.4134533857305 5420.347481008651 4632.298760417208 2308.0671812610226 3730.281738920097 975.0459729987557 2784.5361696268988 0.0 3749.5806294105355 2011.1333831114764 1483.7715321231801 1948.7328600397948 3521.183439761588 2290.148727514169 1270.0397355138484 2613.935600888263 1960.31743937699 3659.449034644574 3585.7340526942467 3453.3322591884416 3164.886684741585 3920.1222511453807 3785.374896478315 2014.3778368038866 2026.3930351172307 1913.8920665900625 4046.8956567781165 3113.7138620814094 3514.9486913142346 4229.258041723809 4469.517469981886 2437.2449160356346 2683.151188786168 3210.1415098667553 2642.892307971535 3534.063759537457 5035.894852267487 4178.093844259353 1668.0052421938083 1387.8361286377958 1906.5893149589845 2753.457678805487 3273.526969782648 575.5589191561883 3474.057458409323 3395.755357510848 1577.7984591224672 3236.3512881129086 3105.4592835667163 2471.3348221424235 3699.8323758303736 1945.2865537388138 5493.778652123884 4203.149010207462 4623.751029518998 1847.6778381630938 3322.9069905702795 2631.303653771259 1705.0794508962065 3330.2344208728905 3565.6742370130983 3722.933157099907 2189.246218497691 4434.016063055383 3946.759039183231 3969.8031533213107 1180.9912151631684 1822.2711485873028 1357.6051929338394 3145.3162541951237 3869.669590409309 4537.294721658878 
2787.7606266077237 3421.498033302409 2986.8859352221784 2387.4220882772574 3004.8661932549267 1243.173350298463 2305.7048830672998 3846.1399977658857 1388.4649412628848 5112.088241871075 877.3004113828512 1208.7903934510182 2691.859089163079 4285.312415899532 2926.8160407590935 1042.8904035597618 3163.362183417276 3510.9652231508812 2091.304234186856 1522.2068409500698 4057.2153879231755 2144.426976212372 2694.3395539601124 672.3120689135507 3102.186846801374 1944.2515800433155 1304.9680040375986 2991.7053216507184 870.5846443462978 2258.495146144118 2721.922144673929 4249.348275399398 1816.974398790987 3959.0796430365863 4238.427747760853 3749.5806294105355 0.0 3856.0158105117152 3724.864381636997 2803.6382441496266 4513.933224407198 4040.698312742 2723.3438072412473 1397.3040658132325 2135.85833768593 2341.6659120392496 2156.795764554417 348.71002191069084 3543.5688182331523 713.5093772810637 473.5721223861215 3681.8049778687714 2964.9895957157373 3406.51872054581 2135.8099573402073 649.9370604338995 4377.126942282603 1919.565652067772 2877.4984368704777 1982.6508058866764 3178.8392928167855 828.520750519512 2558.5400040158643 3678.410159773645 2381.932364096077 637.0943262744354 2727.5521471477864 2992.519600676852 2014.7344239605075 4033.1677667457384 2855.0985463861302 4130.710293711475 1469.4407896696912 3073.016712959793 3331.2316854823735 1627.1722717778403 3485.96124865049 1636.4895464100546 1337.511596456567 4294.970731123529 2451.2195098585657 3928.4076887296083 1196.0139411551368 2711.6529493276876 3260.1697272205934 1148.5209668595214 2562.639350632453 487.7731979983167 1054.794574945408 1165.768105856221 1561.4346599912353 931.0176683781879 548.039644359807 4518.371725299972 2568.782685124517 3226.5659387293076 3428.371866664397 2935.7107489554796 1201.964675394346 1112.4792888088652 
2456.870655295816 1630.9314866411314 3302.893653571033 4135.514849497949 3066.7369957092383 3014.9223677566756 1552.1233230156743 236.56309964569292 2473.62577179492 2646.12957162821 3033.9953585005846 3179.702340660722 2515.5649242411946 1027.0581035687017 2778.74584909501 3240.13961745599 2266.6193366138446 879.3659553613389 4398.678357683461 2487.2762934320845 2001.7208392426173 1800.6603934707466 2773.7808596671875 3286.8330011965095 1516.913769857957 3948.577205441787 3209.03551167289 2551.830704992133 4212.170805603527 4683.848078682392 3402.264224234516 422.0082068465204 4693.310942696773 1121.1739476372552 776.8329713048872 2011.1333831114764 3856.0158105117152 0.0 527.3618572211114 1052.4175343017182 1510.6687907673659 293.19296254148304 2682.4851554697234 3368.3831736581947 1765.4980455604443 4850.308196563455 2538.0284423462826 3699.7018522777616 1365.5578543761949 4342.423693015383 3643.2124704148428 182.23428290755052 898.1696570138153 449.5247083714427 3022.733935374578 3396.596843348147 1513.0087280687367 3337.486770264996 3133.8879732681344 3563.5500631231253 1089.61239836952 3728.5313658645773 1510.6398930833152 1715.4796337300158 4079.3433522707137 3996.268225625146 3172.901205470469 3030.220252412757 2892.169524003457 750.560645258939 1839.827161237731 2541.474396247009 4324.8082565419645 1844.4844391219526 636.7368141145605 4182.8551106677405 1328.8614783531457 3369.4116190231343 3100.864284236488 512.2666221892075 4667.561970282112 2387.7054183580753 4238.76400929423 1155.910402129438 1671.5503378206365 2800.899981340951 1363.0785010738282 3368.5399826611942 3141.2663743411204 4399.494908622391 2602.5061207145354 4151.750083058097 3766.949948256561 1981.0629224498932 2085.922985022827 636.7319247652339 734.7166093133563 1668.562328317658 3336.295922284145 4172.335954215806 
2743.4364563406543 1113.8606510245766 3598.1420294801082 3729.2938286237463 3373.363074335591 2757.776177237828 1455.1027637897841 303.4151565286506 2340.3775105170525 2206.8353588583623 2866.0186601686014 2912.101467734411 2785.7582052757734 677.1423481135456 3082.9127642056706 2995.066841966818 2617.301877474005 1295.3929077001605 4031.70080662259 2489.1211294331442 1483.6034058394853 1832.5411539754755 3042.822793780606 3109.9502110112185 1046.4636883382175 3580.6508946620265 3254.8844431894245 2067.9045952068427 4181.546021558542 4807.075056705143 3658.5274640970456 863.5743603593965 4372.41365939717 627.8397946427935 1302.2672191782428 1483.7715321231801 3724.864381636997 527.3618572211114 0.0 1015.1877289234262 2037.752238376822 810.0716463375919 2224.7475479834798 3062.7421302462612 1589.0413583891411 4481.756312654796 2709.5816904319827 3527.5591977273416 1794.4231312769666 4142.4316668336305 3573.2243567108185 553.2285292992947 943.1655742915121 571.988961392664 3202.099348444919 3204.9791320500017 2036.2154987279296 3482.270325860579 3420.832476479238 3185.035211239073 1407.6193069844246 3489.5150269770934 1653.1617615611653 2159.6034169884097 4259.748847003789 3946.893255826004 2715.6442167704254 2548.9592018221856 2518.3790616565307 1273.2606400291293 2127.2180793596185 2017.3564712957711 4022.7040870055694 2179.783800586944 411.6783747684532 3856.531242616192 1746.2237230001558 3032.3796719194747 3146.6551633106706 635.0858236738379 4817.234979057939 2838.3803017878467 4252.048020558117 1048.1552573846093 2043.154781083911 2611.7669785201433 1162.2433648919555 3240.02098536891 3135.5880662247496 4139.154074010944 2339.142861030906 4134.07849263647 3711.0165027080006 2499.099910168902 1671.387653805844 622.4641698963088 314.81863694452505 1966.1970022975077 3369.968934207963 4178.515797013423 
1893.9628999771028 1468.3051732817912 2730.3720083610765 3317.1260732257792 2527.56445379235 2016.8720784526251 501.1679197611677 1060.1043478990414 1422.3029170904972 3038.4959837106276 1987.011973538874 2187.5539998445347 1911.9407859217083 1677.2384508873836 2243.7512092367137 2228.8224479285823 1882.8524748544335 994.0120740744409 3504.036436747744 1479.3137356088978 2103.4515511350764 817.6552028517636 2157.5856971617795 2241.112678846487 1153.6586820617877 3063.9081521868943 2240.017001745626 2048.40401479471 3188.956242561856 3798.3867775221534 2743.0724715588312 1452.4737347927883 3733.4623193540037 1491.2597379988824 1549.9051413286652 1948.7328600397948 2803.6382441496266 1052.4175343017182 1015.1877289234262 0.0 2071.8288667155393 1253.6956139007236 2067.833452262328 2411.0243921836486 745.8341087413899 3951.571722479435 1738.8235225307908 2651.429010310476 1360.8900113582401 3300.017800178022 2601.480545850439 879.8601448121067 192.20343191425454 602.8963279489573 2227.976199576055 2355.0628948858966 1991.5470589644456 2485.957239110228 2546.7932471545214 2706.850536001066 826.251128782201 2707.802457072173 710.7272588899599 1705.1273339319355 3276.2415263170997 2963.403655909044 2522.8934098777145 2476.6186083419843 2053.2975127019713 1382.1085259606377 1325.0058043747276 2522.6604800078853 3348.9384247180274 1457.0872857297618 606.4136718604657 3235.41141925192 1291.7795927153977 2452.0687965091174 2131.714072493569 1506.8220118928866 3816.7958073555055 2332.899945800048 3243.7428218787813 160.30089509946146 1415.5502046727363 1762.8090237815902 432.7683589534825 2316.1280530891127 2130.3939898696194 3387.680419211326 1621.0052036816298 3135.768060614313 2730.7600205568187 2346.4316879766175 1412.023508561409 429.2649592272025 800.6877348340882 1201.8920315025832 2356.365421562293 3172.0332436487593 
2145.0008130698593 3125.80151887851 2798.1876606642363 5388.9549348698265 2555.9273880059513 4016.356075602329 2481.250794492412 1742.8171900193415 3281.665746810245 4041.6524878361483 3847.438415979807 4190.1139726278625 2246.733819826314 2430.882515702165 2328.9737463220963 4199.6810633288305 1762.4951596274404 1089.8127912031907 5562.207398802754 2992.7266815302114 3505.8392679028398 2405.098265121842 2451.2182112037935 4096.102177157644 2960.8587968174393 5127.627439025794 3487.396161699939 3985.675210773213 4591.26534552517 4598.215356830168 3020.479587861102 1291.4628924308195 5746.615425635858 2615.106365065846 751.2399422294104 3521.183439761588 4513.933224407198 1510.6687907673659 2037.752238376822 2071.8288667155393 0.0 1242.083074471723 4070.103267887142 4444.4497420004145 2776.989771866686 6005.7554211527795 2580.9682750154366 4465.30866987481 979.9422054304955 5132.800727400438 4170.17426932853 1519.74101390043 1883.4976561240373 1695.1953982547277 2947.3005395492282 4229.263480748695 163.34821185651901 3319.323871234033 2683.8452469755443 4777.263658049283 1371.5809155224983 4642.512220429709 1974.4108597476484 988.2386051513482 3868.724447098362 4440.86098211058 4548.249614563556 4451.632249627166 4124.992875334693 773.7231029593604 1735.4264939723043 4050.376071695706 5348.994772135766 1562.7832186720939 2027.8985105247034 5265.4514456211 1031.8336776272115 4508.621725533724 3394.2819394581834 1730.2447352481743 4503.6669755681205 1372.3729873154348 4498.839142850724 2230.4227337627913 1331.212239422685 3683.3459314234015 2501.5670723212643 4061.0740370749204 3562.4831952486584 5326.781514893179 3651.581862154022 4501.477124996892 4247.662083952905 558.3164849574395 3428.807554429159 1862.7724554218828 2201.874118398978 1611.307361009732 3630.751384142158 4456.886633163255 
2429.61555400708 1920.4970352710843 3258.688682850961 4415.154181583752 3016.9078553615573 3253.2934246745554 1753.3141250857127 507.908084453825 2670.7360297107366 2845.554493586504 3239.3169451021354 3420.7414002022033 2498.649452188193 1218.006263683717 2734.1296659895693 3473.0341181568474 2195.138171911779 809.1691905238938 4667.569760784616 2624.7743885189607 2263.9883077514555 1938.6862293765148 2753.7047286132183 3493.840608445597 1809.813326972787 4218.476524577366 3315.304697818671 2844.8938884823783 4348.950019900761 4737.291201975862 3383.584936095823 224.38455797665705 4947.482797672914 1373.1737952584072 495.18941570504103 2290.148727514169 4040.698312742 293.19296254148304 810.0716463375919 1253.6956139007236 1242.083074471723 0.0 2973.289687053803 3621.1252577151045 1989.9805859074595 5119.0427042364 2583.6773939401437 3902.3360667711822 1248.7140340966612 4553.372846975696 3802.1110253073903 396.17729432473493 1078.981235057407 670.9710192903095 3056.6685026942737 3608.691515699205 1260.2226448837498 3388.325917181519 3097.1548890527906 3837.046577419346 1090.5819391903667 3956.8903719882505 1601.8608732292205 1571.6156798217025 4103.008341674859 4143.275398271916 3463.298253654669 3323.0782793544217 3166.079537882497 514.4711018163518 1826.2256335488169 2810.3170852289986 4573.504988564469 1794.843980695706 916.6097144092514 4439.821428654292 1225.4946219172148 3631.7937483451647 3208.3184800609824 570.2426484909593 4705.897772491637 2226.1358053262456 4353.653806367545 1376.3309787978806 1597.4670293261838 3016.3147685253753 1604.966196733168 3555.18629195968 3274.070148169664 4633.3160834855025 2845.671006878408 4282.572295943543 3918.5017884526533 1737.1576702054085 2371.1252912133136 869.929211901201 1027.6596070186142 1653.274199510905 3447.559089543213 4291.203473467807 
3670.3860221034834 1229.1895626281141 4379.8263088766325 1573.0864249187348 4239.6080210030395 1485.4249405729754 1869.0020408216142 2508.544009720909 1879.5224354517184 2548.2749162884547 1973.0300061212997 1520.0502860652048 3643.413865087708 2398.0870346283396 3996.1559134647096 1683.0750542053597 3801.449899691032 3040.106203171044 1980.2136591811325 2483.3904114658003 1588.4151426636927 2314.0538457480047 3833.288985668285 2079.973803086096 1178.2957618521427 1560.1893979069991 3130.749074801653 299.59979155588724 3518.266832195189 4692.315114533661 4273.856461383444 3076.4377305538246 2461.185154383767 1997.1439829595174 3420.963921146636 1270.0397355138484 2723.3438072412473 2682.4851554697234 2224.7475479834798 2067.833452262328 4070.103267887142 2973.289687053803 0.0 1425.246908539257 1606.9327440187274 2403.513891170698 3237.2689509486336 2391.954910667235 3428.1542477009643 2756.169940777235 2876.234657051551 2600.713860031306 2233.132984002428 2381.705926501145 3615.4962224521823 2074.2706741429397 4014.68712377581 3692.3082430171658 4201.2082593700525 1168.05427652343 2892.4088029196237 2057.2222755174853 2573.6223775849076 3765.5362573835096 4464.138164556411 3250.335052064461 491.2703947236106 422.9130469512001 719.8240966029257 3314.1791814090966 3240.2142820542613 1468.4489495294117 2218.2210600582343 3424.7729310372765 2067.709420423889 1972.185914084588 3358.6702417947695 1244.9576769178093 3055.2180237113844 2834.779217343098 4812.677692415708 4364.947196395917 3761.6116361853983 1911.5499982435836 3439.7214263280976 1743.8180316954672 1650.2924095615033 2384.6255779887406 2839.499156798706 2494.4102663446306 1281.9064016169928 3534.741303843355 3039.697303609996 4402.51847283107 655.8555018231704 2207.433616539726 1951.475709352762 3167.1665269655236 3163.3598041069204 3671.5976075206295 
3305.966334557412 2403.3363539394136 3802.9575749892897 1170.5975278609567 3735.877439967551 467.5276078555879 1963.7335830095383 3275.1086680010085 1290.0458838394395 3949.31010310915 940.143609835265 318.0551794604946 3240.2831170073673 3469.8533791204472 3561.297084577538 437.5050213873143 3577.712071891329 3355.7267071508545 1145.3732848739628 1877.3733982819308 2936.6535195390916 2136.0908149297657 3349.517232111797 882.3393290926896 2167.987283275816 766.8977500361415 2226.261224914301 1718.7951386423526 2255.8015178503547 3580.0960048598786 3609.291600136835 3790.2765375894805 1326.453760926543 3088.6292918557615 3960.1767458112663 2613.935600888263 1397.3040658132325 3368.3831736581947 3062.7421302462612 2411.0243921836486 4444.4497420004145 3621.1252577151045 1425.246908539257 0.0 1673.382364867757 1572.0817298920679 2720.931695026729 1048.7672641938452 3580.5549276683682 1330.9310957189923 1682.2152584176383 3225.9119221055785 2602.7773964148773 2951.0180336149756 2938.065748945421 804.4591727560985 4342.322781139754 2875.938005389648 3649.1740408974842 619.8254472535995 3086.993773916442 638.8793141929244 2545.8213301143815 3834.45671908962 3536.9791158260923 2001.1071612293526 1341.3223912905014 1626.0606111338464 714.392111222095 3791.7963479425453 3098.1261693667316 2890.417674291312 960.3285495566158 3320.7291534336955 2745.474245580975 824.5195043484359 3511.5195516973617 241.08752644989482 2190.208113539689 3693.642356996701 3744.5299950220465 4286.541038174882 2553.6890851074027 2265.2065361186137 3431.1248873728814 898.3212315494729 2018.045103754899 1208.2341709082907 1901.073678045581 1120.9929080553438 793.7260147576891 2299.3688835387543 1831.864312611593 4619.046684733239 1512.145665840721 2751.7178887904734 2748.1762963193423 3101.4300998591248 2200.3648284507985 2465.054872284356 
2066.3965593596217 1515.0311147045707 2806.892301984637 2641.218301081648 2650.3613076499323 1271.0893203006992 303.6557766294883 1724.5477170011397 755.4085637185885 3242.7698994987018 1281.3809588523354 1442.06836009284 2044.3587838863189 2167.1548296320025 2397.524579270909 1484.300047996508 2199.5702150576158 1687.1782368088755 2785.5086167222757 1076.481428870073 2206.0626581250863 710.3843510740106 2246.5274684151927 1529.9760881778914 1152.069943971588 2353.9257409522206 1850.780040987178 1688.1155518532412 2639.7252916773205 3473.8207870352476 2735.3012525120103 2179.1208713149026 2991.316956178548 1873.2906125954912 2293.9860948689625 1960.31743937699 2135.85833768593 1765.4980455604443 1589.0413583891411 745.8341087413899 2776.989771866686 1989.9805859074595 1606.9327440187274 1673.382364867757 0.0 3228.817318599402 1680.8520908770117 1946.477638350589 1958.6517338765275 2579.3417857805807 2007.4928313501441 1604.1410659075786 935.149955586598 1323.4218201795786 2112.0840248485583 1634.1636059144378 2681.317772223265 2271.506117239045 2624.634203490665 2018.1003260530567 1439.4330053560989 1966.949032638131 990.5057460507833 2255.1158711395224 3077.214066544391 2391.982319717703 1994.1661096693076 2029.5932300142695 1397.821575011769 2120.2258248632556 1644.4834582166154 2487.245543596423 2604.3417107150062 1840.6669111592773 1199.6580822713179 2497.5802907413404 1888.0391427982745 1732.1419874802682 1750.5228370123234 2170.6263319265177 3537.5497733621905 2802.2286341692243 2757.1139721963254 613.6735004351924 1887.4928127825115 1037.5218081452954 426.7983217561816 1651.6292930107456 1652.634491523332 2644.149284398607 880.1031265916923 2605.7191422298565 2154.0019853835397 2989.436820930266 1003.583726386259 1129.2021082162557 1294.4069320900894 1588.764078172664 1936.935020671172 2676.347029899045 
4815.749370101663 3616.1784447217765 5214.971417974363 861.8192128529907 5183.546362932909 2027.8579848576326 3525.5064115310956 4727.317448689681 2841.065788207702 4828.47286180015 2384.8189288723147 1859.2546152643638 4740.615378530051 4772.423076631322 5041.177247279594 1903.1099186219851 5115.45633325918 4915.949832792359 451.6305583685533 3380.2868946022368 3967.959113107905 3705.029411077102 4818.580878132321 2212.756308518864 3482.944671509358 902.3622326071862 3544.027004535685 2675.704019721384 3134.468043205511 4551.9331081155 4982.9789442799865 5270.171214776876 565.4338379404934 4372.719806285366 5490.340235612657 3659.449034644574 2341.6659120392496 4850.308196563455 4481.756312654796 3951.571722479435 6005.7554211527795 5119.0427042364 2403.513891170698 1572.0817298920679 3228.817318599402 0.0 4204.083636908132 2082.6646591071267 5152.412621841079 1752.8428380807395 2791.9198283498536 4723.3007887188705 4143.690496411295 4457.521836139213 4339.452717626636 2078.7385994749525 5907.7685410691965 4197.533521176589 5078.690343285626 1297.5098555661768 4655.465609558591 1629.878150056668 4117.600301600045 5405.010971787317 4722.773193803601 2953.4409828750304 2000.6347285157028 2310.0441535282325 1964.1236524422054 5332.578970572828 4656.88337947004 3718.5613642868584 873.792839523835 4881.230507969154 4214.8157400529635 794.5072165681971 5083.271871227337 1499.5495744351597 3539.6984506421713 5115.948563232048 4762.67718736338 5840.554909041608 3486.9998034384403 3799.3687690822835 4999.289576206149 2431.932795419978 3539.2257629117344 2459.497415550496 3233.609453998263 1212.2977028651612 2357.4197165569144 3222.9672556290475 2888.97923688454 6190.9130551418575 2818.798902757902 4259.513100420274 4175.153706938856 4667.860797022455 3475.007036735846 3413.463467359396 
633.3396243383805 3113.3308905639037 1143.9889325704355 3882.7680812571098 1028.6260285460235 2261.3144632923572 1518.0324681349887 2655.6329390119154 1469.765155421698 4767.379247922648 1820.9197804036587 2403.5803241619706 544.0212309050968 3386.3572972590364 841.0890240998616 2319.5486554196887 1011.3842282561742 1820.2421735782661 3826.904884460466 844.8504200835116 3790.085870694083 1003.9965596436272 630.5823873339707 1999.0434967383958 2757.5963268300848 3487.072476692122 935.994462271357 3355.9590441624437 2034.260255448363 2153.6176522283886 1055.0826252950023 2806.803137096134 3782.1612213718345 3229.479966007843 2560.9215265584253 3585.7340526942467 2156.795764554417 2538.0284423462826 2709.5816904319827 1738.8235225307908 2580.9682750154366 2583.6773939401437 3237.2689509486336 2720.931695026729 1680.8520908770117 4204.083636908132 0.0 2239.0751713462932 1620.4281322719266 2857.3005564029213 1726.6539501316888 2362.4801729340693 1768.49786343221 2171.2256316332523 492.52171135224165 2137.8784792078204 2424.7364817410253 804.7540168052327 968.77356324428 3277.870411633217 1498.3201961974455 2596.898297460783 1056.5056587848876 1631.0871579277018 1551.2464116861552 1919.0422530603016 3552.310454890964 3651.285808262699 2828.8872174471653 2343.6884532910963 851.1268535163855 4137.895830440113 3379.5174967197645 1021.8028060943551 2323.601179710707 3409.8396418057846 1584.794095335189 2899.236630055911 859.5946066004179 3050.1902152815574 2129.534365839237 1775.9721597787964 1918.5580621826302 1784.1263844278403 1249.8426495566819 1824.708545357455 1881.729714101418 1810.6727563665827 1105.0459275538967 3209.2250132545855 2114.9842664527323 1937.1484485781602 1760.8553041113853 2454.625726301403 2677.5285512247474 2087.242368381414 2535.7797845109953 999.0851111953023 1077.6109989088832 1879.2335232546584 
2871.64519914355 3146.1974677087983 3160.6419226743783 2058.867680554404 3153.8093763895413 925.6382837284967 2150.3062762012687 3670.6340798180577 1232.1935219578318 4815.264119888215 666.1296960332915 872.3174935416197 2782.5731470934684 4059.5292575360822 3046.5510293241164 709.0619600941116 3224.616260242333 3429.1532644611075 1795.5047367980583 1510.4262889773072 3765.5569692661893 2064.6339371974314 2816.252256735048 417.6128674903221 2840.0437171130625 1614.4460797863453 1473.8622671011133 2665.8362639227657 1215.0339429782623 2584.144620296168 2913.8177865659222 4103.895994473781 1589.3909335092828 3718.8562401330496 4135.827966954586 3453.3322591884416 348.71002191069084 3699.7018522777616 3527.5591977273416 2651.429010310476 4465.30866987481 3902.3360667711822 2391.954910667235 1048.7672641938452 1946.477638350589 2082.6646591071267 2239.0751713462932 0.0 3510.502394685605 667.661449206873 718.7791403078465 3530.649330747944 2823.499288342584 3251.507499484434 2291.2217519109367 341.79939090340304 4335.894360441225 2120.1946312541654 3036.7016295872777 1635.857257826127 3107.0902157464434 497.31744913276043 2492.2275395828246 3677.979515914678 2654.1382882891053 970.9544960135756 2381.5019083800134 2650.2928340233957 1678.2567288076066 3937.2577198348517 2863.790960390996 3815.1082587341953 1211.4296975415227 3087.3172099374738 3145.5972481587783 1332.5172312154687 3449.1068306183865 1287.7913942622547 1482.6693466582246 4117.100607044186 2768.3457891045464 3984.3888621895826 1530.6245689719005 2544.876034681558 3257.366319284269 916.4500723590696 2370.1423346619235 430.2500935433525 1179.359485743398 975.0757730809047 1279.3094489168561 1268.720609288751 839.2426479136295 4512.809132549067 2276.2568978986938 3064.167849986947 3223.3871907646608 2925.4113860039274 1395.4630489907836 1444.6953385950885 
1271.4044479145625 2707.669859353252 2048.9287240291246 4599.554763981739 1802.8035737125463 3133.307708131202 1655.039513848551 1579.1477753122533 2359.458675282141 3994.1591513354206 2911.642294291907 3305.99201411081 1360.4325742373069 2389.9912200153162 1532.5548056878827 3297.5093234567885 967.8701955037592 499.1006692150397 4718.5360778968225 2021.390920206472 3238.7169468198554 1472.566998959767 1596.9108466922924 3154.837665839709 2451.9236469060384 4298.932106255393 2511.760335869615 3404.5135718329407 3614.1086446245013 3704.5742198471908 2212.6701388717793 1436.3975173306078 4853.1352267096645 2421.869947730473 1023.2643242450862 3164.886684741585 3543.5688182331523 1365.5578543761949 1794.4231312769666 1360.8900113582401 979.9422054304955 1248.7140340966612 3428.1542477009643 3580.5549276683682 1958.6517338765275 5152.412621841079 1620.4281322719266 3510.502394685605 0.0 4176.375663835126 3191.7552959593077 1256.1232279025303 1206.6559972085047 1261.6168136297879 2022.4672286402895 3291.168531403061 835.4042968603354 2388.0618107724476 1900.7528183651318 3975.140416347798 536.1637888860851 3718.689914561516 1043.6974494247588 369.8621943265357 3006.898511299459 3461.113567914078 3877.5984842990674 3837.4587148263195 3352.7016433165186 826.5284536578521 769.3022071522358 3734.1545876491527 4449.740826096172 633.1225904658322 1588.3127490419904 4389.383030375595 70.75992190639217 3672.288346492826 2417.099117198799 1814.168472802116 3634.2919854556267 1046.7625517323543 3531.5366732285693 1516.6257673303307 398.6918622167775 2769.829064677538 1781.3463668626978 3098.8788223006045 2582.612175255499 4398.233707017268 2799.5300266349473 3525.846288033184 3267.852400885846 1038.501203033771 2772.3090552217886 1344.3499283463825 1816.2579007010852 633.2906180136882 2654.8723966181246 3486.6481310601607 
3490.14107418493 3662.637255390567 3698.014140282922 2005.4515670254377 3718.3537066542945 1422.8451030841293 2800.1230552089432 4301.657615589137 1889.7480853333452 5268.6474650731325 1315.6848195245468 1304.6986957205465 3396.279962919672 4642.928234316297 3638.2209914155783 1178.2370993348093 3857.5241126651126 4095.734295021802 1599.375916739426 2168.1725560340637 4240.31856531022 2732.1516294081944 3405.878793261441 1060.545894804331 3383.3397124228295 1594.4790650967989 2018.4479851793858 3049.028861237144 1390.3514671498317 2803.7021585955713 3429.130268829722 4751.242105321149 1194.9610934967084 4286.176751625866 4798.401293149696 3920.1222511453807 713.5093772810637 4342.423693015383 4142.4316668336305 3300.017800178022 5132.800727400438 4553.372846975696 2756.169940777235 1330.9310957189923 2579.3417857805807 1752.8428380807395 2857.3005564029213 667.661449206873 4176.375663835126 0.0 1183.3180450530574 4176.571821067299 3476.0916295558777 3896.339561698343 2849.296086777122 945.82912196288 5002.922162424231 2626.4417684915106 3590.5469210660217 1773.0115155398155 3774.5494369389685 709.9834000598759 3159.8874299973686 4337.327229847517 3035.232811810231 1237.3210023302865 2632.1205174080465 2935.8938608142075 2042.1337134747175 4601.415852278163 3519.383415969628 4220.061126611754 930.2976269960577 3741.3583692094453 3771.754019309394 1166.206202301799 4115.407963736196 1528.1517186492624 2049.97259852038 4744.935524095195 3019.665191859169 4621.078618002285 1745.006994329115 3186.5796556351015 3916.9401459580663 1541.9588315632627 2996.578165183917 1081.3084118573595 1762.437001819841 542.0262814409006 1828.3627707626008 1485.5656069731895 1230.228820094602 5174.095178160738 2771.2811803082836 3705.734644018014 3833.172473260278 3586.5082499793257 1913.6179423513677 1676.3660077487516 
2350.6257150230676 3413.8323385433628 2514.759960763361 2763.5605242844863 2537.934543472542 1407.16600770611 2121.3560904803953 3660.431083499415 1258.516417411251 5138.249692392909 907.2942167358282 1429.7397582002807 2251.3810100973387 4173.850490545988 2470.5149951642074 1267.604703138519 2737.9603990991477 3209.985782293944 2514.2656958615307 1196.4200791228982 4078.774161159771 1867.8552386866932 2238.032987771163 818.9608341141077 3072.682898769565 2319.524430796293 839.8529193758217 3120.860024962033 658.1944425323866 1898.1333443420574 2248.400619447522 4018.0947607436956 2279.495262801862 3876.271112842812 3954.2125429133125 3785.374896478315 473.5721223861215 3643.2124704148428 3573.2243567108185 2601.480545850439 4170.17426932853 3802.1110253073903 2876.234657051551 1682.2152584176383 2007.4928313501441 2791.9198283498536 1726.6539501316888 718.7791403078465 3191.7552959593077 1183.3180450530574 0.0 3464.004192063884 2745.0461079106235 3197.5818440202597 1669.3623208620995 877.7719865704051 4027.022024196307 1445.9961601172884 2408.171157161841 2296.6483459681167 2870.838524127286 1211.0675565084748 2255.168118321209 3296.058318170648 1935.9226825464998 393.50259467510153 2955.669735252999 3191.0336302816404 2202.298987397326 3742.945051314149 2472.4884984264368 4214.8385125534305 1918.1901467489527 2683.322025477392 3167.2995506558586 2051.0628311191585 3138.3411882679075 1921.9981191404881 883.0019834887045 4108.12810340669 2068.3078894014398 3502.597574323654 889.3201528989237 2532.0318911338477 2883.254855426564 1161.6724652970945 2424.9682644862824 495.1214820725214 625.5590455599444 1634.6823948691383 1624.4547916535175 659.8180819385682 164.0332675732964 4135.576484876847 2614.822233546829 3030.6214531181804 3292.8089421685595 2569.0196538084 730.3919645524976 799.1500529562454 
2299.940814118579 1606.4358991592596 3149.6582888728785 4023.840404903006 2915.964165940434 2862.174040442213 1380.865405713413 328.40861832657765 2302.1629151476427 2738.3656700016872 2865.591512419085 3028.7011913338347 2355.1989000488293 1140.4625164422246 2626.806432786535 3084.2339958339353 2126.909559547607 759.0930646658209 4271.880259249267 2305.5996574966216 2034.0579711741398 1618.7692694995249 2613.7446353327273 3119.1533391174394 1453.8618980544545 3823.016297181079 3026.9048472990594 2487.773804386592 4030.766535288517 4505.73014066369 3240.6885003524185 575.15777871233 4552.134886246719 1177.6284923871515 821.9925437410487 2014.3778368038866 3681.8049778687714 182.23428290755052 553.2285292992947 879.8601448121067 1519.74101390043 396.17729432473493 2600.713860031306 3225.9119221055785 1604.1410659075786 4723.3007887188705 2362.4801729340693 3530.649330747944 1256.1232279025303 4176.571821067299 3464.004192063884 0.0 719.6295111117596 280.7529840046673 2848.7784873239443 3230.895188444722 1502.4072168924883 3160.3350315517396 2978.429370492 3442.6638960527516 933.075920589924 3570.332148080133 1330.3185441558746 1616.3592057442625 3906.565415755693 3815.703406403465 3088.715892247171 2962.0466077074816 2772.0291745937684 746.1227205205499 1681.0043123383746 2560.9448267472853 4179.330616655855 1698.3835390449347 533.3895747145149 4044.017779857452 1212.944648653204 3235.6165283498153 2918.7159397551495 689.0919574399318 4491.763400843654 2293.9292064877827 4056.5385499269214 991.3854540835645 1537.0168181122951 2636.2684529000676 1211.521620768388 3194.64815959665 2959.472364417073 4244.408440522403 2452.7249679053175 3969.9791170427775 3586.831845649813 1955.8618532785897 1986.9623370147362 477.09280218699314 682.7994238719177 1511.3221563291445 3154.076696653566 3990.157160679358 
1857.796445513859 1550.9317897148235 2706.0271178220005 3506.0008288563263 2493.5130604131987 2206.0713938009017 676.8410756055831 937.4857999310251 1591.758688418734 3050.9863606509434 2161.164050551116 2377.217073848985 1886.4163370158044 1618.6953814317476 2205.6723775019013 2415.823981553182 1805.7622247186926 812.6617324399643 3696.041189974141 1596.817318006601 2155.576502815261 915.7249728726829 2138.5951924613983 2415.952153608042 1261.1563766145075 3255.5754295295555 2338.8819803560536 2198.4203405196363 3318.3011760925087 3867.8289954096576 2740.645554849672 1284.4510605714906 3924.6487509933163 1476.8742086642403 1359.0537464856857 2026.3930351172307 2964.9895957157373 898.1696570138153 943.1655742915121 192.20343191425454 1883.4976561240373 1078.981235057407 2233.132984002428 2602.7773964148773 935.149955586598 4143.690496411295 1768.49786343221 2823.499288342584 1206.6559972085047 3476.0916295558777 2745.0461079106235 719.6295111117596 0.0 455.1775938954699 2260.9067600647486 2532.5282759325178 1806.5686926272433 2539.352330148716 2524.450248101659 2897.235304032985 680.9980235613812 2892.3457455839402 713.9404791122929 1561.000262108912 3317.396118399634 3099.4269230818063 2695.0318839334627 2636.8042082787338 2241.7213482981883 1189.9336195867231 1263.6665541273076 2601.9501957914567 3539.2663300815702 1370.5811899178966 558.0920429524715 3427.22152157154 1139.2532925405467 2644.2092009257644 2230.3100804922487 1375.462934368716 3874.619736855709 2205.4303771261884 3357.101273332301 347.37036991659716 1301.7860230109732 1942.9966346680771 618.1042722154119 2478.490014774756 2251.0709559434167 3573.577644504813 1812.1715244793509 3260.563320058106 2869.3623373247224 2171.718212580251 1578.700540299868 321.8911812570216 782.102117132859 1124.1572667582245 2460.779924603531 3288.0553057378947 
2173.451326432967 1473.0151987885613 3028.1007740563664 3770.952938833658 2802.1134705654417 2582.942142390906 1102.8282882412573 490.3406243142642 2024.3751824490441 2770.6911367892476 2586.1251060333393 2750.018521390796 2218.163635390001 1237.8307003593668 2511.649606895139 2804.1191017632373 2047.28832700716 772.0610153563115 4006.4875471260084 2051.6465195637966 1977.10634857442 1368.6311105681523 2475.917770562617 2839.4213014647016 1269.8656589984537 3558.8461049120974 2788.249139527603 2290.492334987494 3773.46197124282 4297.145802239778 3095.226804589511 855.8897783637851 4277.465640325638 1181.5138102760568 1050.0703923560613 1913.8920665900625 3406.51872054581 449.5247083714427 571.988961392664 602.8963279489573 1695.1953982547277 670.9710192903095 2381.705926501145 2951.0180336149756 1323.4218201795786 4457.521836139213 2171.2256316332523 3251.507499484434 1261.6168136297879 3896.339561698343 3197.5818440202597 280.7529840046673 455.1775938954699 0.0 2662.327964436191 2950.593845992158 1654.8446908492426 2958.7566849610744 2851.6540902890533 3182.539517305164 838.3361191764744 3289.786545468016 1119.711496175582 1631.2886989540705 3721.9819214703393 3553.943458669568 2865.1345098714532 2757.3340319488025 2513.503723100084 932.533932170502 1556.1196775951003 2478.049987518418 3902.6285159648846 1608.9454289833109 342.68214244222406 3770.7970004831636 1206.8856076009563 2965.996464758417 2679.733246199789 921.0710707218332 4294.023843155425 2307.7673348401827 3810.410955118531 710.6631914306769 1479.62333959683 2355.7340817172735 934.0485617336184 2919.0236830542817 2705.9725736404894 3964.3703231999125 2174.7211746857956 3715.649524096661 3323.3379235819975 2081.8832736783042 1752.0713684974558 199.31547965746276 557.281108342459 1394.321618535399 2912.0218339289145 3741.9824730425325 
824.8061316139118 3579.2475004909616 875.6781434908888 4108.620172876842 869.05763415847 2499.345690752195 1979.439646465409 3145.372053129999 1771.9641879357614 5249.33783120784 2002.5348812948534 2621.5840510642815 716.854372560353 3878.8771428093883 825.8670138432868 2512.8559684532283 1239.5703093215002 2276.912741400645 3993.210613298234 1139.1978633080917 4261.217520120792 1469.572977031537 601.328729604835 2133.1197563498627 3220.1094033174872 3691.9803145190735 830.8484335917633 3757.4473427668227 1815.6630544211455 1691.370141154252 676.2941433146065 3278.403850337279 3875.9827734051346 3719.1951994846204 3002.3240737145693 4046.8956567781165 2135.8099573402073 3022.733935374578 3202.099348444919 2227.976199576055 2947.3005395492282 3056.6685026942737 3615.4962224521823 2938.065748945421 2112.0840248485583 4339.452717626636 492.52171135224165 2291.2217519109367 2022.4672286402895 2849.296086777122 1669.3623208620995 2848.7784873239443 2260.9067600647486 2662.327964436191 0.0 2262.848094225733 2786.3700048658843 373.3406139541139 745.6158334557975 3527.5094927429122 1966.6431252782866 2710.098174579751 1548.992730637029 1966.6538080847663 1059.66952822447 1762.137670367048 3893.701050030608 4020.246239268882 3145.0669608320873 2787.2813612977848 1268.1889072150182 4591.217105171781 3485.3069139590953 1394.2523636908825 2815.559574505884 3553.6677629427695 1996.6777764009432 3138.560344448002 808.6848788689565 3534.981312188467 1649.2420105970027 1957.707094302979 1626.893763780888 2267.336742537107 1631.0930421286455 2068.637732153579 2349.2541193345273 1884.4813412314222 1112.5376523261302 3263.133955518053 2424.1328922168927 1706.4886322324148 1656.8688194779832 2748.3134955055425 3090.05877332793 2579.7639419082802 3026.4109024186355 1432.323476489084 942.9795957159238 1607.1956878917215 
2760.948697202197 2804.4030477645438 3138.4999149542627 1914.4951914711944 3105.01365330842 593.5919832351111 1855.9426649460768 3357.719103557716 955.3498467803531 4476.014132182584 382.0395776742592 568.2539477003822 2679.712458890158 3725.902402979209 2968.887693225311 401.6009721166904 3088.4328955866317 3173.972414598306 1734.456308823844 1344.9485290719133 3425.083045390747 1824.8497386323656 2743.837038749568 141.16167520125214 2499.2131695654443 1475.5589066883526 1487.2849716706494 2341.769421259964 1469.3511245937273 2775.670672140983 2914.90977389493 3805.676049760915 1645.114078805122 3381.580810946143 3863.426795024293 3113.7138620814094 649.9370604338995 3396.596843348147 3204.9791320500017 2355.0628948858966 4229.263480748695 3608.691515699205 2074.2706741429397 804.4591727560985 1634.1636059144378 2078.7385994749525 2137.8784792078204 341.79939090340304 3291.168531403061 945.82912196288 877.7719865704051 3230.895188444722 2532.5282759325178 2950.593845992158 2262.848094225733 0.0 4105.8873547943695 2145.195812090531 3000.204431523621 1420.357091007615 2861.2708399771795 459.237820622315 2256.460759164565 3483.833402433168 2758.2612230261457 1207.994746192184 2099.104250675073 2353.074173230935 1369.4908220690115 3669.982481787346 2684.701376369367 3483.241952139286 1241.6403771696216 2910.5893985364414 2829.1702679014393 1290.8197422313813 3227.2322357476974 1044.3031984774072 1471.0108931462485 3802.145283343638 2941.802572044788 3837.1449527675627 1753.986683308947 2240.7518351466674 3064.4972297661498 596.6698040096095 2053.3894498336676 414.68805929340675 1167.190308174986 1111.3272806400128 937.5653112349295 1504.2729893153958 1028.718402482979 4309.913383121283 1935.5291636797222 2759.914597985638 2898.2194413006478 2729.5198823242995 1439.1136202929945 1664.7456199481683 
1982.3892012640938 3106.5695028298505 2636.397994811783 5305.6282759770465 2393.755948845053 3908.781451579913 2382.453710955556 1748.5510103096778 3162.3349622661444 4088.879005701075 3724.5476237828602 4082.4874166860996 2084.4191570620146 2468.3503531921156 2165.7796952964036 4087.1957037716197 1599.151881448973 999.315132291388 5466.288253209822 2855.0240193165323 3514.628845752403 2281.079288854043 2288.016514978445 3971.555418515078 2924.6490098324753 5034.90255098675 3335.2998388583424 3941.4924735000636 4439.817525877071 4435.253042985357 2857.4254258019405 1336.5203086238516 5637.783347923173 2629.539264884393 786.7265586210476 3514.9486913142346 4377.126942282603 1513.0087280687367 2036.2154987279296 1991.5470589644456 163.34821185651901 1260.2226448837498 4014.68712377581 4342.322781139754 2681.317772223265 5907.7685410691965 2424.7364817410253 4335.894360441225 835.4042968603354 5002.922162424231 4027.022024196307 1502.4072168924883 1806.5686926272433 1654.8446908492426 2786.3700048658843 4105.8873547943695 0.0 3158.672784300286 2521.0700834317618 4690.253174180653 1258.398144742241 4524.0374673855085 1849.426620643972 825.319558159427 3705.389155561642 4292.6874980126295 4488.493858520708 4402.635343820518 4043.373006935289 763.0204414725844 1581.9460228008118 4053.435230918092 5238.284935533532 1404.8323315927526 1993.4055229986373 5161.0255552088465 891.2151470385825 4413.2967446406 3243.2109488945184 1777.3344236001067 4340.344840508407 1224.9682205604784 4343.152669949496 2151.3548882234577 1175.038970033685 3567.065881931356 2423.673146511021 3928.3439557918837 3416.471257063644 5207.177068145109 3551.0547151277406 4349.053994910653 4101.834828357484 481.78573111099064 3368.2746632024546 1812.1111386387024 2179.1473124824215 1462.588481748867 3478.737026819941 4302.1258412409425 
1196.5948900380854 3772.5437383382787 1079.961619275755 4038.7465929056184 1144.2257450705856 2463.5980448112878 2182.0640927451627 3446.6905153345247 1815.3162040251175 5471.683619917368 1937.2060711885526 2566.5428438653375 1089.0436278085244 4155.983074768107 1162.4556396366095 2440.647229852664 1610.125719759326 2621.909274632298 3877.32512414265 1221.4655533186237 4461.232119036248 1690.663970061708 951.3495766147072 2026.4903242087405 3409.790656294773 3609.313044881318 657.917315687609 3859.199069725854 1491.5425061356684 1349.0277687694872 802.7080990848098 3611.5275527067442 3708.3872383985386 3972.0622175672684 3356.410139353533 4229.258041723809 1919.565652067772 3337.486770264996 3482.270325860579 2485.957239110228 3319.323871234033 3388.325917181519 3692.3082430171658 2875.938005389648 2271.506117239045 4197.533521176589 804.7540168052327 2120.1946312541654 2388.0618107724476 2626.4417684915106 1445.9961601172884 3160.3350315517396 2539.352330148716 2958.7566849610744 373.3406139541139 2145.195812090531 3158.672784300286 0.0 998.2847923293151 3483.5848668950025 2302.7414236096065 2572.590256830588 1839.0453726342137 2339.7631030234193 807.0427767037663 1472.5340131249288 3929.708919429839 4083.5476272838996 3165.365892660347 3140.1320800489334 1627.1410458183902 4758.021318347974 3330.2991805409624 1763.0827785419276 3085.596684654076 3425.5237856350836 2359.8432327022524 3091.323765893119 685.8616413087839 3849.10955891457 1335.7345305771935 2316.122211535628 1273.7203081825542 2506.8209230702796 1999.512725640359 2050.703270296935 2556.010141095864 1743.0145431142648 980.2739540801573 3074.9484915615976 2451.5783640374316 1378.6348351525512 1403.3553712419798 3120.1915730710107 3211.407366773881 2860.979476182002 3286.420027956018 1786.8857799142615 725.1468912461194 1262.207316486814 
679.1704616619878 3990.073535114572 184.7636335457601 4818.263601413732 157.39053229205754 3199.0438542699135 2428.239341422828 3300.0079686942067 2429.0677201040858 5575.21957216459 2723.25963598779 3331.2320896767033 638.095851913961 4088.8653604113883 368.2227972507998 3232.065381423579 941.274529629698 2288.041415473674 4724.82655061021 1794.473522150918 4646.8446701516705 1922.6884256570715 390.01164626678525 2868.0241138344377 3645.7741973672532 4410.01384226403 1573.5248171293663 4310.110967082095 2486.7942783803655 1984.2543282153108 342.8544043353289 3304.825272187391 4620.370941031505 3997.642133057393 2923.892697423829 4469.517469981886 2877.4984368704777 3133.8879732681344 3420.832476479238 2546.7932471545214 2683.8452469755443 3097.1548890527906 4201.2082593700525 3649.1740408974842 2624.634203490665 5078.690343285626 968.77356324428 3036.7016295872777 1900.7528183651318 3590.5469210660217 2408.171157161841 2978.429370492 2524.450248101659 2851.6540902890533 745.6158334557975 3000.204431523621 2521.0700834317618 998.2847923293151 0.0 4223.998247654436 2045.6494571017674 3450.8052359668204 1836.6814668759378 1712.4956445088887 1222.5644446851813 2468.9001644982995 4521.081276117993 4617.041541954639 3795.2179057756525 2725.3075007581183 1298.7543065399047 5033.990102578279 4228.193891283264 1302.58428722423 3076.024613441662 4290.226076078464 1901.2222967402818 3839.6792716694404 1554.2900182853589 3632.4958243502647 1851.8926628828265 1461.6990867815055 2246.143546500016 2627.0403348355253 1512.6230953143786 2763.1570518287285 2771.858091460255 2627.9577439509762 1857.660819706799 4008.736093471413 3078.70091089479 2372.8225033985964 2385.009668644589 2361.5042445853505 3627.5096305330685 2819.0381500093727 3305.6901747884376 1467.1466302240763 1678.206231353069 2245.281860622015 
3838.617104684023 2339.79805737973 4383.2875329481285 627.8338510625038 4302.547884376209 1028.163834047349 2321.530167668405 3433.952044275166 1813.9359230798648 3698.639704938762 1546.9952922570299 917.6861761561645 3780.7579805601545 3484.3341961795854 4112.537112549476 1055.291913759873 4080.208701168095 3691.384310030422 849.9520877382712 2434.1814518529977 2756.411283862641 2590.407538770547 3908.4507528334343 1502.1466803784492 2187.98092437415 403.73589677113614 2838.4352480229522 1461.9338684102365 2850.7934631112958 4194.618761356332 4202.152340234938 3981.5824776999784 1293.163030217151 3086.4191767506754 4225.124055982234 2437.2449160356346 1982.6508058866764 3563.5500631231253 3185.035211239073 2706.850536001066 4777.263658049283 3837.046577419346 1168.05427652343 619.8254472535995 2018.1003260530567 1297.5098555661768 3277.870411633217 1635.857257826127 3975.140416347798 1773.0115155398155 2296.6483459681167 3442.6638960527516 2897.235304032985 3182.539517305164 3527.5094927429122 1420.357091007615 4690.253174180653 3483.5848668950025 4223.998247654436 0.0 3457.316545494765 1169.7299583855277 2970.8260055947626 4259.210370917379 4155.379908772015 2602.422752976775 891.0821652740786 1213.1312128743475 671.3856182697667 4077.4814539482068 3570.9283897217047 2597.7926908773243 1072.3143873688643 3787.2631900031074 2926.941444880929 811.2189420578455 3904.6869149175477 392.33380458076647 2797.9210572067395 3818.873251216827 4362.12199103594 4759.551404552363 3159.195711149146 2549.968078874435 3872.3372115508228 1461.4552359128932 2282.323821714651 1827.463929446351 2513.7649468462682 1399.1574268317884 1207.083705754872 2901.0415731808257 2443.108244730175 5007.523714628074 1521.6690510193998 2986.5037236036665 2879.6269413393234 3552.750237419421 2817.049503440525 3071.436189967627 
1367.6937503022627 2215.0249022810817 2216.5844895908567 4079.1912564868453 1983.4318089269848 2650.6329097446833 1136.5671833029419 1256.904098608468 1910.9361348541674 3608.8368747785266 2479.2339025028214 2824.302540179151 1426.1856587316745 2057.6113088755073 1693.9703846595717 2829.389035568278 1209.68608047831 341.78807508122463 4216.734790113944 1674.9957876473172 2784.377296959858 1042.4889053049767 1684.2624793722048 2729.674059406492 1939.4530732711928 3790.4900916807956 2284.670573127364 2873.211281790368 3359.160668625066 3650.759789816317 2313.144117390264 1311.7882870672875 4379.386487533338 2019.0478685251044 1096.5893942450905 2683.151188786168 3178.8392928167855 1089.61239836952 1407.6193069844246 826.251128782201 1371.5809155224983 1090.5819391903667 2892.4088029196237 3086.993773916442 1439.4330053560989 4655.465609558591 1498.3201961974455 3107.0902157464434 536.1637888860851 3774.5494369389685 2870.838524127286 933.075920589924 680.9980235613812 838.3361191764744 1966.6431252782866 2861.2708399771795 1258.398144742241 2302.7414236096065 2045.6494571017674 3457.316545494765 0.0 3271.129697047156 620.3409195181979 880.9353457946999 3012.775802611115 3177.548807395197 3341.536901565934 3302.6363369525084 2826.298080514435 880.2384320878949 750.2533951566825 3257.192282456495 3980.040212898395 773.0014754227725 1127.7308419786889 3903.843119201453 466.34209994648046 3165.8145396121813 2181.116275666422 1594.2833944046351 3615.721756212726 1527.2568583493448 3325.6148944343936 980.8947039332281 646.9124548813188 2311.767590337992 1245.201865468084 2712.951275871321 2292.7572156763226 3955.676004320616 2298.09678908766 3282.0689319356507 2966.783443159982 1551.0484922109288 2236.612020978243 868.6309836487827 1363.60996191413 579.0663265629937 2423.005033773857 3269.8955364444887 
3220.1542817660606 2957.9500790345287 3585.4166983896203 1562.217303111876 3558.4773822198154 735.3756654187094 2218.469258525127 3668.1834793617477 1361.7357925785525 4559.33748482169 814.6784406537535 600.4905609804429 3138.9140199917174 3961.989849731324 3426.6724290811508 494.5264274052485 3545.6495095973446 3573.8155108888045 1310.957405180035 1800.9183646534455 3530.4126998327774 2246.6405224243485 3200.8650818059587 599.3151045906184 2687.1789869361655 1118.0216355563934 1916.7056687668955 2346.8981595157843 1698.3708187084521 3080.3409086392944 3353.83921348185 4144.825144783102 1185.898351905217 3597.2764665999516 4241.408525013998 3210.1415098667553 828.520750519512 3728.5313658645773 3489.5150269770934 2707.802457072173 4642.512220429709 3956.8903719882505 2057.2222755174853 638.8793141929244 1966.949032638131 1629.878150056668 2596.898297460783 497.31744913276043 3718.689914561516 709.9834000598759 1211.0675565084748 3570.332148080133 2892.3457455839402 3289.786545468016 2710.098174579751 459.237820622315 4524.0374673855085 2572.590256830588 3450.8052359668204 1169.7299583855277 3271.129697047156 0.0 2677.661518682904 3924.2684251507667 3141.4476724939623 1463.034744625379 1973.5886712624792 2263.8765922804932 1339.1802027738436 4054.868359255882 3132.7601832136397 3516.0458136340962 782.7779415048452 3358.9193587522823 3134.74751032093 853.5519378133358 3653.348055116946 859.0444260351117 1909.9884242605146 4104.835114354793 3265.631846453363 4291.984163491203 2022.9718498971927 2580.621957227424 3506.4158198848977 961.3923056557243 2367.468635360007 830.5779773380181 1603.9881313517942 685.5466971536214 1152.3480612638994 1758.9665789539229 1336.290126754388 4744.63437038221 2064.7845463880903 3094.1301422158413 3176.6967456272214 3171.05006735443 1854.20845738369 1938.1591078919657 
1191.4772367214118 2161.956235510475 2020.5436092165269 3598.4315592070843 1821.4715780100105 2093.4180721464877 705.6863681223222 1608.1168602125429 1316.7681345036958 3747.131257272093 1875.1878439418526 2265.396021098985 1203.5606693398572 2330.0815979253684 1540.8465108085793 2253.947830108104 1236.1973259497322 955.7746322012156 3688.3176686713305 1058.7959744653049 2810.837918110774 431.73688871405295 1447.1807054099438 2122.32396586545 1828.0678153543317 3277.161279346015 1713.5359833808911 2614.512520865295 2762.5563163772536 3179.1041858791796 2034.7650755276268 1825.5901733562596 3809.7219880832686 2185.9834722704472 1700.1490469820665 2642.892307971535 2558.5400040158643 1510.6398930833152 1653.1617615611653 710.7272588899599 1974.4108597476484 1601.8608732292205 2573.6223775849076 2545.8213301143815 990.5057460507833 4117.600301600045 1056.5056587848876 2492.2275395828246 1043.6974494247588 3159.8874299973686 2255.168118321209 1330.3185441558746 713.9404791122929 1119.711496175582 1548.992730637029 2256.460759164565 1849.426620643972 1839.0453726342137 1836.6814668759378 2970.8260055947626 620.3409195181979 2677.661518682904 0.0 1291.472909588692 2607.325890412236 2571.100208794222 2980.670653970503 2995.7113010823577 2378.451863257246 1487.8988716441797 669.6716411618766 3212.9296019863064 3406.088380471006 852.6540985730884 1271.4372617670117 3349.045574821758 977.0129989367017 2650.010493456643 1606.7440075875077 2018.7165489915324 3174.3936976216078 1811.9072230690117 2752.8651847685724 795.2228213055672 903.0537657150788 1726.2617593241 977.0945658714315 2094.0375086044264 1689.6141481268737 3359.251060119071 1775.707238443985 2690.7398549323757 2355.748539240061 2078.738536310341 1936.4878965768896 1030.9835827497727 1490.2063052349176 598.435726088512 1846.5718782885076 2691.8319212474653 
1157.3379849958012 3075.3649086441073 1840.2758310397403 4886.2234771590765 1594.2107100349626 3377.8835563492194 1954.0174964905175 1935.4024628928726 2579.751354933297 4354.231172186148 3110.4369702962235 3548.3581395492233 1260.060799875718 2742.4518935548067 1350.7267719227448 3526.014639591987 778.1405344184296 865.1657735736608 4978.348443434543 2169.160475546503 3608.3869676134973 1700.6778167688383 1463.510480924147 3344.63265249531 2814.3265337313505 4568.633199487972 2559.392196024964 3753.3577168594097 3662.9776845560177 3609.977769769566 2043.5989392685785 1741.6314251570145 5079.812517040045 2787.412113732056 1269.5310945271829 3534.063759537457 3678.410159773645 1715.4796337300158 2159.6034169884097 1705.1273339319355 988.2386051513482 1571.6156798217025 3765.5362573835096 3834.45671908962 2255.1158711395224 5405.010971787317 1631.0871579277018 3677.979515914678 369.8621943265357 4337.327229847517 3296.058318170648 1616.3592057442625 1561.000262108912 1631.2886989540705 1966.6538080847663 3483.833402433168 825.319558159427 2339.7631030234193 1712.4956445088887 4259.210370917379 880.9353457946999 3924.2684251507667 1291.472909588692 0.0 2882.4155262350564 3533.337165537747 4206.213704368364 4178.660966792419 3652.9017233376735 1102.339976679526 824.3144470821022 4103.752330076311 4673.590468866152 615.4879584496573 1957.9738893227145 4630.704946172323 428.9949482008516 3941.481032825359 2473.5533054693487 2141.698725559534 3516.9294863071686 678.8540935839044 3545.4432022918577 1856.9408949336053 420.6199230395067 2993.35738479196 2115.2754402682035 3256.044250661259 2674.1005436511973 4595.133454620943 3067.1497524560896 3567.5098056893557 3355.892299325516 840.3063015140092 3110.5662262325714 1712.6780401055098 2186.120022600682 754.4347734671579 2702.5308027410883 3509.005030650625 
1738.6778166372396 4579.583043499847 1173.8385375628757 4672.666524333105 1373.516675222698 3161.0546503756327 2987.9202900646223 4204.837114884469 2585.3807538064884 6276.37625679443 2619.8402676364417 3241.9885735610665 1646.52246203102 4936.04494597284 1548.3221270401723 3100.16434874967 2106.268245260167 3311.0245069524512 4449.297514157629 2017.8610921283444 5268.173288767571 2492.193233619239 1420.2420145401165 2658.7308604518385 4216.830288553503 4232.400404333778 1342.9446999830259 4643.5842533151 1691.9822299898094 765.7471425607473 881.9667164363963 4322.863667269116 4196.740851228231 4766.328374546302 4015.0852029082366 5035.894852267487 2381.932364096077 4079.3433522707137 4259.748847003789 3276.2415263170997 3868.724447098362 4103.008341674859 4464.138164556411 3536.9791158260923 3077.214066544391 4722.773193803601 1551.2464116861552 2654.1382882891053 3006.898511299459 3035.232811810231 1935.9226825464998 3906.565415755693 3317.396118399634 3721.9819214703393 1059.66952822447 2758.2612230261457 3705.389155561642 807.0427767037663 1222.5644446851813 4155.379908772015 3012.775802611115 3141.4476724939623 2607.325890412236 2882.4155262350564 0.0 1798.5526811244822 4672.57807445598 4845.198627867127 3901.914245752164 3804.1636435242503 2288.0187596701912 5562.555043604698 3849.4185806738205 2375.0264469211593 3869.8331632273257 3986.6533934038753 2991.5460601732707 3765.1873659803764 1410.4119641133589 4591.372703267196 635.3180541672788 2684.1721165023732 1359.0329008773888 3304.9360729961963 2608.2448029050483 2773.7811466144854 3361.7507078143694 2343.5798894699024 1656.8434783531081 3539.890847736491 3201.8148796333944 1580.8613137484124 1834.0324234077352 3578.402849426177 4005.9167305149294 3637.284786948424 4076.638145125938 2458.614208777001 1341.3775723719148 1401.1414058343316 
2516.3567383145632 3807.273115782779 2550.528685470827 3023.9521706116043 2610.854255755861 1770.437046960218 2492.1853983944593 4023.5079730868333 1647.5645209015136 5531.593699524122 1291.7312836916747 1774.3386545848196 2411.6878483904197 4555.737922783146 2586.378956826165 1608.5215359609592 2920.4958019246938 3518.9523501256376 2723.0126922298905 1519.657668695457 4472.095971278286 2204.5968122740533 2357.592854232224 1174.6098649620342 3465.610190718682 2580.3830503008285 984.1274144554485 3500.9051999544627 268.614207663193 1621.767205847236 2260.848105746834 4361.905385579709 2412.5560380419056 4263.4878698752045 4269.984383560069 4178.093844259353 637.0943262744354 3996.268225625146 3946.893255826004 2963.403655909044 4440.86098211058 4143.275398271916 3250.335052064461 2001.1071612293526 2391.982319717703 2953.4409828750304 1919.0422530603016 970.9544960135756 3461.113567914078 1237.3210023302865 393.50259467510153 3815.703406403465 3099.4269230818063 3553.943458669568 1762.137670367048 1207.994746192184 4292.6874980126295 1472.5340131249288 2468.9001644982995 2602.422752976775 3177.548807395197 1463.034744625379 2571.100208794222 3533.337165537747 1798.5526811244822 0.0 3305.987206738337 3552.628087531092 2564.3183011162378 4055.910350980349 2717.9181465547495 4603.60969279654 2087.839200075367 2917.8659179840197 3538.779059982205 2259.7571428460974 3411.9038403521085 2242.172190488027 1061.5213837226272 4469.559844270081 1817.9151692827766 3677.1435718560288 559.9984336415838 2901.6721813885383 3130.2790891809054 1551.3376738024754 2805.7574707309573 867.0693701587646 885.3422213578488 1752.2464265285316 2011.1183472579803 298.6382817788582 238.0615111263709 4366.945150054252 3006.0204745467536 3392.503411612558 3671.202832859223 2830.147322071307 845.4615685887495 475.46438991074405 
4028.944801294283 1699.4902474070748 4695.083564192966 1144.846146918511 4572.1332533524965 1552.881571879777 2276.2584893563994 2999.8132815771996 2123.934745994946 2845.5710593542267 2087.1311334537763 1531.6594478616662 3992.748150271282 2867.6104542208896 4342.639864005389 1697.7355119633314 4191.544180858342 3506.163695899993 1606.031303178859 2754.697216993888 1970.4288793045928 2683.455333414224 4165.962221541909 2137.3459862019727 1669.1964415187617 1231.6786471304424 3329.6389121296656 699.3163761320253 3568.4323573477313 4827.610565674616 4564.081922238342 3567.680206410595 2139.942633055059 2468.118087206834 3907.800477924138 1668.0052421938083 2727.5521471477864 3172.901205470469 2715.6442167704254 2522.8934098777145 4548.249614563556 3463.298253654669 491.2703947236106 1341.3223912905014 1994.1661096693076 2000.6347285157028 3552.310454890964 2381.5019083800134 3877.5984842990674 2632.1205174080465 2955.669735252999 3088.715892247171 2695.0318839334627 2865.1345098714532 3893.701050030608 2099.104250675073 4488.493858520708 3929.708919429839 4521.081276117993 891.0821652740786 3341.536901565934 1973.5886712624792 2980.670653970503 4206.213704368364 4672.57807445598 3305.987206738337 0.0 325.46909974282175 771.9205615986007 3796.8938756950997 3638.6454912003824 1735.643189413296 1959.970962285599 3833.009780911108 2555.388805794865 1691.2516650956456 3807.482867433022 1114.6967853485721 3265.726494654893 3323.357069843445 4968.278555460864 4787.223652580038 3843.8124643939323 2364.137827720621 3864.820347895401 1900.827439182711 2096.4527005483783 2461.5480317769243 3020.277020418413 2288.539350257807 1478.2401365447524 3600.456573277702 3114.781107902115 4866.744249330665 1120.2204217576398 2687.294926819593 2442.545967618781 3578.652924558911 3342.4238989476157 3753.8197847836236 
4091.9539591517323 1482.7366347962668 4794.79744366982 1449.4615481189528 4657.847717930018 1784.1926387801454 2291.4893391030887 2842.470228177397 2268.2537685652655 2525.1467165385693 2302.3420286730425 1785.6136814615422 4063.9111691894295 2637.3202815734567 4416.4299308822365 1952.3745907394496 4224.2753602458415 3438.2444507662985 1925.1343231136887 2883.9345946719714 1678.3260084316044 2735.985105184541 4251.337725548607 2378.336496639499 1513.308629441212 1556.9635395111034 3505.642678074448 481.19071138787194 3818.001390896438 5040.516161085525 4682.674078713522 3410.392200429787 2464.635302108254 2242.8197009733863 3784.0326547269133 1387.8361286377958 2992.519600676852 3030.220252412757 2548.9592018221856 2476.6186083419843 4451.632249627166 3323.0782793544217 422.9130469512001 1626.0606111338464 2029.5932300142695 2310.0441535282325 3651.285808262699 2650.2928340233957 3837.4587148263195 2935.8938608142075 3191.0336302816404 2962.0466077074816 2636.8042082787338 2757.3340319488025 4020.246239268882 2353.074173230935 4402.635343820518 4083.5476272838996 4617.041541954639 1213.1312128743475 3302.6363369525084 2263.8765922804932 2995.7113010823577 4178.660966792419 4845.198627867127 3552.628087531092 325.46909974282175 0.0 988.9225927746563 3688.5119881442047 3662.7459797274364 1414.3396134070115 2283.9124052473317 3846.3451916949653 2432.8084960472565 2016.2176358221982 3768.3979322677274 1409.6826022688408 3434.7886049424687 3136.725477927856 5170.883261724953 4783.606664179689 4080.280476901023 2322.2244338393193 3858.2132387839265 2093.3137339781556 2064.880406355848 2695.980001725831 3205.6743013375176 2607.27022283606 1645.1968274808717 3843.582494098912 3352.572334857947 4800.363117735094 1069.0991380279122 2590.83545825756 2295.5043624384584 3588.4279567421277 3529.645593589434 3990.093227995235 
3341.5002907665803 1731.6391033248296 3965.125676375661 1264.5183218787824 3855.9850170124832 795.2838068368836 1699.9207395563578 2763.7414600491697 1373.6891270417946 3235.4681661822833 1319.4662147989507 806.3887411565684 3295.9033676427803 2847.024458509978 3640.3818247246422 971.8470985531607 3542.3696695012145 3044.202510520724 1513.4980952568642 2010.1521849848154 2229.8594477694933 2030.0261496164344 3452.2978109285755 1389.769622424874 1541.026682701225 1062.3478321871828 2559.033241835409 1007.7468753643636 2830.2113505525294 4060.834942328764 3819.129580943096 3310.2534458685673 1889.1340539376315 2453.968020566981 3558.4280432417995 1906.5893149589845 2014.7344239605075 2892.169524003457 2518.3790616565307 2053.2975127019713 4124.992875334693 3166.079537882497 719.8240966029257 714.392111222095 1397.821575011769 1964.1236524422054 2828.8872174471653 1678.2567288076066 3352.7016433165186 2042.1337134747175 2202.298987397326 2772.0291745937684 2241.7213482981883 2513.503723100084 3145.0669608320873 1369.4908220690115 4043.373006935289 3165.365892660347 3795.2179057756525 671.3856182697667 2826.298080514435 1339.1802027738436 2378.451863257246 3652.9017233376735 3901.914245752164 2564.3183011162378 771.9205615986007 988.9225927746563 0.0 3414.768159160862 3008.899435265459 2177.967508836897 1587.214077634437 3216.965107273128 2255.555915531289 1375.2658483569626 3281.961375164268 568.9124848969875 2496.8606790628473 3153.0475160575143 4198.265377507325 4186.720781029464 3091.602507167301 1894.5897858565847 3280.6141111170987 1129.0846130500233 1624.088991971037 1707.197662474218 2248.5537703041728 1816.4566274873844 720.9499163008729 2854.7509350473492 2363.689019162701 4376.777096123064 869.4480314275005 2318.3191589814983 2211.061935042338 2972.2754401846837 2570.5381349346344 3001.4222889058847 
2082.647812640328 2352.4662004223032 2875.2447916640454 4678.227598456013 2629.2574279863275 3387.241709672198 1842.3135077249026 986.655059664549 2714.9923630273597 3360.0221472274116 3290.2394892916273 3559.6572864721616 2164.7464357902472 1732.388700209726 2357.352947728603 3588.986303205874 1794.3776589905365 538.6096237564225 4884.19765094484 2546.6665597476413 2752.2392507408163 1888.9519867087076 2409.8846083779767 3544.605688120682 2190.4039916464476 4441.898640179297 3162.878798347657 3219.1051404289888 4239.33818723118 4478.601302457189 3032.2338551962685 646.9893999833793 5111.528188775424 1869.816649940515 217.99039798745997 2753.457678805487 4033.1677667457384 750.560645258939 1273.2606400291293 1382.1085259606377 773.7231029593604 514.4711018163518 3314.1791814090966 3791.7963479425453 2120.2258248632556 5332.578970572828 2343.6884532910963 3937.2577198348517 826.5284536578521 4601.415852278163 3742.945051314149 746.1227205205499 1189.9336195867231 932.533932170502 2787.2813612977848 3669.982481787346 763.0204414725844 3140.1320800489334 2725.3075007581183 4077.4814539482068 880.2384320878949 4054.868359255882 1487.8988716441797 1102.339976679526 3804.1636435242503 4055.910350980349 3796.8938756950997 3688.5119881442047 3414.768159160862 0.0 1520.7346698734166 3290.4170478281826 4723.065075263663 1436.8849074470888 1258.2548155476004 4616.3157011717185 824.5484963451661 3833.376045726654 3060.0165405126754 1070.759215478294 4424.055007481355 1732.8116171152913 4202.875161584616 1533.2163675727988 1214.0822599642845 3095.4126017096914 1796.1622052768444 3558.4851818675415 3171.763942643323 4739.662599397291 2999.8237686932953 4162.25006442684 3842.927650342941 1231.385726282837 2681.355139343598 1111.6081934599506 1428.1656506752304 1354.9712015843247 3301.931218738616 4148.38538697464 
619.604547978952 2793.2865664293877 1472.9602370086116 4197.749298522843 1246.1505072496793 2633.1221631125463 1371.2576720619536 2001.4272186523126 1815.86954523148 4303.643119743202 2318.4279566867394 2798.686123313596 676.0938200390962 2791.6736022535247 955.7121161401292 2759.451433279734 567.3663401629557 1024.640196589415 4242.471122301749 1353.3937775971317 3417.597185675574 981.9932533375857 934.0182040528537 2544.245061973019 2473.3313489920597 3851.0748858208194 1753.7169446129385 3284.1718678997845 2858.595649070052 2958.7466709158875 1563.191388548543 2042.2823883008707 4302.681782429254 2716.9021686896326 1734.8339015170227 3273.526969782648 2855.0985463861302 1839.827161237731 2127.2180793596185 1325.0058043747276 1735.4264939723043 1826.2256335488169 3240.2142820542613 3098.1261693667316 1644.4834582166154 4656.88337947004 851.1268535163855 2863.790960390996 769.3022071522358 3519.383415969628 2472.4884984264368 1681.0043123383746 1263.6665541273076 1556.1196775951003 1268.1889072150182 2684.701376369367 1581.9460228008118 1627.1410458183902 1298.7543065399047 3570.9283897217047 750.2533951566825 3132.7601832136397 669.6716411618766 824.3144470821022 2288.0187596701912 2717.9181465547495 3638.6454912003824 3662.7459797274364 3008.899435265459 1520.7346698734166 0.0 3847.6605346120477 3895.1801931959612 226.201939130358 1798.967307150895 3871.720839744408 735.0759689421538 3228.6182324286087 1662.9478663854431 2343.8065215119414 2904.122282901953 1190.111360020453 2764.7637659250936 1437.7141737074471 412.44232225560444 2226.8017382057938 1641.8997252081854 2438.8801341051444 1851.8858851426012 3794.7028562071964 2364.122010703936 2767.185055924022 2535.3132514519234 1664.5922276021558 2605.800629246503 1537.894840383945 2033.1718270724564 173.00944375705956 1897.1896837471593 2721.704033235492 
4404.231898701137 1054.3946735480565 5218.753718358639 2856.743124441322 5030.875768835075 2890.4426632977584 2620.097487395522 2307.720336240343 3054.309656497279 1110.9579618237879 3312.7529284923744 2954.537218523006 4411.188876076015 1736.7748755564387 4753.204272493672 3110.469598236385 4402.9336091841615 3250.0319517979237 3339.4699052350334 3549.1801116654888 557.7389166772205 3134.1526288949913 4644.706083011352 3465.2923087806953 1388.258863102799 2963.2285291696567 4295.78747352192 1171.8362216542953 4871.54184539939 5914.631309256042 5188.568700334093 2804.4784914236193 3873.2184610636605 1447.9805565254965 3305.257753905822 575.5589191561883 4130.710293711475 2541.474396247009 2017.3564712957711 2522.6604800078853 4050.376071695706 2810.3170852289986 1468.4489495294117 2890.417674291312 2487.245543596423 3718.5613642868584 4137.895830440113 3815.1082587341953 3734.1545876491527 4220.061126611754 4214.8385125534305 2560.9448267472853 2601.9501957914567 2478.049987518418 4591.217105171781 3483.241952139286 4053.435230918092 4758.021318347974 5033.990102578279 2597.7926908773243 3257.192282456495 3516.0458136340962 3212.9296019863064 4103.752330076311 5562.555043604698 4603.60969279654 1735.643189413296 1414.3396134070115 2177.967508836897 3290.4170478281826 3847.6605346120477 0.0 3667.0929217182793 3971.2232867267844 2145.8545598264577 3408.8823416616033 3675.663792911787 2713.1958664157896 4203.295390875322 2411.4508561657344 5999.7061919108055 4774.798126542643 5075.195025604684 2418.2186171602566 3897.902967877823 3053.1663590669104 2263.550091801963 3741.824382368165 4048.480077267142 3959.621436304848 2593.1430178828273 4871.591009879609 4378.2630917755205 4515.433223137405 1607.337905659347 2393.9979563372553 1920.7703796849626 3720.4836239456818 4360.286913113404 4987.064610764031 
4001.725895318075 3318.3848181823682 4359.352925919663 1113.2123147861557 4338.221722003095 1336.4211157875923 2882.4934323332864 4234.935307117098 2094.4855695796177 4763.115296789114 1581.7869206362557 1163.510948388261 3921.207627968039 4415.485220473978 4209.2800430676025 1152.4049668870302 4322.282104949299 4266.716100265207 669.6641786383334 2577.230070885541 3796.5121323309645 2979.728586351511 3983.142202435252 1380.8893819305774 3108.756212598329 761.1419657898377 2679.8311539664974 2516.8795287914354 2280.231726213188 3697.5002282345686 4120.342599885577 4746.3843838789835 407.58971090338207 4028.6039787552418 4898.278536740863 3474.057458409323 1469.4407896696912 4324.8082565419645 4022.7040870055694 3348.9384247180274 5348.994772135766 4573.504988564469 2218.2210600582343 960.3285495566158 2604.3417107150062 873.792839523835 3379.5174967197645 1211.4296975415227 4449.740826096172 930.2976269960577 1918.1901467489527 4179.330616655855 3539.2663300815702 3902.6285159648846 3485.3069139590953 1241.6403771696216 5238.284935533532 3330.2991805409624 4228.193891283264 1072.3143873688643 3980.040212898395 782.7779415048452 3406.088380471006 4673.590468866152 3849.4185806738205 2087.839200075367 1959.970962285599 2283.9124052473317 1587.214077634437 4723.065075263663 3895.1801931959612 3667.0929217182793 0.0 4121.2817638939805 3704.5717599719214 280.3682970357288 4382.661204194926 1020.8358881922487 2680.5887532283878 4653.932603485696 3902.937143782705 5063.833327252342 2629.5840208467544 3208.146229521348 4258.968783465433 1681.4664478484272 2968.581600989695 1600.8723906142916 2374.5964270453096 406.54843662015907 1729.7318188597258 2363.828584126961 2016.0251316616063 5483.4072708051435 2441.992386704025 3703.5757827374473 3708.2392567527986 3924.006154739424 2606.2544804202125 2553.3406433386485 
645.8117966986971 2918.1636890446703 1464.4161548768436 4414.584421721631 1224.4708868651985 2856.3895320567026 1558.249653603301 2025.1917244826045 2040.4937522618297 4376.646799813773 2544.616684578568 3022.581246259919 729.6262668246452 2829.8035086602436 939.5400063528976 2984.8027074944835 439.86847297980916 986.0122609808121 4465.517473900557 1577.2662750207226 3522.963240723649 1196.8560062361983 973.0945202232996 2770.069970687619 2610.7458005564763 4071.7848029609318 1945.0700962212404 3456.4130023057883 3049.411273554587 3072.0246244598607 1597.951763137125 2002.3702624682323 4528.768737249857 2786.374379025536 1643.7162093927925 3395.755357510848 3073.016712959793 1844.4844391219526 2179.783800586944 1457.0872857297618 1562.7832186720939 1794.843980695706 3424.7729310372765 3320.7291534336955 1840.6669111592773 4881.230507969154 1021.8028060943551 3087.3172099374738 633.1225904658322 3741.3583692094453 2683.322025477392 1698.3835390449347 1370.5811899178966 1608.9454289833109 1394.2523636908825 2910.5893985364414 1404.8323315927526 1763.0827785419276 1302.58428722423 3787.2631900031074 773.0014754227725 3358.9193587522823 852.6540985730884 615.4879584496573 2375.0264469211593 2917.8659179840197 3833.009780911108 3846.3451916949653 3216.965107273128 1436.8849074470888 226.201939130358 3971.2232867267844 4121.2817638939805 0.0 1880.3941978058806 4096.798704839658 616.9020416757497 3448.289201547699 1858.369134367692 2335.488116908102 3001.420549264033 972.4041100917034 2940.0585708791905 1582.9753654226386 236.96025260272668 2451.941310941329 1804.5975944596617 2661.529403960615 2060.1852662914785 4020.353721650643 2581.2899436697026 2955.04964221387 2740.9891002140303 1452.6133824033575 2783.4892337826113 1617.9859760829588 2116.8404749096426 259.57884898318235 2088.356092106776 2900.983489238799 
2404.665056729641 1131.2290666069741 3256.463102346223 3499.691201887653 3039.519276830796 2410.3616536548425 1046.6499552711764 533.7500934334615 1943.5565900856586 2504.738220374442 2480.9729060873633 2570.907527428187 2438.0661573296857 1071.8632597260394 2750.200614264451 2642.08137070165 2320.1392013554373 1107.5263893591023 3763.197931632293 2077.4807350514598 1658.1593654827489 1423.9537290112971 2692.0673481674685 2728.5898321709637 932.9706738004114 3312.8108138742714 2844.3895106764608 1961.3054784050494 3771.8178653259783 4403.689121129037 3297.6726448383806 1055.357113160791 4067.454342840608 921.6525221944072 1353.4754587536308 1577.7984591224672 3331.2316854823735 636.7368141145605 411.6783747684532 606.4136718604657 2027.8985105247034 916.6097144092514 2067.709420423889 2745.474245580975 1199.6580822713179 4214.8157400529635 2323.601179710707 3145.5972481587783 1588.3127490419904 3771.754019309394 3167.2995506558586 533.3895747145149 558.0920429524715 342.68214244222406 2815.559574505884 2829.1702679014393 1993.4055229986373 3085.596684654076 3076.024613441662 2926.941444880929 1127.7308419786889 3134.74751032093 1271.4372617670117 1957.9738893227145 3869.8331632273257 3538.779059982205 2555.388805794865 2432.8084960472565 2255.555915531289 1258.2548155476004 1798.967307150895 2145.8545598264577 3704.5717599719214 1880.3941978058806 0.0 3554.9962156734728 1530.2444661195057 2738.0019840259733 2736.2582455677684 973.1815074940946 4418.811126383935 2630.5831153133468 3840.392283611903 637.7159116761243 1774.6061641266006 2233.1472901681395 775.8896156979762 2844.7796020875035 2724.044559274505 3796.4123103358575 1993.601717198139 3723.426846629686 3303.428427014133 2424.1937415581147 1455.250311368678 262.46624797015795 236.5835456459731 1648.0072085008524 2958.7656149778268 3766.9515405322245 
4021.326653015602 3103.754713212523 4429.317592418909 845.3086559944462 4392.877639959807 1256.0757586728953 2786.2451348710147 4080.7430168843775 2056.7325947696563 4509.601635794281 1590.3127688377874 1083.655227452093 3946.1125466981944 4220.169688112406 4247.461386920068 1113.0037721191168 4323.345881397115 4177.684993256747 464.37750438001115 2586.1455026357344 3557.523043009383 2930.2172738775967 4025.492515939537 1422.2797694150802 2912.72761137478 481.0652879053278 2768.9241919343676 2268.911458275966 2468.9870176161908 3879.773091174479 4203.51945336345 4604.846233203592 516.7800363089134 3828.6206776953445 4784.244234144086 3236.3512881129086 1627.1722717778403 4182.8551106677405 3856.531242616192 3235.41141925192 5265.4514456211 4439.821428654292 1972.185914084588 824.5195043484359 2497.5802907413404 794.5072165681971 3409.8396418057846 1332.5172312154687 4389.383030375595 1166.206202301799 2051.0628311191585 4044.017779857452 3427.22152157154 3770.7970004831636 3553.6677629427695 1290.8197422313813 5161.0255552088465 3425.5237856350836 4290.226076078464 811.2189420578455 3903.843119201453 853.5519378133358 3349.045574821758 4630.704946172323 3986.6533934038753 2259.7571428460974 1691.2516650956456 2016.2176358221982 1375.2658483569626 4616.3157011717185 3871.720839744408 3408.8823416616033 280.3682970357288 4096.798704839658 3554.9962156734728 0.0 4321.0292464077465 825.4629099246916 2759.018255781883 4490.592704937359 4077.3355262587643 5052.241995188769 2812.0018826391183 3088.992714588441 4221.312087248026 1644.920983851623 2839.462766635264 1682.6320737166336 2453.6502180865505 672.3162531235322 1617.554650610264 2545.2652901834213 2163.8718943924778 5427.025307040929 2241.8121448059023 3571.503609484127 3543.52406229642 3888.269214815468 2707.7598864474053 2732.1505125859653 
1260.9121050323533 2646.3739436702494 2053.2553494997273 4529.007569792124 1808.0452522589105 3064.9747924292737 1584.414872707233 1538.1253518246401 2293.430191288364 3949.065115309519 2847.2973234738297 3237.7687940508604 1346.5209049628352 2350.280466078415 1533.5175854943573 3230.3318688117083 976.1128648022489 453.8527960221659 4649.034285038487 1963.8212432126295 3183.3814328595913 1406.817493786599 1587.7069491653688 3091.2598890328304 2387.3788531527402 4228.98657368372 2467.409280531359 3336.48111672838 3568.1726582567476 3682.603479174435 2208.0437352444237 1419.206284180189 4785.771659863034 2372.9201163094003 1027.916296150048 3105.4592835667163 3485.96124865049 1328.8614783531457 1746.2237230001558 1291.7795927153977 1031.8336776272115 1225.4946219172148 3358.6702417947695 3511.5195516973617 1888.0391427982745 5083.271871227337 1584.794095335189 3449.1068306183865 70.75992190639217 4115.407963736196 3138.3411882679075 1212.944648653204 1139.2532925405467 1206.8856076009563 1996.6777764009432 3227.2322357476974 891.2151470385825 2359.8432327022524 1901.2222967402818 3904.6869149175477 466.34209994648046 3653.348055116946 977.0129989367017 428.9949482008516 2991.5460601732707 3411.9038403521085 3807.482867433022 3768.3979322677274 3281.961375164268 824.5484963451661 735.0759689421538 3675.663792911787 4382.661204194926 616.9020416757497 1530.2444661195057 4321.0292464077465 0.0 3602.421994843613 2371.5814204806043 1787.1263885477908 3616.7154065288546 1101.180627337629 3491.052814882268 1447.1216149152492 389.61084744640215 2703.2710799645088 1711.3579624355493 3038.902478041165 2531.675023670699 4333.504403104854 2729.8708159859852 3481.070844774219 3216.589381493222 1107.7460496615618 2702.84763265426 1283.7649114312787 1759.693105823283 590.2543870081474 2610.2671817564683 3444.87922169398 
3470.0521157505564 2297.9947819408662 3997.24501514646 984.6203683489698 3921.071645225624 640.6949470122131 2031.3761329639292 3260.603432161682 1444.1579300934588 3788.1656108423063 1154.6637226570915 525.4197637590092 3408.9414690877525 3399.018185528969 3736.716540042271 666.712961169466 3724.9653849931233 3418.931538317045 1053.6174594688828 2054.4698517053885 2794.6427205235877 2254.10685873383 3529.5772089999823 1117.2545281708408 2091.4181756084436 627.2506564874715 2446.2206677460604 1543.3230202051973 2496.564032213154 3819.4517140162166 3812.513386422182 3791.008659180223 1342.21695365181 3009.912832863669 3992.9755668883076 2471.3348221424235 1636.4895464100546 3369.4116190231343 3032.3796719194747 2452.0687965091174 4508.621725533724 3631.7937483451647 1244.9576769178093 241.08752644989482 1732.1419874802682 1499.5495744351597 2899.236630055911 1287.7913942622547 3672.288346492826 1528.1517186492624 1921.9981191404881 3235.6165283498153 2644.2092009257644 2965.996464758417 3138.560344448002 1044.3031984774072 4413.2967446406 3091.323765893119 3839.6792716694404 392.33380458076647 3165.8145396121813 859.0444260351117 2650.010493456643 3941.481032825359 3765.1873659803764 2242.172190488027 1114.6967853485721 1409.6826022688408 568.9124848969875 3833.376045726654 3228.6182324286087 2713.1958664157896 1020.8358881922487 3448.289201547699 2738.0019840259733 825.4629099246916 3602.421994843613 0.0 2405.6249803911373 3666.868150750105 3982.196724302716 4418.7288741711145 2794.7037223677785 2300.275586078021 3545.7669457284564 1076.7770559133974 2041.898580270407 1444.8270036669705 2121.6419787745363 1253.7253924439042 874.4233453359079 2540.450319128013 2072.384172320376 4709.490662933529 1422.46673523768 2767.1949472340098 2719.9396594022483 3220.638719259656 2425.9315717102354 2706.0273126730954 
1472.1037889889685 3264.593896164275 1679.3047438631227 3354.21067446963 1674.2692511519467 1779.7861015734045 1734.6014083277576 3167.288809155433 1179.4556981309331 4992.8296626570245 1251.3562303615483 1880.7282637830517 1371.0525313057506 3800.302547111588 1589.7275281032169 1755.3270833996899 1867.5447039124897 2521.72907151528 3205.4665393754935 679.4512093392461 3955.2016253550814 1316.7118165211086 1357.187455791942 1347.5789168131157 2902.187502638144 2926.6321238736164 108.5725088423661 3241.4967201720838 1197.0666236725392 1723.3601282017767 1444.5023812043905 3431.757324913502 3068.856385310557 3565.9688668787476 3277.1741361063855 3699.8323758303736 1337.511596456567 3100.864284236488 3146.6551633106706 2131.714072493569 3394.2819394581834 3208.3184800609824 3055.2180237113844 2190.208113539689 1750.5228370123234 3539.6984506421713 859.5946066004179 1482.6693466582246 2417.099117198799 2049.97259852038 883.0019834887045 2918.7159397551495 2230.3100804922487 2679.733246199789 808.6848788689565 1471.0108931462485 3243.2109488945184 685.8616413087839 1554.2900182853589 2797.9210572067395 2181.116275666422 1909.9884242605146 1606.7440075875077 2473.5533054693487 1410.4119641133589 1061.5213837226272 3265.726494654893 3434.7886049424687 2496.8606790628473 3060.0165405126754 1662.9478663854431 4203.295390875322 2680.5887532283878 1858.369134367692 2736.2582455677684 2759.018255781883 2371.5814204806043 2405.6249803911373 0.0 3598.9646897589023 1796.437763982002 2629.4570127893567 1146.8395344517717 2112.559487100529 2074.418012775729 1373.4002417617737 2098.4884604172735 1080.555218307043 306.16023136677296 2454.5565996090922 1791.9587573675396 1109.8688782634017 902.9725061174129 3305.730355197207 2619.5338890623266 2545.716464528212 2909.144350075375 1783.861242889433 241.9157176273828 1088.8851884677856 
2957.9514526680273 1663.1512869394594 3798.736184557467 4357.4856552070705 3559.9378072895265 3377.00516797131 1993.1948828960333 449.0583668062082 2906.608231093904 2312.469450397219 3451.7340834112924 3534.594842905459 3019.8901120434634 707.7093952925635 3273.8272300763074 3611.254738784373 2747.831582568737 1353.7719247118905 4666.159359247106 2972.2751336937313 1853.9362331953146 2289.675410411812 3277.5288626468478 3700.5003437985247 1661.0369343666366 4215.19541801739 3707.396487994189 2656.6863841681366 4692.171386859098 5194.806254163939 3906.9961353764934 440.8248619781747 5006.1905964624575 972.6419804014487 990.7679277814841 1945.2865537388138 4294.970731123529 512.2666221892075 635.0858236738379 1506.8220118928866 1730.2447352481743 570.2426484909593 2834.779217343098 3693.642356996701 2170.6263319265177 5115.948563232048 3050.1902152815574 4117.100607044186 1814.168472802116 4744.935524095195 4108.12810340669 689.0919574399318 1375.462934368716 921.0710707218332 3534.981312188467 3802.145283343638 1777.3344236001067 3849.10955891457 3632.4958243502647 3818.873251216827 1594.2833944046351 4104.835114354793 2018.7165489915324 2141.698725559534 4591.372703267196 4469.559844270081 3323.357069843445 3136.725477927856 3153.0475160575143 1070.759215478294 2343.8065215119414 2411.4508561657344 4653.932603485696 2335.488116908102 973.1815074940946 4490.592704937359 1787.1263885477908 3666.868150750105 3598.9646897589023 0.0 5179.709354800967 2795.306831442745 4731.417198345224 1584.0902179217235 2149.681241560062 3205.915264600989 1748.7569955345064 3807.4839015311372 3626.492102232472 4761.647820040343 2958.8898696281544 4635.68185167659 4237.411164706894 2259.113011520014 2302.201177826383 1077.571039971362 947.0704071779464 2171.571765867012 3832.250107379825 4663.051522320893 
2369.7818022738356 5052.24442028324 1788.3367092040555 4826.57397556721 1999.8308964465966 3421.3617899189717 3485.9590302074394 4781.358883102237 2961.6488527390056 6771.45909020258 2881.7848002722153 3474.0376065788564 2275.347661388902 5490.027547291289 2183.1944067013005 3318.705073438294 2741.3206294217857 3922.5484701247383 4540.837832140963 2461.1700781187083 5743.32527272365 3011.659066751509 2053.918340857248 2866.038435470541 4688.936415124757 4382.068690112116 1704.9050230135128 5017.4932534085365 1629.6812321077634 246.28392810026983 1509.367684874143 4927.50998905184 4212.55735945013 5297.209358621861 4636.638551087774 5493.778652123884 2451.2195098585657 4667.561970282112 4817.234979057939 3816.7958073555055 4503.6669755681205 4705.897772491637 4812.677692415708 3744.5299950220465 3537.5497733621905 4762.67718736338 2129.534365839237 2768.3457891045464 3634.2919854556267 3019.665191859169 2068.3078894014398 4491.763400843654 3874.619736855709 4294.023843155425 1649.2420105970027 2941.802572044788 4340.344840508407 1335.7345305771935 1851.8926628828265 4362.12199103594 3615.721756212726 3265.631846453363 3174.3936976216078 3516.9294863071686 635.3180541672788 1817.9151692827766 4968.278555460864 5170.883261724953 4198.265377507325 4424.055007481355 2904.122282901953 5999.7061919108055 3902.937143782705 3001.420549264033 4418.811126383935 4077.3355262587643 3616.7154065288546 3982.196724302716 1796.437763982002 5179.709354800967 0.0 3311.329697301995 1275.8873890002874 3829.9950429543765 3236.016860431276 3077.56962952168 3858.448584501522 2537.5657208556736 1975.0610821998291 3553.0027944240765 3531.7387001668176 1539.8675553547505 1930.8440183722923 4211.480035822278 4411.730067706569 4196.3612691545695 4616.113421212559 3072.694009751391 1652.7986717803415 1349.7522794818478 
1160.7927041984697 3739.6251900445104 1530.57571022377 5386.768279312261 1311.5596859077614 3820.6237560296536 2511.883658504676 2610.7989532756105 3000.587735175349 5030.552165828354 3482.1822745593577 3984.687266828641 1266.019467406493 3414.431364202433 1168.1325911105591 3939.24660384611 765.2468996472562 1543.9504883304544 5429.884384527182 2492.2682134200445 4284.541114089986 2169.173730437737 1365.0629466784255 3695.984942338733 3466.1016341415684 5040.992104787177 2695.591406407173 4374.670145093605 3761.8458113826737 3445.467602635867 1802.7499955547544 2379.7667821460127 5471.266533292522 3466.206872412704 1869.63585893011 4203.149010207462 3928.4076887296083 2387.7054183580753 2838.3803017878467 2332.899945800048 1372.3729873154348 2226.1358053262456 4364.947196395917 4286.541038174882 2802.2286341692243 5840.554909041608 1775.9721597787964 3984.3888621895826 1046.7625517323543 4621.078618002285 3502.597574323654 2293.9292064877827 2205.4303771261884 2307.7673348401827 1957.707094302979 3837.1449527675627 1224.9682205604784 2316.122211535628 1461.6990867815055 4759.551404552363 1527.2568583493448 4291.984163491203 1811.9072230690117 678.8540935839044 2684.1721165023732 3677.1435718560288 4787.223652580038 4783.606664179689 4186.720781029464 1732.8116171152913 1190.111360020453 4774.798126542643 5063.833327252342 972.4041100917034 2630.5831153133468 5052.241995188769 1101.180627337629 4418.7288741711145 2629.4570127893567 2795.306831442745 3311.329697301995 0.0 3584.447360371577 2476.797074522131 925.4042325894977 3408.6443655318108 2721.904241481653 3554.310902396948 2880.3956435070622 4938.699693407125 3553.2890646790383 3655.969978351692 3532.39749360162 934.1569175213178 3715.1910074888965 2380.982763136726 2860.7855126597633 1214.813724206029 2831.936283308029 3564.3356738462962 
2442.763406652894 4228.414908584871 2291.030474891078 3583.413207702687 2399.2599748844677 2296.485504707608 2807.148175470387 4294.0341758736 2049.769979129078 5963.114461999399 1788.8187025440764 2314.907760342546 2334.4106212557203 4888.532782014833 2436.1734655633104 2150.873554432559 2858.4141921555415 3665.3049582085787 3273.8286505060905 1764.429170211496 4906.639045766702 2441.791895848652 2222.579597546587 1706.4677353611173 3876.276815316278 3140.060195378285 1041.5215578408834 4000.7107462756935 354.84799410335165 1068.434259065037 1982.605346069482 4576.73183446639 2936.8406377219117 4623.994013855488 4420.442932047331 4623.751029518998 1196.0139411551368 4238.76400929423 4252.048020558117 3243.7428218787813 4498.839142850724 4353.653806367545 3761.6116361853983 2553.6890851074027 2757.1139721963254 3486.9998034384403 1918.5580621826302 1530.6245689719005 3531.5366732285693 1745.006994329115 889.3201528989237 4056.5385499269214 3357.101273332301 3810.410955118531 1626.893763780888 1753.986683308947 4343.152669949496 1273.7203081825542 2246.143546500016 3159.195711149146 3325.6148944343936 2022.9718498971927 2752.8651847685724 3545.4432022918577 1359.0329008773888 559.9984336415838 3843.8124643939323 4080.280476901023 3091.602507167301 4202.875161584616 2764.7637659250936 5075.195025604684 2629.5840208467544 2940.0585708791905 3840.392283611903 2812.0018826391183 3491.052814882268 2794.7037223677785 1146.8395344517717 4731.417198345224 1275.8873890002874 3584.447360371577 0.0 3205.667800180427 3168.127201572753 2030.9979510662 3149.431552191089 1384.4415574496697 1117.6116568318093 2277.1301796453886 2497.837958310666 266.7379874768077 729.032864752083 4355.528230773507 3468.6808213772665 3666.448852118665 3995.976706485765 2900.812171334633 906.2955060921879 90.19104793880537 
1986.6708755928828 1366.734144150076 2811.453989459255 3158.754073839347 2616.0892489961484 1880.173099662376 410.83150576030306 1135.0407167944961 1324.0407726237243 2983.2586157170326 1878.8613238625633 2049.391243745345 1997.2917691840835 1688.2950352765338 2336.068269026507 2097.1527902529747 2001.2942984471174 1154.207090313213 3351.056456619368 1445.7676913046646 2020.8836961963837 818.3364353940915 2237.0354948561653 2131.209044992577 1036.4027436158603 2909.5574340597313 2220.013911674009 1899.2767755905102 3134.1054247214925 3801.288807718587 2808.0575358154033 1566.542193345089 3589.703453619303 1467.2381693656287 1695.40787733058 1847.6778381630938 2711.6529493276876 1155.910402129438 1048.1552573846093 160.30089509946146 2230.4227337627913 1376.3309787978806 1911.5499982435836 2265.2065361186137 613.6735004351924 3799.3687690822835 1784.1263844278403 2544.876034681558 1516.6257673303307 3186.5796556351015 2532.0318911338477 991.3854540835645 347.37036991659716 710.6631914306769 2267.336742537107 2240.7518351466674 2151.3548882234577 2506.8209230702796 2627.0403348355253 2549.968078874435 980.8947039332281 2580.621957227424 795.2228213055672 1856.9408949336053 3304.9360729961963 2901.6721813885383 2364.137827720621 2322.2244338393193 1894.5897858565847 1533.2163675727988 1437.7141737074471 2418.2186171602566 3208.146229521348 1582.9753654226386 637.7159116761243 3088.992714588441 1447.1216149152492 2300.275586078021 2112.559487100529 1584.0902179217235 3829.9950429543765 2476.797074522131 3205.667800180427 0.0 1555.3533109162518 1645.3707520802448 272.52592830999987 2223.973650591401 2088.489178515326 3257.314039411118 1478.5448500511309 3085.953241179727 2666.702069101534 2506.372079315529 1255.7280469402194 519.4590894337773 796.5993178376326 1324.9966238175498 2330.258977918877 3131.3778883452774 
873.1984457363561 2850.7800468395685 1666.9525539147176 4500.117163762183 1422.7943968583086 2971.431618438509 1592.5314084567174 1865.4254117215376 2166.9092119803054 4249.004111849535 2692.141855372755 3140.7199305465174 961.7513404150974 2676.4745418840416 1145.4021478381019 3113.7360237021276 598.2826130037191 796.2639660524706 4576.22850397493 1748.7751031586524 3430.541179450365 1295.0446162262351 1199.3363543928435 2925.073282719075 2560.7344870536494 4172.1451462271 2164.081071753243 3450.7978869955473 3269.1108832670207 3308.459763826527 1818.458543278788 1798.4875778905778 4665.658476734215 2661.0153704341105 1416.9990136957163 3322.9069905702795 3260.1697272205934 1671.5503378206365 2043.154781083911 1415.5502046727363 1331.212239422685 1597.4670293261838 3439.7214263280976 3431.1248873728814 1887.4928127825115 4999.289576206149 1249.8426495566819 3257.366319284269 398.6918622167775 3916.9401459580663 2883.254855426564 1537.0168181122951 1301.7860230109732 1479.62333959683 1631.0930421286455 3064.4972297661498 1175.038970033685 1999.512725640359 1512.6230953143786 3872.3372115508228 646.9124548813188 3506.4158198848977 903.0537657150788 420.6199230395067 2608.2448029050483 3130.2790891809054 3864.820347895401 3858.2132387839265 3280.6141111170987 1214.0822599642845 412.44232225560444 3897.902967877823 4258.968783465433 236.96025260272668 1774.6061641266006 4221.312087248026 389.61084744640215 3545.7669457284564 2074.418012775729 2149.681241560062 3236.016860431276 925.4042325894977 3168.127201572753 1555.3533109162518 0.0 2580.505905727028 1797.0261157979182 2835.6365807169705 2263.7074343485933 4175.822862211783 2672.8490150878424 3176.6539643339265 2947.5144282976967 1258.4886349401488 2789.8005398657374 1514.9666471827404 2010.522062547579 335.37761320234256 2307.5555696236647 3127.2565081782864 
2408.0289388667516 2280.550826215592 2921.8354177786714 2058.5249493358597 2844.4909002809613 436.83659047927944 1266.3231508912509 2761.1572626670145 413.6524483145872 3989.6542169245563 272.6487333479544 583.7084486058187 2341.9631139294825 3146.6914910601354 2664.178522706625 533.4146437559958 2687.5096077139096 2612.4673670966918 2027.068077422672 980.1243370269002 2930.7590409810314 1298.459448483074 2454.42484594699 499.149864877849 1955.154533838834 1665.2123698853254 1431.4648542566836 1971.6900391659474 1818.7851677541282 2950.164376838128 2744.4353735565037 3211.3078809223234 2086.846848052344 2813.0758148250643 3284.257560328371 2631.303653771259 1148.5209668595214 2800.899981340951 2611.7669785201433 1762.8090237815902 3683.3459314234015 3016.3147685253753 1743.8180316954672 898.3212315494729 1037.5218081452954 2431.932795419978 1824.708545357455 916.4500723590696 2769.829064677538 1541.9588315632627 1161.6724652970945 2636.2684529000676 1942.9966346680771 2355.7340817172735 2068.637732153579 596.6698040096095 3567.065881931356 2050.703270296935 2763.1570518287285 1461.4552359128932 2311.767590337992 961.3923056557243 1726.2617593241 2993.35738479196 2773.7811466144854 1551.3376738024754 1900.827439182711 2093.3137339781556 1129.0846130500233 3095.4126017096914 2226.8017382057938 3053.1663590669104 1681.4664478484272 2451.941310941329 2233.1472901681395 1644.920983851623 2703.2710799645088 1076.7770559133974 1373.4002417617737 3205.915264600989 3077.56962952168 3408.6443655318108 2030.9979510662 1645.3707520802448 2580.505905727028 0.0 1457.2638255306788 699.9672473148751 1119.4722045804556 1646.9344078242295 467.1379313603686 1819.2014059679236 1325.1436301168087 3802.167098388012 1455.3153888631452 2164.16807606979 2306.98367362019 2246.30173342758 1441.745038566869 1941.722499917171 
2155.629106469472 1231.6376391864337 2956.58021399587 2888.559056160868 2774.1261873614135 1651.9595794826887 373.9674738104089 1305.2562045952282 1180.0010279968023 2916.3341500609527 1706.2297518479008 1817.5226587560408 2154.8459067608874 1750.0286364421768 2501.762959917093 1877.5792797412423 2209.190536681915 1426.7330082184997 3089.7709316299783 1419.4941494245459 1912.0810424348663 880.0000121353978 2383.3022602919386 1952.9480630682328 877.2387966532435 2646.113695081439 2203.132985257952 1654.789191129622 3048.9624275159576 3812.446333697033 2927.2874782965264 1782.3463014612007 3344.4124324019967 1475.4848370729067 1951.223964585724 1705.0794508962065 2562.639350632453 1363.0785010738282 1162.2433648919555 432.7683589534825 2501.5670723212643 1604.966196733168 1650.2924095615033 2018.045103754899 426.7983217561816 3539.2257629117344 1881.729714101418 2370.1423346619235 1781.3463668626978 2996.578165183917 2424.9682644862824 1211.521620768388 618.1042722154119 934.0485617336184 2349.2541193345273 2053.3894498336676 2423.673146511021 2556.010141095864 2771.858091460255 2282.323821714651 1245.201865468084 2367.468635360007 977.0945658714315 2115.2754402682035 3361.7507078143694 2805.7574707309573 2096.4527005483783 2064.880406355848 1624.088991971037 1796.1622052768444 1641.8997252081854 2263.550091801963 2968.581600989695 1804.5975944596617 775.8896156979762 2839.462766635264 1711.3579624355493 2041.898580270407 2098.4884604172735 1748.7569955345064 3858.448584501522 2721.904241481653 3149.431552191089 272.52592830999987 1797.0261157979182 1457.2638255306788 0.0 2078.140957695288 2035.0901667775718 3036.489464598872 1241.210070864861 3009.9172557399083 2568.2481457833856 2777.6957264817693 995.8995233981241 735.071069172059 869.5630410970595 1545.027792246067 2301.5845497985338 3071.0753779383813 
2442.6709964242546 2979.08058007916 2758.5632471197373 2329.1288718896403 2740.331578896158 912.0448037693546 1817.9490314614402 3358.5975856663945 901.3627357884351 4689.3876020145235 430.7716552786965 940.2672606046168 2354.5166420126584 3808.2133707633966 2623.81222711425 781.735738199594 2794.366539750184 3041.1589475225865 2135.017585515106 1086.884146762959 3630.6414793362783 1672.8369033813453 2394.6077400824415 329.0398190817845 2649.3290586873813 1889.6721005152367 1086.3434985814758 2633.836131294088 1135.6131243617388 2378.879830524159 2523.5367368757984 3762.940288509277 1992.821828635831 3489.1210276523348 3761.636284060117 3330.2344208728905 487.7731979983167 3368.5399826611942 3240.02098536891 2316.1280530891127 4061.0740370749204 3555.18629195968 2384.6255779887406 1208.2341709082907 1651.6292930107456 2459.497415550496 1810.6727563665827 430.2500935433525 3098.8788223006045 1081.3084118573595 495.1214820725214 3194.64815959665 2478.490014774756 2919.0236830542817 1884.4813412314222 414.68805929340675 3928.3439557918837 1743.0145431142648 2627.9577439509762 1827.463929446351 2712.951275871321 830.5779773380181 2094.0375086044264 3256.044250661259 2343.5798894699024 867.0693701587646 2461.5480317769243 2695.980001725831 1707.197662474218 3558.4851818675415 2438.8801341051444 3741.824382368165 1600.8723906142916 2661.529403960615 2844.7796020875035 1682.6320737166336 3038.902478041165 1444.8270036669705 1080.555218307043 3807.4839015311372 2537.5657208556736 3554.310902396948 1384.4415574496697 2223.973650591401 2835.6365807169705 699.9672473148751 2078.140957695288 0.0 774.3950988645194 1399.1340593610257 1148.9661902280386 1150.4421593365316 656.8333774343948 4092.8595406210793 2152.063530624579 2738.8011613527256 2945.531469178551 2505.325912611735 1029.1352386920594 1294.2711400461335 
1733.8350218302842 3148.6632974314534 1984.942487167248 3059.8309939358187 1974.684974937231 1506.12228263521 1689.6450010565334 3185.4292009306037 994.8319452603735 4884.339652388745 968.2567087498504 1596.2659465698023 1637.2237067669516 3771.02047324471 1877.3444461895958 1464.2425079503748 2115.26468175232 2634.3264799278713 2901.3820151679615 654.3582689732608 3835.016693525238 1340.7880046932967 1645.4309930646598 1046.389935789661 2790.4655356411704 2629.206196746201 325.24454414559153 3042.628045520563 1075.0444034437446 1869.6248194531656 1750.0539175592585 3494.7805217532386 2763.6370886395785 3510.5395738005236 3386.3829945366665 3565.6742370130983 1054.794574945408 3141.2663743411204 3135.5880662247496 2130.3939898696194 3562.4831952486584 3274.070148169664 2839.499156798706 1901.073678045581 1652.634491523332 3233.609453998263 1105.0459275538967 1179.359485743398 2582.612175255499 1762.437001819841 625.5590455599444 2959.472364417073 2251.0709559434167 2705.9725736404894 1112.5376523261302 1167.190308174986 3416.471257063644 980.2739540801573 1857.660819706799 2513.7649468462682 2292.7572156763226 1603.9881313517942 1689.6141481268737 2674.1005436511973 1656.8434783531081 885.3422213578488 3020.277020418413 3205.6743013375176 2248.5537703041728 3171.763942643323 1851.8858851426012 4048.480077267142 2374.5964270453096 2060.1852662914785 2724.044559274505 2453.6502180865505 2531.675023670699 2121.6419787745363 306.16023136677296 3626.492102232472 1975.0610821998291 2880.3956435070622 1117.6116568318093 2088.489178515326 2263.7074343485933 1119.4722045804556 2035.0901667775718 774.3950988645194 0.0 2153.0282407236427 1561.330799087062 1010.5166885423962 685.3701663884608 3512.791107997615 2447.843269662634 2555.6916932473637 2878.3880737689506 1954.7811962063852 324.1000251718978 1042.9419015363608 
3840.3095570131545 3524.32746675574 4128.929112277557 1515.9170531718564 4127.6832495026265 1386.1663051268038 2901.4063825956378 4330.110558447889 2045.1909709767524 5041.020151751213 1487.1535183801982 1227.2233295564765 3753.210586967225 4579.454295517093 4021.287795794492 1160.2982303352667 4183.981890953065 4259.313699980901 1072.4483783391343 2448.5883887115897 4046.236098130666 2927.711504438904 3791.193453916044 1250.9780210996853 3283.728363213042 1140.2186353698596 2439.715487222078 2793.7692004098753 1923.6648313960166 3340.3515912283397 3874.528124976723 4817.784486031529 660.6442945885033 4203.104466441394 4925.16689761216 3722.933157099907 1165.768105856221 4399.494908622391 4139.154074010944 3387.680419211326 5326.781514893179 4633.3160834855025 2494.4102663446306 1120.9929080553438 2644.149284398607 1212.2977028651612 3209.2250132545855 975.0757730809047 4398.233707017268 542.0262814409006 1634.6823948691383 4244.408440522403 3573.577644504813 3964.3703231999125 3263.133955518053 1111.3272806400128 5207.177068145109 3074.9484915615976 4008.736093471413 1399.1574268317884 3955.676004320616 685.5466971536214 3359.251060119071 4595.133454620943 3539.890847736491 1752.2464265285316 2288.539350257807 2607.27022283606 1816.4566274873844 4739.662599397291 3794.7028562071964 3959.621436304848 406.54843662015907 4020.353721650643 3796.4123103358575 672.3162531235322 4333.504403104854 1253.7253924439042 2454.5565996090922 4761.647820040343 3553.0027944240765 4938.699693407125 2277.1301796453886 3257.314039411118 4175.822862211783 1646.9344078242295 3036.489464598872 1399.1340593610257 2153.0282407236427 0.0 1803.119314886222 2014.453023396808 1711.0577319843144 5420.23239666557 2632.6406977539377 3767.4810514383144 3824.760757601336 3840.841892525285 2350.9930386661263 2205.2890004323 
2647.1850083158984 1867.0023996958494 3247.0758383509997 1833.6275360952507 3143.4344054649973 418.63334682357134 1170.4143550784315 2527.1981951181438 652.9360316585374 3551.3533727181452 719.6517417599093 577.6381450936457 2595.5847974568333 2815.177618451856 2935.530767396722 658.2501591743451 2875.1057389563157 2562.454001835719 1919.5933592432377 1289.8303000069377 2495.793484097027 1384.7166613079148 2741.7266342830017 889.1525935858648 1564.2819056977212 1501.6668029930092 1860.7958085186385 1504.7177255335366 2279.384292977329 3410.53441711885 3098.224260038296 3022.8712727645093 2112.484610623405 2458.515137506701 3170.9097845604397 2189.246218497691 1561.4346599912353 2602.5061207145354 2339.142861030906 1621.0052036816298 3651.581862154022 2845.671006878408 1281.9064016169928 793.7260147576891 880.1031265916923 2357.4197165569144 2114.9842664527323 1279.3094489168561 2799.5300266349473 1828.3627707626008 1624.4547916535175 2452.7249679053175 1812.1715244793509 2174.7211746857956 2424.1328922168927 937.5653112349295 3551.0547151277406 2451.5783640374316 3078.70091089479 1207.083705754872 2298.09678908766 1152.3480612638994 1775.707238443985 3067.1497524560896 3201.8148796333944 2011.1183472579803 1478.2401365447524 1645.1968274808717 720.9499163008729 2999.8237686932953 2364.122010703936 2593.1430178828273 1729.7318188597258 2581.2899436697026 1993.601717198139 1617.554650610264 2729.8708159859852 874.4233453359079 1791.9587573675396 2958.8898696281544 3531.7387001668176 3553.2890646790383 2497.837958310666 1478.5448500511309 2672.8490150878424 467.1379313603686 1241.210070864861 1148.9661902280386 1561.330799087062 1803.119314886222 0.0 2283.484046340945 1788.3558861197534 3837.430441476416 1008.2935278111895 1976.0606347873072 2025.6059525657934 2349.6136536103845 1885.4261625889412 2408.4609395762973 
2500.4276271890185 4051.3304011694895 2435.106496278699 3318.288212799083 2521.5867758896575 2059.7752837702865 2680.691522968562 4193.318457779404 1876.9384372005456 5781.764752246879 1567.0978330100722 2069.190291959172 2393.1047052452504 4757.567846297947 2529.93111687665 1903.8785572768575 2912.8941680314774 3623.6482358620965 3007.1436126953463 1664.5707671809005 4723.056548107953 2351.301766564388 2307.8049998466017 1465.4880139686977 3704.231993334615 2875.260435578276 1014.1740360758776 3780.6377412426095 115.90239733480387 1334.9612692092446 2133.601374245621 4503.872977284673 2674.723879259111 4478.661808930264 4378.574143927661 4434.016063055383 931.0176683781879 4151.750083058097 4134.07849263647 3135.768060614313 4501.477124996892 4282.572295943543 3534.741303843355 2299.3688835387543 2605.7191422298565 3222.9672556290475 1937.1484485781602 1268.720609288751 3525.846288033184 1485.5656069731895 659.8180819385682 3969.9791170427775 3260.563320058106 3715.649524096661 1706.4886322324148 1504.2729893153958 4349.053994910653 1378.6348351525512 2372.8225033985964 2901.0415731808257 3282.0689319356507 1758.9665789539229 2690.7398549323757 3567.5098056893557 1580.8613137484124 298.6382817788582 3600.456573277702 3843.582494098912 2854.7509350473492 4162.25006442684 2767.185055924022 4871.591009879609 2363.828584126961 2955.04964221387 3723.426846629686 2545.2652901834213 3481.070844774219 2540.450319128013 1109.8688782634017 4635.68185167659 1539.8675553547505 3655.969978351692 266.7379874768077 3085.953241179727 3176.6539643339265 1819.2014059679236 3009.9172557399083 1150.4421593365316 1010.5166885423962 2014.453023396808 2283.484046340945 0.0 495.81228122385585 4390.772732379148 3268.729717999192 3562.7622972066833 3867.7729015519944 2892.5695704335603 870.9752814766105 190.919815125456 
2374.2251994159524 3572.239179385595 2481.405207611644 2895.8700807542 2520.3747448111544 1568.4096227737368 2256.7808824671765 3790.7478111181945 1409.7245100797668 5298.427243093017 1071.323922574984 1586.4407126118506 2272.1590978828694 4318.151873212085 2471.604854596576 1423.0163301798707 2770.36392798666 3307.4392679870816 2628.154801114044 1299.2866260887831 4239.060597401109 1980.3973191860189 2240.0798869322193 977.435416248743 3229.4008033873265 2451.380318705268 841.8593679598716 3284.8320391299485 496.9516249680181 1753.0806518181153 2204.5519764262444 4136.154252818544 2364.5874244476113 4025.426443716208 4055.8620407917488 3946.759039183231 548.039644359807 3766.949948256561 3711.0165027080006 2730.7600205568187 4247.662083952905 3918.5017884526533 3039.697303609996 1831.864312611593 2154.0019853835397 2888.97923688454 1760.8553041113853 839.2426479136295 3267.852400885846 1230.228820094602 164.0332675732964 3586.831845649813 2869.3623373247224 3323.3379235819975 1656.8688194779832 1028.718402482979 4101.834828357484 1403.3553712419798 2385.009668644589 2443.108244730175 2966.783443159982 1336.290126754388 2355.748539240061 3355.892299325516 1834.0324234077352 238.0615111263709 3114.781107902115 3352.572334857947 2363.689019162701 3842.927650342941 2535.3132514519234 4378.2630917755205 2016.0251316616063 2740.9891002140303 3303.428427014133 2163.8718943924778 3216.589381493222 2072.384172320376 902.9725061174129 4237.411164706894 1930.8440183722923 3532.39749360162 729.032864752083 2666.702069101534 2947.5144282976967 1325.1436301168087 2568.2481457833856 656.8333774343948 685.3701663884608 1711.0577319843144 1788.3558861197534 495.81228122385585 0.0 4193.202376411457 2777.4715131662315 3159.9985673788465 3434.206269500009 2640.094065343949 715.4231846881213 639.0506771508313 
1923.6498832428392 3549.33038022365 2449.0045915280853 5630.083730564774 2218.949718748366 4171.001167288402 2686.008082668169 2217.5042510498142 3390.0540479148626 4570.465612337113 3933.3218732583296 4343.444890760128 2031.462163135541 2948.8750796848885 2033.0505082573175 4331.906008117082 1511.0301589937653 1362.522883781964 5756.732425524468 3006.321729114629 3981.5047869464315 2503.719768366667 2194.913031530905 4171.7536381820355 3347.219727777582 5335.742278880551 3388.5929881383063 4348.4146277506525 4488.816966520772 4330.337743468107 2704.291363560904 1818.3030017876445 5887.8070750074185 3101.188029536164 1268.4451456406784 3969.8031533213107 4518.371725299972 1981.0629224498932 2499.099910168902 2346.4316879766175 558.3164849574395 1737.1576702054085 4402.51847283107 4619.046684733239 2989.436820930266 6190.9130551418575 2454.625726301403 4512.809132549067 1038.501203033771 5174.095178160738 4135.576484876847 1955.8618532785897 2171.718212580251 2081.8832736783042 2748.3134955055425 4309.913383121283 481.78573111099064 3120.1915730710107 2361.5042445853505 5007.523714628074 1551.0484922109288 4744.63437038221 2078.738536310341 840.3063015140092 3578.402849426177 4366.945150054252 4866.744249330665 4800.363117735094 4376.777096123064 1231.385726282837 1664.5922276021558 4515.433223137405 5483.4072708051435 1452.6133824033575 2424.1937415581147 5427.025307040929 1107.7460496615618 4709.490662933529 3305.730355197207 2259.113011520014 4211.480035822278 934.1569175213178 4355.528230773507 2506.372079315529 1258.4886349401488 3802.167098388012 2777.6957264817693 4092.8595406210793 3512.791107997615 5420.23239666557 3837.430441476416 4390.772732379148 4193.202376411457 0.0 3749.6086362613432 2222.919041174107 2622.150986009578 1587.6218408849163 3531.1286758793776 4323.670272726605 
3064.945070902129 894.6943842572209 3809.3438510235273 2058.721274969582 3653.8663185347395 1361.3834014087226 1238.310477177789 1934.0880575612405 1453.197445498044 2543.3312527618764 1721.29187600495 1466.5833018734356 3046.2713149046094 1978.421797111765 3399.303609263042 1601.058955174551 3170.7342509744913 2387.801830556677 2371.4549049499074 1990.0867923777212 1489.6470262374041 1712.3687565314012 3250.1032331399606 1896.568590948042 671.6069991520814 1922.3307989553077 2707.3570254325687 685.4671825663784 3272.8358824216543 4317.078059346057 3728.856478816339 2494.3542288002377 2757.1066850466136 1587.5462099937438 2799.911467460281 1180.9912151631684 2568.782685124517 2085.922985022827 1671.387653805844 1412.023508561409 3428.807554429159 2371.1252912133136 655.8555018231704 1512.145665840721 1003.583726386259 2818.798902757902 2677.5285512247474 2276.2568978986938 2772.3090552217886 2771.2811803082836 2614.822233546829 1986.9623370147362 1578.700540299868 1752.0713684974558 3090.05877332793 1935.5291636797222 3368.2746632024546 3211.407366773881 3627.5096305330685 1521.6690510193998 2236.612020978243 2064.7845463880903 1936.4878965768896 3110.5662262325714 4005.9167305149294 3006.0204745467536 1120.2204217576398 1069.0991380279122 869.4480314275005 2681.355139343598 2605.800629246503 1607.337905659347 2441.992386704025 2783.4892337826113 1455.250311368678 2241.8121448059023 2702.84763265426 1422.46673523768 2619.5338890623266 2302.201177826383 4411.730067706569 3715.1910074888965 3468.6808213772665 1255.7280469402194 2789.8005398657374 1455.3153888631452 995.8995233981241 2152.063530624579 2447.843269662634 2632.6406977539377 1008.2935278111895 3268.729717999192 2777.4715131662315 3749.6086362613432 0.0 1570.072274766344 1373.8364469982641 2524.695188809547 2763.697547605915 3380.8134885469826 
2145.8688712197427 1363.5312935105217 2998.774480772604 3577.620539298771 2780.097821318125 2385.0887571958333 920.8784470189124 631.151159527038 1840.8677408631338 2765.8652165350936 2398.2202420770313 2551.745121857826 2181.4943914920673 1299.1270886642674 2490.4457409317624 2607.3866479289345 2057.704133011056 878.2123390359349 3808.6174828994735 1902.8339819014009 1915.749868377949 1229.125632645799 2436.576962477879 2650.665921531554 1126.3478190013257 3361.3792990451025 2654.260098021196 2129.9726550574824 3617.0958337468246 4189.569269552838 3046.1344889171014 1050.7102593954808 4078.162445939922 1179.8010228260146 1241.185674269525 1822.2711485873028 3226.5659387293076 636.7319247652339 622.4641698963088 429.2649592272025 1862.7724554218828 869.929211901201 2207.433616539726 2751.7178887904734 1129.2021082162557 4259.513100420274 2087.242368381414 3064.167849986947 1344.3499283463825 3705.734644018014 3030.6214531181804 477.09280218699314 321.8911812570216 199.31547965746276 2579.7639419082802 2759.914597985638 1812.1111386387024 2860.979476182002 2819.0381500093727 2986.5037236036665 868.6309836487827 3094.1301422158413 1030.9835827497727 1712.6780401055098 3637.284786948424 3392.503411612558 2687.294926819593 2590.83545825756 2318.3191589814983 1111.6081934599506 1537.894840383945 2393.9979563372553 3703.5757827374473 1617.9859760829588 262.46624797015795 3571.503609484127 1283.7649114312787 2767.1949472340098 2545.716464528212 1077.571039971362 4196.3612691545695 2380.982763136726 3666.448852118665 519.4590894337773 1514.9666471827404 2164.16807606979 735.071069172059 2738.8011613527256 2555.6916932473637 3767.4810514383144 1976.0606347873072 3562.7622972066833 3159.9985673788465 2222.919041174107 1570.072274766344 0.0 498.85712679016785 1385.874162084167 2774.060862496882 3595.897943728631 
2636.343426195318 927.8334899475208 3486.7751655586394 3432.282763464158 3271.6625184932545 2444.2116623432858 1188.9641523896398 560.9040891874888 2049.2475172821323 2271.567400093001 2564.3204257398256 2597.8334806973235 2667.594497448899 892.9852160213803 2982.757533367497 2682.180298781896 2556.541125739397 1329.2871468232102 3724.518317869413 2240.6495696875595 1424.7555259028466 1608.5820048344642 2920.4514911595493 2805.8705324131843 782.1971611428647 3273.332359120235 3016.5537429434607 1817.2707558693387 3910.880009027618 4593.588141842978 3522.062262916373 1126.0779339354265 4059.1388539731006 695.7995003519375 1497.5933660565966 1357.6051929338394 3428.371866664397 734.7166093133563 314.81863694452505 800.6877348340882 2201.874118398978 1027.6596070186142 1951.475709352762 2748.1762963193423 1294.4069320900894 4175.153706938856 2535.7797845109953 3223.3871907646608 1816.2579007010852 3833.172473260278 3292.8089421685595 682.7994238719177 782.102117132859 557.281108342459 3026.4109024186355 2898.2194413006478 2179.1473124824215 3286.420027956018 3305.6901747884376 2879.6269413393234 1363.60996191413 3176.6967456272214 1490.2063052349176 2186.120022600682 4076.638145125938 3671.202832859223 2442.545967618781 2295.5043624384584 2211.061935042338 1428.1656506752304 2033.1718270724564 1920.7703796849626 3708.2392567527986 2116.8404749096426 236.5835456459731 3543.52406229642 1759.693105823283 2719.9396594022483 2909.144350075375 947.0704071779464 4616.113421212559 2860.7855126597633 3995.976706485765 796.5993178376326 2010.522062547579 2306.98367362019 869.5630410970595 2945.531469178551 2878.3880737689506 3824.760757601336 2025.6059525657934 3867.7729015519944 3434.206269500009 2622.150986009578 1373.8364469982641 498.85712679016785 0.0 1883.5181119315102 3125.972746525934 3920.196423020372 
788.7133889644421 2666.573408333909 1639.452969470048 4180.536946694312 1409.2237295748416 2640.209916916936 1302.6557633935709 1833.2007501855312 1832.8298283156148 4150.955810767329 2356.8154613435536 2808.789463914444 848.4506628543921 2627.204029295029 1118.9472834160733 2779.6522278018924 682.5370214256257 852.786397415128 4246.787227678015 1419.1341638275876 3279.5615622867067 966.8193078372541 1105.9619842076363 2590.2373382943592 2355.186517412544 3846.1432802010936 1878.5163311995864 3196.977674650327 2980.9049030459637 3123.675898356009 1735.5267130805335 1869.5692379059144 4330.804179819094 2562.139834632876 1570.3235442126552 3145.3162541951237 2935.7107489554796 1668.562328317658 1966.1970022975077 1201.8920315025832 1611.307361009732 1653.274199510905 3167.1665269655236 3101.4300998591248 1588.764078172664 4667.860797022455 999.0851111953023 2925.4113860039274 633.2906180136882 3586.5082499793257 2569.0196538084 1511.3221563291445 1124.1572667582245 1394.321618535399 1432.323476489084 2729.5198823242995 1462.588481748867 1786.8857799142615 1467.1466302240763 3552.750237419421 579.0663265629937 3171.05006735443 598.435726088512 754.4347734671579 2458.614208777001 2830.147322071307 3578.652924558911 3588.4279567421277 2972.2754401846837 1354.9712015843247 173.00944375705956 3720.4836239456818 3924.006154739424 259.57884898318235 1648.0072085008524 3888.269214815468 590.2543870081474 3220.638719259656 1783.861242889433 2171.571765867012 3072.694009751391 1214.813724206029 2900.812171334633 1324.9966238175498 335.37761320234256 2246.30173342758 1545.027792246067 2505.325912611735 1954.7811962063852 3840.841892525285 2349.6136536103845 2892.5695704335603 2640.094065343949 1587.6218408849163 2524.695188809547 1385.874162084167 1883.5181119315102 0.0 2021.5994006883773 2854.7173870398865 
1671.2242415109151 3444.519719279416 1784.9212731410275 3348.6823484088204 1809.6787988464855 1820.0022493017714 1943.844847939337 3398.2450191095777 1310.98152674203 5177.85648448307 1278.4656688375833 1901.7334371455233 1566.9877696896237 4018.4680251517398 1756.3341378127216 1762.8998184075824 2075.140860009829 2763.643310600115 3163.035799775926 885.8952360155108 4133.320783844887 1545.375341105662 1525.0305295737687 1329.2820480565674 3083.9845791591406 2912.9986885898143 143.4811649948644 3364.7755992146976 961.5566383383419 1554.3858564398988 1523.611569651439 3670.765798886368 2983.253729310628 3774.462901665674 3519.0888625499556 3869.669590409309 1201.964675394346 3336.295922284145 3369.968934207963 2356.365421562293 3630.751384142158 3447.559089543213 3163.3598041069204 2200.3648284507985 1936.935020671172 3475.007036735846 1077.6109989088832 1395.4630489907836 2654.8723966181246 1913.6179423513677 730.3919645524976 3154.076696653566 2460.779924603531 2912.0218339289145 942.9795957159238 1439.1136202929945 3478.737026819941 725.1468912461194 1678.206231353069 2817.049503440525 2423.005033773857 1854.20845738369 1846.5718782885076 2702.5308027410883 1341.3775723719148 845.4615685887495 3342.4238989476157 3529.645593589434 2570.5381349346344 3301.931218738616 1897.1896837471593 4360.286913113404 2606.2544804202125 2088.356092106776 2958.7656149778268 2707.7598864474053 2610.2671817564683 2425.9315717102354 241.9157176273828 3832.250107379825 1652.7986717803415 2831.936283308029 906.2955060921879 2330.258977918877 2307.5555696236647 1441.745038566869 2301.5845497985338 1029.1352386920594 324.1000251718978 2350.9930386661263 1885.4261625889412 870.9752814766105 715.4231846881213 3531.1286758793776 2763.697547605915 2774.060862496882 3125.972746525934 2021.5994006883773 0.0 847.1368890351222 
2416.9448148769106 4143.7443733945765 2297.250519714308 3499.3805435221952 2396.8673449967964 2206.3159157242326 2731.2323488947263 4224.384645807678 1965.0443520569124 5877.973551723079 1698.8854616878905 2225.1518204939966 2308.7996166677717 4812.390349291063 2423.0320447361323 2061.2504638704677 2831.966924580972 3610.2910597394684 3194.6211730750633 1693.110876617957 4821.077325146728 2373.511952717228 2206.06866812569 1616.4755967724675 3792.3374162542123 3055.7359514811433 985.5271686016537 3911.06174172487 293.0165359923399 1147.686953032695 1991.336081036762 4513.9036231558675 2865.602736231404 4544.929312139118 4365.695252779451 4537.294721658878 1112.4792888088652 4172.335954215806 4178.515797013423 3172.0332436487593 4456.886633163255 4291.203473467807 3671.5976075206295 2465.054872284356 2676.347029899045 3413.463467359396 1879.2335232546584 1444.6953385950885 3486.6481310601607 1676.3660077487516 799.1500529562454 3990.157160679358 3288.0553057378947 3741.9824730425325 1607.1956878917215 1664.7456199481683 4302.1258412409425 1262.207316486814 2245.281860622015 3071.436189967627 3269.8955364444887 1938.1591078919657 2691.8319212474653 3509.005030650625 1401.1414058343316 475.46438991074405 3753.8197847836236 3990.093227995235 3001.4222889058847 4148.38538697464 2721.704033235492 4987.064610764031 2553.3406433386485 2900.983489238799 3766.9515405322245 2732.1505125859653 3444.87922169398 2706.0273126730954 1088.8851884677856 4663.051522320893 1349.7522794818478 3564.3356738462962 90.19104793880537 3131.3778883452774 3127.2565081782864 1941.722499917171 3071.0753779383813 1294.2711400461335 1042.9419015363608 2205.2890004323 2408.4609395762973 190.919815125456 639.0506771508313 4323.670272726605 3380.8134885469826 3595.897943728631 3920.196423020372 2854.7173870398865 847.1368890351222 0.0 
96.17360409262558 35.35407409590062 45.689673377315835 22.530743443766475 62.981111356872375 58.222965207816614 52.13493233637636 30.69138298561125 47.528854520795825 55.942938744997925 62.78400058710329 13.02746922282786 74.71895331739901 29.857191311928865 97.72618076304813 66.50013700201617 23.07027621769463 86.95563661742557 9.733965626851859 27.652102007051905 37.06955543285141 49.30282590986609 53.4198009295783 69.11506027456237 63.13516154903469 91.28464324265632 91.42869025005153 96.64856186209818 1.9822804624579304 86.54939129156013 36.16822589868568 53.43950616898281 10.510209105939216 31.38213638477122 86.22218596000577 56.06714558878001 92.28951173760582 86.739532367554 92.86331907853061 44.83929231571333 87.30884486649863 47.28551623444955 83.97551851738866 30.1311989073074 8.84826191056759 2.5066739053633214 80.21509099438455 55.90937281559558 78.17786613909395 2.3492412206297497 61.38535068376941 81.79833638539021 76.23766270382075 77.80806233782779 79.76834585613722 5.849167048931802 65.53657026681394 95.51108614717344 71.55197907996356 11.59439413976232 35.21549335520382 44.58125880191437 87.51039931873903 25.0246498374462 87.55146935006081 63.92094016320659 49.74000823268978 9.79820087543658 15.136874534242395 18.552283059297203 42.52298387323228 12.295337883559244 14.549738810568702 24.760283309966567 62.284769492753114 92.05530386347735 44.538244446695074 5.523460801072455 84.13146463901737 37.684291392632474 64.57449732863961 30.080468838583908 50.597627153175175 73.4987749096774 83.08973123666583 54.46915238124983 52.00450658192327 7.96925164648723 3.7850667218784717 33.48791353378261 47.223266784505334 61.45522620940367 83.11907789140994 18.767460929920297 68.65728389123224 37.77306845158377 2.4053264335680224 92.50435974577262 65.90213270264942 71.81415592559219 
13.910201720683657 11.89604946196795 68.81141202830493 93.73148831127388 41.923279161468216 55.430280817938126 92.59110288092737 99.13873922905327 6.979566222447875 68.92019994995438 65.06465518199491 4.316489283010371 94.24498178325817 6.539615219278727 29.395546615012456 95.59620475463541 5.53343027044122 50.101226840708115 64.32360826995036 52.89323411498433 18.505926071908764 68.43390777472976 68.36588528996043 38.78593381909221 26.309156160723024 47.953389160118434 74.45241888697876 96.58881495708668 46.243027082494194 85.38400381424196 97.11176952048439 93.5433500835692 67.00365113845588 84.0773950592144 65.59071332184384 78.55086943630359 50.630334251111066 36.48740965147507 63.187028031412574 97.79780629695452 17.492127667319203 7.098657102131945 75.59383004163115 26.174230215571125 20.48157316852326 52.469477878972825 49.19847249222059 27.562523137023152 58.04022949567488 28.03841524584927 74.04849272755548 52.873700492186146 84.72268000785905 34.95647352120349 35.59171739786555 21.134750277773804 52.712719957747424 54.445816521894194 24.31705233837841 5.981118299856536 58.037411982062515 2.04873243145528 53.067126776961885 67.58423673738464 71.18182054213307 9.61913915041922 8.063410168741337 28.34479089461692 3.389183144439001 9.02196722891303 51.57899988086844 89.60818585059357 97.13833581619723 48.24424488144145 1.7137685149180237 26.209470284331804 32.12226627746706 17.984873302318714 37.8711515931523 75.8307588231292 6.508671365126439 4.778366082314889 19.305305269072505 60.9549429863734 87.34542450153977 15.321174368102685 58.50198555689566 42.62530742740479 23.680909891458445 35.90742088976667 61.17593172051357 7.271417739183372 81.30118561943969 0.7442057201501928 30.312189682279232 30.537428854365356 88.94302307659207 43.404907066210654 32.94821125857996 45.34978201713125 
82.42379973141071 96.79216497333512 45.28819599033385 65.38696591123005 95.33638062481064 88.72054925221816 24.260628803028283 79.66488946769516 72.78905513866947 52.592173886527114 1.774505398029591 39.12710443960643 78.12766016835221 35.626801663865514 61.69926853998976 1.9299841381066885 21.659081732129295 40.72126393086876 38.988020145652236 90.53866357657044 65.10229486714462 82.25133398818033 75.38307712338106 40.8003945532207 45.825216301341044 70.99239566141617 76.78750756843591 90.83771657708594 20.882573557609817 68.82363903325134 43.65579748698358 65.90461915797148 52.45212378047478 69.9936759669459 87.65130438578923 64.27468028866669 43.47353102921277 72.46386678942353 5.337737761089201 38.78092799053744 85.12623769047609 0.20884376794437776 52.81640532665147 98.8029595876485 96.23974402821828 25.342021222969468 53.99046565433348 28.297616255678715 18.81168324684045 17.547211334382386 79.53205644018692 26.895327336284257 83.51615641122746 17.535650535690685 53.64756671758205 33.13500560710558 74.4167963110293 91.11113253834921 81.38097083332184 81.58610754357754 3.05606767440868 70.91413517434304 40.46460229903306 78.90736084583865 48.674357696545776 34.02915317565213 48.6212953799707 57.81732515273228 33.51940157547235 95.37773189048882 99.74137207978858 82.50281262801236 80.03868059461 19.182957139765367 60.50245433909504 34.16694601748911 40.204388329246164 63.77945801810107 32.76962221446408 1.2194188713538612 96.30266392492882 78.65624048543441 16.508000661615696 35.037301199825635 7.2257674081455665 66.85797650469786 52.959316632076344 9.275503882562674 14.63793373028106 10.733627910377663 88.4785912375669 38.38184969867212 29.342666035079525 34.50958597989921 75.69658942497875 69.27237883755905 89.76123086895473 43.27777188803032 20.568208667874366 59.04841024996473 
21.63924326375123 34.727451810268164 91.38653089881298 91.18759083246486 30.930106774054256 27.31274674459786 28.986767418829572 62.816951487636544 30.261262929532496 86.53619061996804 36.13389019351766 96.47681233292367 33.471126511907734 59.64185630668059 78.48222023811996 91.21009867301659 52.411672699884136 48.24995242173541 99.5148597143498 29.86248620212747 95.54364165365004 58.32800988104603 37.515287044267964 2.1544738493855187 98.80836815372074 67.3820971914819 33.893041419294846 86.38738358369781 15.842295684367059 39.86475464542999 39.079936324441434 56.57097174980377 56.807219863749935 3.534631637708019 54.73272667420866 46.31115778229299 92.94137885311518 71.86611995700126 99.12276136905639 5.97215164489543 37.39352378473313 60.595485862706646 46.3626247397959 35.42805961372716 71.98413632861464 0.10337730358999098 69.51432400866389 61.14479306946588 14.244976018497823 89.57178300075255 12.643133603807232 53.383910033460026 9.420199463052981 73.71684979763103 27.525658100431926 46.99581126085533 88.06930469149985 48.387226978797095 36.990335161217615 37.570461987630765 51.49419858025567 17.4308965446059 28.763001704423797 73.63961526563514 34.41968907303057 29.97171454620664 41.209767477574474 55.17529274403593 47.18877253920183 24.600199080412356 75.51392411995194 78.80504866819493 18.19109196434431 94.97132726644449 57.593167314149426 40.96532660972869 41.32499698129701 69.91546999403849 77.45794428935679 21.640030915555464 83.00061388011754 70.40677906985428 53.73125427653348 23.382133017929576 18.523448747555392 65.59670124421574 6.694777682225228 32.992041427130246 48.65500920861846 0.6085145485218879 74.49572219816113 6.527108086564393 93.72896786218021 9.902110284388876 74.04333424443045 52.24254285708672 74.9084900083333 61.75650602522541 90.64352476662295 0.6146898465262063 
70.00226527829555 1.780847115438755 78.56459930960126 5.7734953837846215 74.71393751086092 76.3529408521602 68.49662919989032 18.471695125409337 9.281529424459478 20.497670299386083 7.261510371647917 7.144074040162074 85.17064028229927 88.95587602871278 0.15030337362822443 80.66093946068301 86.8170791648735 94.05762599624762 86.90896236101062 84.05570445170163 29.371702209735094 89.50201210589324 58.66311393201035 96.80725112485284 24.9822869924343 5.258946252911634 14.967064009012454 62.1835833850855 27.354211697912245 95.54670593500975 67.68172984047642 15.703984757222845 27.163819322484294 9.202205821610498 21.530775707808726 60.95273763435297 39.35535175053509 29.749337720349466 99.95366793465288 61.77819560369652 57.43435288635608 61.08392616970918 39.26904176455979 81.33682564563057 49.577511773901776 53.93217055990112 44.18110547125731 0.4925776240553348 36.710889343431234 78.102724817974 83.30655863319012 90.75774956335091 23.66557556191722 46.04081569870952 4.668864197710921 0.2622869800760319 51.10178762273128 84.30613384898935 68.00128978718672 35.164224729560125 98.09949174872283 31.33444093383906 23.2197483157505 83.46478918165397 93.14565324909687 12.206217760383264 12.570853170579987 33.36743019858467 84.70524381852152 4.13383316036211 37.730276035712585 84.1208476790035 81.64517510770835 59.9921241902843 12.520917967592649 33.71186867220539 98.48735501609984 1.4554532424078004 16.940007213348984 54.82478249234782 30.79908540984905 28.16766714229032 78.82872843246108 38.15955420220361 41.986069834541595 14.85959792397723 35.78754476380755 90.50211145176303 64.3353206476772 84.44209635393902 71.83487438357899 23.865646379672235 4.362281113467359 51.84079876792178 80.82635944551497 61.572724245272425 95.3485272634113 30.70216659206405 81.79644323980361 17.32368139545315 
58.413406264113455 83.08858848401005 0.1535507263243474 74.09768471152047 17.545063581442832 70.89362103094943 33.05466947778367 1.1584896338296402 63.72327196882982 36.94674004756406 37.30466724763215 99.48781381029654 78.59856200756863 3.64022857369819 13.770217133207707 58.6449598695898 9.14915797218816 27.399135046622213 13.567727165975729 41.352150942412116 31.319238061585697 88.42850193871476 58.179208989657496 86.03075090646072 52.8491360522599 26.910353993122836 48.169541771248106 32.06444530714364 83.34003334424067 59.18620135398859 33.323132862558815 27.74107719941664 43.05281232094615 20.44912938984641 30.787486386331686 76.62578316438305 91.02273057600266 84.0827707976459 7.205754268133879 14.543710277053968 27.778593295699714 2.0227982470358286 85.83983312315851 86.40148406325694 68.2871717670774 95.37981982309567 0.33015023862791315 9.752306860317383 86.70062188948233 0.05084492154288078 93.0077723636632 70.31039202092386 6.066684128518607 38.15978226101758 47.569007729817706 93.54619133766678 43.36849556565885 42.90570151980065 53.442251696739454 76.04468055720764 23.092860430073824 11.760873032156772 22.32127381492629 40.48471466883983 40.98288076717478 0.9488945022959161 16.1087494939115 98.89829831383436 93.71281555095598 2.7464631873021284 99.90833463856423 70.29432408282275 89.93017982514426 66.39068312415749 3.7231155801214944 0.7821942804982052 23.44201601028787 33.23701303486432 62.162806599531336 77.00646042677775 20.279344339627592 57.30131038703112 2.731601397750849 7.004420299259861 67.9558645731138 73.43266484597915 70.16308469860304 66.52440784578457 97.44395771011251 57.10199053017323 6.788206904870053 73.39325806514115 16.223092760299885 92.15466107458423 57.06676504774737 57.697235746944585 84.21276798027142 25.86375001064376 28.182462880544524 41.34149586156759 
83.48416347478508 44.23365158443359 17.996069340561803 26.978922709976537 57.351700542251116 44.74226909733022 16.670779603481577 23.349958290097483 84.77772539663322 18.573077427182017 98.92839647601473 1.7508373155804335 11.98057433337686 79.87681793188348 50.164481321903864 86.64843583977265 84.71833253521937 95.71571179983908 11.54513435068657 32.38565288771201 11.927575657443224 77.08144982751648 86.7276641864571 27.47213767209701 44.22847878663926 88.74151070799574 25.99183093456392 98.13084951436085 69.26464546319004 23.656531502643453 92.33798588816653 53.57177944924953 9.928107985552748 66.3248845105041 18.50288372261342 26.8899317519801 61.22690201241938 38.6487752554849 83.86352094795939 17.535436287060115 16.884736471343388 81.77951381474875 75.84385338271136 33.979455028458496 17.719227203203737 77.88788630422859 51.70880852621962 68.50030022750305 0.42727489705691735 56.918838034525706 83.52451226338192 9.940027147743514 37.61312134430585 65.12792845905287 51.583205092208416 14.83244176485653 37.72671088791664 94.56035572588665 49.735802872319525 12.479375675832038 17.03698221340869 85.62157126949268 79.84469638896462 15.352723015921176 64.84675343398177 18.501834465583833 41.96376259990977 42.625634945250745 97.86290499963722 3.455306167235217 71.87225197625455 41.68697324431702 39.96757603683096 64.79757609299624 38.233602464711666 10.168942712684093 69.59314778709971 88.9737910225352 87.91988349270791 79.31856464349724 48.48578408175251 73.16285519673976 19.937019251915366 18.4695098926271 82.84937631626558 67.62141435962722 75.90551003627672 59.92148940274325 70.69372184864022 52.33465506015813 58.195901254589664 23.71026755782404 57.66782597438477 26.52922598333808 25.5877672172381 42.552105018043704 57.7412558089472 18.21683012276859 70.7155181646049 48.67221365117673 
94.80347463519846 40.17537369105024 53.583872968632484 86.27761981485783 86.58314440648986 28.637812466336243 51.08035308787085 56.11058073621904 23.246402297106727 1.4471086306588332 83.68170380469367 81.8194893699558 89.61514661567418 63.54899957828978 97.44567989676244 11.809989699150714 42.15341400370781 69.43257422953731 11.899152143852787 34.78982187636871 79.70195041767163 24.491928235165574 92.57801483710868 92.39664590947585 40.39808187930694 70.27042113858639 70.7439534046012 18.09893408137664 16.30009956514924 52.16239336547651 12.197579130230062 17.985768829271287 1.9423073502254473 12.385431078885 32.12706466666572 36.112165527321935 83.37899158044254 85.89959214777669 63.57587392025184 14.742337655162396 30.232558639449802 2.4382374835595244 13.382729216542444 68.13408899988612 74.84311865225321 13.928455928608363 81.34152442374594 37.43329406414135 49.82387640981288 73.31728633431275 75.84836315908115 83.79823906972047 8.158629591166388 88.18327778325083 32.4474894165225 7.049328605731031 68.4347974278407 60.501164573306156 30.45737680748264 47.940488436430215 11.887386744244255 2.54076328622872 7.252774288172425 43.57436722471362 7.636312220256536 88.1194119226885 89.79806330811091 57.53417980469919 57.83160571474512 58.29063541129897 98.67177583667825 98.98089414268182 35.3779641269664 51.039933806709804 31.091678388353316 78.2651616280063 33.492213789263495 65.67189952119062 96.34437244677896 20.529226837573834 58.554255641407934 4.311164736326356 59.54282654759503 73.32483172443042 75.54406632734701 55.302922463616355 47.77989602004477 99.4488637032304 58.8144448551706 96.28709016548078 86.5152932257607 41.99933784505324 10.031111567343565 98.3334309887718 63.42810749598586 85.08005216563205 79.81888821201419 6.7632471216988455 61.986441994779426 10.633029513701697 
69.98468408172806 59.14654848711282 67.63029072546767 69.55367325093864 99.14502952452939 76.45183918733503 25.73329917109084 43.54430798336539 86.16798082781713 29.439020711168475 22.403606652324182 73.08758665669906 43.04617730246407 39.12409581986335 66.703453090187 66.47200513587572 71.64992312392101 17.50773830430894 76.01182181938363 84.9775598885015 27.26619344275869 92.74798551051337 5.0238867160175555 20.13038229082741 45.911445830854056 91.57066731214874 13.275541978927574 40.36089198581918 32.113210743398824 70.94940755424156 36.100893923052936 86.45091923840647 69.1874222842595 0.950346908511035 9.575058118274827 37.83087700600621 44.99551197688285 1.1250188689955087 1.264155655523258 55.08898222693114 82.74728637423728 23.948057315994397 15.498966227891719 27.980217045139856 28.622684260122444 60.53476922825525 74.40816280947288 22.773518122969747 75.81750145814415 16.236773194642375 24.091653966617223 27.95152176902539 98.07520008302556 66.70231848114449 79.08404788604528 43.07787614082932 24.84901573415117 58.60105986799571 97.65278202379154 42.07300348800207 14.945505204966702 63.45143222089567 75.49501151657977 69.18991851538203 75.83279490184063 27.852004563227496 56.04190027153461 93.65751294450466 31.753786388077977 88.90648253730427 81.84840814310913 57.25950735891983 65.36658589353115 39.74532736865428 53.44131831132422 98.0430166513805 44.84151333266892 36.78520321307819 19.517668759201122 22.90151193966935 1.1760181488321697 37.73079314258759 95.53035039155286 31.952670635671453 38.945889785747376 47.31177906105998 96.46715256188091 68.432469071199 47.793189510593706 26.361038529438662 74.02405206503875 79.25258472033809 31.658338735330116 89.07845527007268 68.39307189196474 23.41899689192455 88.09583650923034 73.18795841384042 20.529608051247173 58.185429963461196 
50.97014250541202 18.18372633979952 42.033590509180776 66.11610738993251 56.4102249377145 27.974756282944835 6.673441733539908 60.1579886028045 4.10837533026982 25.97528227680932 10.101253735510285 18.37353955901111 63.88089103159812 33.05180506283401 42.45222438266042 55.16078645928671 20.865230596517637 11.72580217951854 32.29084231748659 31.588229483843843 61.810352020022606 23.644413213448225 49.76088359403692 43.897946635323805 79.623890017345 41.56974829728591 1.8158137562913623 6.281050416126499 13.671917107134313 42.00066723488506 13.050721229827445 61.70534858223515 49.28405406369005 80.02925888706885 61.92640134970184 12.87595180554929 71.49870349376202 14.14741780232508 34.07080815357255 64.33525893982286 5.290244408933598 5.45728922754768 61.86255630141254 6.2595983099088315 77.35201606592217 63.102588878076546 42.64573699111549 50.68553684876921 2.9660222987829 45.72609687897257 66.69480984730724 51.699674256136255 35.572191634717775 57.37189713456217 40.44288604955217 2.5515436311166595 16.357241798569245 95.48923321462624 60.506217657405195 4.699937440170809 26.515031336468166 18.558120058547367 79.68230766536757 46.47888710662359 75.78746171306075 1.345130606634648 7.3684731488120825 12.370173581362376 57.47696603606093 36.911051479438974 3.7423665463724776 67.79511777427314 62.32862544525965 26.23043164579969 59.565349733225425 28.889164376596256 71.51205673567931 68.64623446318001 1.614260005048862 31.89850042120589 42.39016909713031 29.371190756379317 27.516578750892606 62.63881227418517 59.843975576954854 13.860643842182185 53.15853894239522 92.88200148515351 50.629655902856605 23.120034235786157 50.855294057306935 97.58750585545752 48.57607465410467 98.8733852260219 67.11674434354455 94.57059710619262 54.38806078972963 93.00746495948468 35.112161190410696 56.500902471699376 
55.40267556011609 11.819604370024962 38.8313191224401 94.050041448838 57.85285307615462 92.33537468425813 43.45932282964884 98.55821723978588 37.0247129605704 65.32566704094369 79.62687356899613 62.76521140616522 29.15197204461373 47.6409434846026 57.96728070981626 68.95215853631449 72.97283755002009 85.09377419958673 94.80596498108709 45.266159071343246 58.5818471243636 36.358994470826 49.82785836702942 43.05062517060777 56.541127331730515 48.22412702884405 12.21250475252138 80.67999777402177 81.17257306792396 23.01099747971237 22.996325391688178 32.69830314122408 88.53450438006173 20.10275968830951 88.31590954091733 16.986731460270143 21.793356838407142 65.24877573022623 20.70585960325492 47.23627492116971 94.53301273182409 63.68317742074313 43.76913735378586 73.17717780042871 46.001400980983085 26.081091998782004 9.307443467936327 26.817778431392636 11.376055310941325 19.98991565640188 5.393719961331223 29.37108809804667 24.837285806291643 53.61121524521087 78.88830933427592 90.59822045211286 13.569734356883744 83.67214805472555 56.544931729215975 49.97359873804829 46.77003527566408 14.613600285524797 25.122102078374276 67.37759876790498 75.32040592719243 22.435464344813493 22.810195103930752 69.94813885398501 34.99495499299772 93.27781049987411 1.8038297753197763 1.2734266202167999 88.89758772915044 14.179958570165695 44.99387103965381 99.28392075687702 53.287378764371915 91.44777519360541 58.52276577314029 50.00231450829794 85.0293301058642 0.6727240122077816 16.34156365650501 25.73612811974657 8.615454598558525 91.68457940009941 2.926424194864685 18.34830365728022 26.033184216404194 81.58291551464139 85.95702259902808 20.916938146101714 83.71507904236691 69.4808129232443 52.02870146448906 94.39610693944174 67.38590182218438 97.70746877761665 55.36483273450885 79.8155038923438 
57.8301233899637 65.95470248525655 62.01535431121026 81.10736274326752 8.43495825092031 77.21563361847808 20.17194709281488 48.82500540520854 98.82106438539762 57.352067933807405 50.99990610266383 40.81801659814522 77.95507243842184 43.740418963719264 33.78124598184154 22.354921921246817 34.84514731125026 82.68428986632264 54.183122904264195 95.23499937924387 25.252798483225636 10.145089432562127 95.11021319797919 13.106613672886969 38.81121121897865 15.830375073955205 75.86917272206836 48.5102714518725 12.522361869265197 6.792847784641454 87.26786532702833 26.09037523383966 83.81228854765119 93.43126618490466 27.7916011306221 25.97040232492469 29.155812556409167 18.147788702971614 19.14305709247406 91.46206757483851 52.73913049332639 34.90450947673206 68.20225536966133 46.07977528927356 73.71068225016901 26.535315554147044 46.857292041024365 36.25744233370383 10.2777413185118 15.907398180079223 81.17626105386348 68.21558139531675 74.23820389430368 86.89006312864413 77.0351533266847 0.10230942914796204 70.494090100288 81.57675814256335 60.58619028504396 83.8326885202456 42.67528293279642 81.31953513951106 78.84549505914433 24.976656306903323 18.209101732986365 10.873426865088964 88.19855585837307 43.59653125278656 84.00328658057016 27.31150171748784 56.76650823268881 74.11084834090785 67.36704725523163 68.35963524765714 20.34572192323456 38.06215130441488 5.876826493313258 38.413354504971885 61.0277800947305 60.09202240341924 64.60048076577971 4.737339331623957 22.62640527837827 74.4775036274076 99.42561821211767 61.211486193555295 37.682493007667894 87.25882920382483 71.19481990116199 92.475698709501 17.087847976233363 17.289137832168635 86.93257712708198 37.43886305028479 45.262866016946425 38.46262523414742 81.65572235497262 7.855755594772429 31.342813809350865 84.92842596354758 
57.09124998180047 65.03887590382182 89.97198592408968 61.27322447247262 62.08236807779743 95.76051196787947 64.07451543087402 20.45640972073979 33.54572452655545 57.01363292024778 56.365115431354276 33.70739189362616 16.54976014954369 78.53845357544049 6.382617976482685 78.64542700461853 47.41612602788886 21.884796776026693 35.47365719427405 14.558134549088496 14.703215802988279 95.26872192414773 83.42341774407174 97.07562440469962 9.512839517079918 14.595079638980623 77.32485166299202 8.402965559952724 38.768098750484505 82.75600018274434 5.797349994248191 43.82449241278946 2.942579151191793 31.678567855189822 19.81035551114909 0.3692392532225086 33.17799484002558 34.583264214632656 45.1369266630811 59.3275456217358 41.809427922995035 49.52794281401476 70.8568284521181 40.73470372799149 65.02440528940508 99.55052649433624 73.34823495338948 34.9882556390683 66.71397132860481 29.58675573304922 45.85164022362318 84.4413593960464 28.531097684852902 5.827686132406096 29.959147514892027 96.11539548179292 72.75364599396546 39.29489510583323 87.27682479547525 15.600806291280167 51.75624934259054 22.149613507050958 7.027307379220349 81.76589349637226 90.72744847570314 62.61532781315492 18.504427109076094 12.06913814507673 88.72547926125831 92.38160731399836 66.06110318017097 39.071320552427466 67.2481036307965 98.97028616838278 8.706340346157482 30.169566767111878 5.198947222083616 4.78331751513773 26.406653866772167 74.62616592366412 14.464828084831193 74.414976682251 50.831769349653214 14.640860805764044 91.27556783596967 82.2992995646001 89.55403557587609 30.515986116480466 25.099823211017036 13.876995483526223 79.60544874155079 63.889747409850614 59.03754417140535 5.20429711811623 88.81577955760733 77.56357684435449 73.5016055825855 48.28951947545617 81.49974763533046 5.625391413263891 
8.438296329523832 2.431383586578728 78.83083731253329 43.37129487677704 48.41830856568815 55.44642314669935 73.633749999761 62.954078957538684 69.63691434934688 72.91109177714674 4.34710367370651 17.737640472750684 88.19408611221363 58.407457916919846 53.552499941130726 16.012235820144973 54.982284570290275 23.249661237760535 12.735612781115602 3.026235323259907 14.091733793192308 30.281592526740376 46.839459982489714 89.21589022720214 78.84998828758663 33.074510941721044 99.68958038313987 2.0653119281390575 82.4446499365676 79.21665209729561 4.515372352039937 19.20473202509203 28.535116612294864 84.37507810407233 2.561351533189804 61.15585156691763 1.341276496918864 12.423392367039888 27.176619788022947 83.55885638298355 94.40410856719122 16.167147902777536 80.79043680188293 10.766494984707808 82.54513134504427 3.062111713322724 17.82619168068118 95.36636103708135 92.50875856538512 90.80879030951044 47.87573109066637 71.49333091521771 24.353555958768947 8.819938211444056 90.3504362502034 93.71987407274068 37.86549955789689 83.29602507776265 44.3450407977648 17.862718599451433 46.09832373049979 16.0069233959671 85.5946606228046 85.22018498055101 51.60309831128569 29.866372071281955 66.17506185113919 17.555235266076387 19.9912038156278 7.999049429620452 71.9907453477478 16.56506417816914 10.181881767551848 97.23835657153577 88.11490530207064 88.62890845730922 71.01762350212499 81.85629699078618 32.68988811658041 83.3014176569726 69.88761828141482 58.81515282424734 46.36632864027379 42.31983236193967 40.581565003630416 61.94386940903496 66.15359330850261 4.8188984531586705 24.80318982352636 89.1804421692208 70.0737836802574 3.9982974919629655 34.604782286901305 84.38474047627261 52.1560377693594 20.663101485792257 81.46116925896536 13.214656347516307 76.07738032024999 29.85857831298181 
1.7835177943496539 51.17159389581071 60.15095105485777 88.2464493053251 58.38042910381924 71.15968307524915 66.38194035334293 61.92046122619102 12.705790516437121 77.76635234430603 1.9561010574235316 87.03492882270187 43.68990257472076 85.96019628243509 92.79522796618193 88.92070296064719 35.532416648196964 83.01533356150142 55.708553794679396 59.288764955892105 69.04264941117721 44.20972610411742 78.18849906736304 5.672466755907745 28.944885693662037 95.20825006916397 13.043794553668754 42.43518157820868 83.02330034690331 27.029570672494785 8.832482157895772 88.47093458938063 98.0631720411391 73.109099619908 26.4518590522392 73.15137221309685 32.25205580679445 52.20872365687209 37.261941081528306 29.12316294503634 84.03668906466922 65.78711901887317 58.76358788874221 68.2357869013288 83.38834027289965 13.93288756265706 60.12190629026545 95.18034386997861 83.01142926676953 60.07591621922882 61.720137295243674 12.34589866348108 44.237227546328405 31.43073556035365 60.44873166839659 8.950582773951188 15.17646548029954 89.48888106384281 35.57885574011167 7.680515005436906 67.16178975745677 42.86553134385226 28.839094097744898 62.87031224996754 89.59291550413418 3.419048433672811 46.708678021627534 65.6848314174028 43.00447119526352 5.800237751471293 2.9600488490295063 13.812479448172876 35.508504212293225 20.45148809818633 5.12814118307997 45.85628560865952 18.720621181710428 90.56423035457254 89.8532810788517 23.909627026183557 95.86085903882203 14.616374911799557 28.939137383143777 71.72938633173665 96.92730866868128 77.84976239342419 60.48666428202267 40.4699821112133 3.672625939415619 8.41086059029934 47.609568401705445 79.11760906584357 0.5705490581033312 96.8662682078696 31.006271194150482 32.564702354495644 87.04158122015815 71.41786122316101 21.057983387324587 76.69050931644641 
10.914062197475339 65.38067314915949 70.1419308578681 26.8643748868607 73.42882260907932 48.34991528333919 76.49335633085477 23.964151016229817 12.052692796484143 17.971806806260247 97.21949150372342 10.30291949114951 88.9481829234034 65.34617786167033 89.96310200774826 56.783004509623765 0.15360253117914224 33.82705102515126 60.232894134984214 92.14700744654363 73.36000707766303 88.350754316238 64.56247867792942 15.371416821540574 40.62837625725748 0.40934861168825387 8.429179959533739 43.04910638229988 56.47236947538599 32.400429378085015 82.25849491221268 55.032787085818505 81.43917767596133 74.32270792183569 98.85955518456153 53.66232741601888 66.65291052748823 45.6499583957784 31.28142934607292 44.574572930817084 55.74203205408894 25.704306133045673 1.3496772954184166 80.39512307411863 67.15439094676519 16.963023698868916 36.03712021782122 82.53725399213799 32.07041530004645 77.471336086341 91.34221555382462 70.88403685655756 40.957076251447276 80.89700264618382 41.4931193358906 86.30537462462622 95.26224562389352 75.7507136489827 45.06487740394809 86.76257902051054 69.83111941761095 18.90964512358796 28.99185764652996 34.17878825833519 66.33340567430355 52.819768880596506 76.47698704915483 66.30437505580363 78.32200419452158 80.61581227255829 65.44391928178521 65.48223813659752 94.50092341788844 68.88605210874141 80.44776392952254 94.51869346430797 38.36224607996378 73.92237644938128 12.854594355865444 68.79138570501415 79.5589403988665 44.03437447150424 71.61940300913885 73.27652092278218 55.21240676411253 97.86943643149225 50.1367857830894 13.353426604910068 7.810581488420077 16.669207327581393 33.40810236810123 9.04524748293799 80.43459892243352 17.005932224546903 84.16343218987153 3.780403304895019 9.758861467244696 89.78057126730221 16.596158634691182 60.81013659374134 
22.601585594939966 1.1278365835441173 52.012549761091186 63.09335953948402 72.75975521662272 51.36154285034539 51.968240734911234 15.760688048264981 51.44458770235886 79.20700536641587 41.35803050638803 74.19543441254498 66.8405378042592 80.30547478587438 66.44498559165697 85.32001127063444 16.142953855424246 81.33882136509402 80.95931394283046 34.85205698074766 66.88654433701282 74.11110759973285 17.16704040681607 39.09534759276375 23.4587829110506 67.53677706240502 78.20306446409387 6.2563190582136885 79.39946555251429 59.72365136809108 82.98264672979218 19.327852230900234 46.41966013712625 67.20208700137653 5.649972137653281 60.25770419387694 7.0302805930312795 73.83996862352645 77.7919378844039 3.419782807313465 59.252601164970386 78.09650129233925 63.539814415533826 55.332254288044645 9.090003283275072 24.00602418472172 75.20104123236614 7.117187990812313 19.272347454858163 98.64638784760818 70.20786893297546 96.37232870286863 41.24131131801144 66.83466074513296 58.939117357226934 45.92625427729605 41.42713502080573 92.40626157464898 57.365873740141815 58.3740589399005 82.5742190349516 64.67188608837795 38.49146564492823 97.34140671919765 36.20504363217459 8.50984525384889 72.20056330141082 79.10063213275676 83.26891607790817 7.0397628031934385 94.40182014922472 31.463311939270433 6.604095176945068 6.9368187251146125 13.242992253596297 50.79954144579643 91.04886929575675 8.184033466590556 42.696965963187616 2.584900844259941 24.869164445792656 62.42335675563552 51.96172815676026 66.05190905968871 39.627351160381444 17.054608675900862 32.8867768882276 19.323519885835083 34.69888666803631 45.84459954704753 17.03303209670771 97.83200716878656 7.35049726455117 1.0470412125877848 18.99284112970848 35.87736330204919 49.62564666527628 6.897155509278252 43.24118511380388 18.855123649376758 
79.24001073436374 89.8331114833422 68.0587586742506 31.98429593176305 43.271795955829226 6.909803356108258 11.962057710521833 90.29187472692269 70.63866901632656 90.60865124662656 95.59525845134411 74.1611855076879 52.18521024292681 75.6104730331617 35.18304837486398 74.92709565515099 95.66171883621433 11.08672108443196 42.41325991256429 75.80188903820932 36.957320953798124 90.67765092667739 60.01254723165199 54.841439302246606 88.65731851506315 51.56428725386394 32.29799360339645 98.71199504731457 72.32674294835721 3.9043462332439716 95.63199487947425 58.69380695148482 11.879138026357161 52.39050071233433 74.97730908625269 63.658470008074495 61.971616418396636 62.802725940889495 89.6437260528981 28.6827374862744 7.574229041109371 8.16470532452348 3.837304906256045 62.512309993944804 98.69380372245978 1.4775366752573404 5.767664442445531 82.26485617014096 77.68932228355074 84.9923294538964 62.83839033192245 89.56234811851172 15.698056942118866 99.596472270265 79.84003670525594 48.70855762039802 99.39863538686463 2.12674249839534 82.08491728760643 34.578319533004866 99.66926486733468 33.28557476959734 56.067196585850674 85.56100108923532 9.656367198132276 64.32523578849889 6.5015033857119935 5.201321886215727 61.35094362539883 66.77780611174678 30.48772047440029 5.1065591233593555 16.976947565823252 56.247231013953765 67.06915392815401 71.23979760306004 84.32805954456697 58.64293855465523 53.59586159661901 65.89485955573419 23.646211853474163 35.22285101045348 9.074349233613233 48.449145339042346 97.71732089973568 81.42684223308333 69.07952341762929 9.416522412480655 66.56660870096644 83.71999407053106 16.824167162109394 64.373124964822 43.46807556004513 78.52834547190994 90.62584466932728 47.00472647307561 9.939549927343794 7.837986260237062 99.28062432977057 73.82512096982938 
33.97692063837996 7.141755934242422 43.74754689783749 27.040734634057394 47.988069956167045 93.15600282476042 26.067308120497646 16.587456206280017 20.719158927476244 41.09318171969558 24.58314960657425 37.5415001483922 0.9228656593855633 54.26433390962092 28.30146287083448 34.90682458782537 19.600237279871248 32.398779979796984 52.624200166208155 24.207477675301202 12.354892196361888 39.306637251817264 3.704629901890688 93.36399964645948 63.730253287630035 55.3730475789607 19.3226138813003 29.00875897752878 81.35760139024795 75.86130447656578 90.44498763829236 68.69594344127455 79.32472129844014 82.11529999443842 59.531285541005396 79.38766688660661 87.38197661166575 69.49007098802629 99.1644937231817 2.1484198235624197 5.434649106279443 63.2024283967742 97.73106262820043 83.15593705884869 91.22745443718121 91.28197299285068 17.64398505499596 31.937255178306533 3.2091051773777246 12.416098240507257 45.997221397872345 9.164589105135457 20.27191312955615 15.720801761518278 27.559319028594665 48.39637374336117 25.393376178450712 19.33248899240353 55.65858293777885 58.82464716460264 71.16378169942217 95.20416388169984 97.78172159222079 39.39071262840157 41.76584325892113 38.60271075981249 49.60236646379072 58.55679138872517 88.17946226134833 82.5422804722789 43.67544700954847 18.57216673174158 41.21670591136998 29.752008622300718 87.17792366845191 28.248116052131312 0.44914254074645 37.76464826837566 66.8458679996448 54.056669422160375 56.1716826069903 46.325915016074724 38.6524849027787 5.794072031346909 26.25415473674083 80.56268586024703 14.791140632175892 40.10053757715117 80.06379393348713 98.21141999615122 71.17201705140876 32.80374776112104 77.5989717535494 74.69648427111804 24.910554455046075 79.35422484269482 73.55637307841495 35.96134133247093 73.18034250757245 31.54661036795874 
23.261017122070715 55.6938112338501 42.32269658558082 68.27156327719686 80.2204280118479 30.949978421017654 69.24963326410091 28.21881117162205 93.5213565274239 38.169459294237015 25.94655439854563 3.252685673465161 97.36946668376143 50.188199928641744 2.2754064301430343 2.607218232418118 34.77943310803299 64.09308635577636 82.29868926740191 50.0986871146829 72.7549192757753 49.626069269217254 84.98914934590907 69.22925703823597 47.254962870776396 78.33367530155175 91.45958736564023 44.35617857017667 22.825281488623737 34.77115410454215 47.741689429242165 20.0267182838604 63.98010991948379 42.808712879300096 14.662343081392104 15.12988272907606 93.25210917971228 62.45062620278446 34.510451082438664 83.69165034436926 54.285067527055766 25.566249503027795 97.95675348501244 49.941346646568164 7.425969705675717 82.54529263247755 24.083708087596 81.70243951578848 59.98018635517229 26.12793196161155 11.402017400794728 43.2119340668302 73.62550338109637 43.523675800738395 78.37495817268949 86.14824107335248 97.43773189343997 23.421149081064062 88.24108399489857 95.94821446565336 46.562702643471454 10.60425425644752 44.82056915485053 9.419845594092834 83.77646085071771 57.6284218189772 53.509839215245115 59.20784685678973 64.00752731785991 70.37401827490956 64.81377193404117 80.84514582927721 70.3520799440195 82.28214282009432 56.53422491434997 38.92414320531871 4.195007529722816 20.69144692932664 65.12818923167465 90.34728633824707 91.75674627035364 47.93280957751125 46.768427581843206 4.667367023755775 34.7179176416592 69.70201819729397 34.2839552308095 4.203666384582682 63.53072560601893 3.7188718746769545 57.427244183632794 69.92093485786425 48.60820181981559 92.79441915735302 10.809620227872907 82.98387458085348 86.78933876145312 28.166310085545142 86.36577619056442 36.45065148875701 
8.310221939684014 21.32552982585041 35.352917059225085 56.744726527940635 42.9683056306316 25.54607022345403 88.65955705835982 20.345051935875325 43.24897788968654 61.94234545396353 43.59352157270101 37.56048617036394 86.89062972909842 49.11749839311804 20.33824114488659 2.3050488877152997 71.69643878254432 70.3289458528703 1.9109576681892282 74.46643540807709 71.3581425453828 37.585877439508494 97.72598838380603 69.76095044925017 42.63908074359091 28.20663260849813 12.760739689307254 80.89388237191866 61.470825912966816 76.10219876225239 61.84166003466505 43.39500138437745 18.3497735113182 97.41536883086174 41.71190194517479 89.67477215812455 21.877044393544598 18.133305616938912 62.3119501427238 5.647564151345286 43.367143556811286 49.90465049506368 43.09902230044768 15.693968822405413 85.15780960402915 29.53050436411808 0.25059261550105516 73.78507875338381 70.58552391986393 97.46191198147041 86.24188141697515 31.267408936840024 34.54820922310512 41.1248090446453 94.55674247229688 85.10789311558011 40.15863113441809 70.00660902824103 9.185857879720515 84.32416645282352 59.19910696356422 21.176909036633628 61.085691290242295 86.87613653783495 31.920087636757778 16.27811523133429 51.91622686734024 14.47063885907629 65.18227083313778 4.009996115403491 19.14499528656799 48.531719739301394 37.02390991253306 25.74552240604855 45.99943354279715 47.01490853405578 50.442003932566536 36.15358761034913 64.7691976673251 38.79460200664696 19.508097912379952 95.56750106178806 62.6045065892283 70.02944830358342 76.89646417088633 26.32644994261507 75.2262139964957 35.21145888042935 63.48444077680545 91.4303358910262 45.85772702486908 24.530278002151327 97.8917553423088 10.586773393605064 34.2085525299713 58.73487077535976 26.6576781253939 76.09224558550119 83.48365886266724 62.85069858041176 
24.211912614740115 68.9776912123458 92.16246285525263 50.911130951015096 45.87710885420405 4.4621503093889014 91.68570964751068 55.287744084926196 36.847952046110485 54.99629018643757 1.2081467833881199 36.25485059824357 65.4238291647222 9.040967085223938 16.219279007928666 50.09944005471642 79.72904533873805 24.214248252923642 89.10417177266235 37.388442321489826 83.73665973074465 24.553591206907065 76.61069529268705 16.931048148771545 90.61899913365473 73.37818145375932 61.70918432270658 35.5246128436261 39.279940001264094 25.599667032370157 5.475008114892055 28.748359472021036 53.3811335827306 26.317870829941214 48.3940703240652 93.87001848414751 81.2562800931139 76.15128913390143 59.88579142548102 62.356209708405395 79.81470299267916 27.990479126125777 29.857679918458334 86.52817474924065 95.86741772406452 14.725757275269402 6.750070387257024 22.580328447444487 54.265959984302725 32.98885413905014 12.799234797509474 0.4797504877839365 83.82628628634478 24.06148968580387 9.141494633848769 20.190632483000005 99.21701862704718 99.84210234233169 40.90056902279123 3.218407242188348 9.823443746457194 59.12525162818474 65.54491067282974 58.64410601801266 45.05560979658701 27.436491622998716 56.57127882664904 93.62025240831787 69.65095133492397 32.278792554226065 78.96539715779168 9.725379789084599 12.228887940799693 94.88486452715438 52.90996451415205 78.625070558689 45.686867358052496 79.43304661023227 57.85497315807673 83.16314384904918 38.98437728644433 91.17265288762262 80.33465110150203 43.30745891265872 46.443447330531264 56.01800245220052 75.81002154427946 20.300527628082122 12.901220397193713 45.908623821972505 97.3355134417791 6.915962017401123 50.88220309495751 36.596362114717806 41.992607070843036 66.89752911237402 89.41481488016045 97.5084949124272 79.8030647439867 82.45835770041415 
3.1989173425144513 16.949131401671313 59.22879013344716 5.143684130388992 5.538001896624644 60.139538870299226 28.384890277849216 82.41121245415617 28.781774396537784 42.46127122837544 71.7370792746671 49.95904193950987 21.98189748951005 75.75428494907786 38.32406803398926 38.13182031559309 67.04567908627342 11.6354935236477 29.4401107496147 39.66160606559844 51.87951622721292 62.54147391665532 21.23242295198915 25.550678418984628 41.84596406064339 28.56238551067476 20.812733242769312 76.07935203681257 59.315304253362754 96.12235820459811 93.25170507695758 14.722576776845175 15.174531292289517 3.174945230142945 51.21957785207075 94.1849504168284 35.86369622439038 84.82050329989235 69.05583006146736 85.81448601478856 94.84160651502836 23.115651774771784 68.69525641375364 66.33132540526098 88.33984377186283 25.33319317294017 26.147332723187933 79.10831241955349 91.84621269468984 46.044247721098344 64.12032267323366 71.16615431363145 95.96560985489293 50.13256227962347 28.901093843982416 71.59668241923504 48.13848688723441 86.21427005585792 97.74608945663459 82.30346724193868 20.153987815454055 2.9246172809148874 26.808549780379487 97.74987726402543 80.47696670068908 94.14655253135066 29.021471365996188 56.83043065749973 75.11504918766266 3.4942076879170614 66.37544283601576 57.03201967678634 11.083981890667992 53.22773947242975 51.67493944722858 28.727480906639492 92.48653958578174 88.26413912319086 81.12625565579168 75.74465186820748 80.80224824875346 42.06200640235267 61.00472680647322 37.27989657630031 38.1922736606659 37.89650852282078 49.168482214709954 15.775858094880101 65.45582092018688 36.404043156350454 5.330431973638694 45.55896307016491 64.73142088225266 28.264397600607982 32.7698212916693 47.83299441405963 41.11852293659703 49.50149410509819 98.55908820825574 29.050829492234463 
7.101845803807905 66.12206722877409 39.401433825311315 31.737209360826803 68.99295618132523 34.67493127350956 95.81889546531008 39.51121045739697 55.56058786000756 95.80174658825673 68.70040443143174 71.35784874880194 95.60323963033875 98.96349462733566 59.113680981022675 74.12403366698568 63.424630198460044 88.26516346827054 34.80449707004786 36.764879891347626 89.00459177204742 1.6643550342033353 64.9512457081595 5.042162772063086 73.11507761448068 48.83794905629133 78.51237419889755 71.17745750167896 56.71288640279503 36.594067861405854 30.898721420426668 49.388343301088135 68.64787148203871 4.95500920889913 8.722353755242452 25.28676135341026 16.05729795628249 21.900009224926333 63.01802344490135 84.79446168662457 87.7741565352817 60.24502013155375 37.60287553792499 86.53121529397029 12.659184190146233 46.24995912671627 51.134603563266865 40.55725995234193 51.97343856942892 26.282153123725394 98.94777442835165 95.90223631886629 7.740284389987185 45.22800486825791 63.89253216144771 19.488646013857146 97.50263524945143 68.33317067123487 64.16949551450716 69.8586255344031 79.96341891203525 6.764846113768663 20.549116403587163 30.53868627531363 15.704174741549748 26.427991836703292 95.38337016335586 69.92771320899307 12.508771950034836 29.430669775669426 41.462122998040385 37.269455492974714 35.77625702183379 98.08189083664973 0.036084380444389996 87.5714107188558 61.088882997833515 82.41868876166224 4.222771353132437 52.257814941509025 8.208370737397031 93.99740961980118 76.53145775700422 36.895273392605 23.605513084819986 41.04747177784586 57.38758580692158 32.5052826783738 72.08525721516979 3.0741505703273275 65.30667253900666 72.77871439453462 57.15144494552631 96.61021857691746 68.76226900342714 55.93311984109589 14.462370535318014 28.05454579678419 44.81205100190115 77.00446843569487 
13.060416728153223 64.39906090723136 10.19067988415584 84.04072301210864 55.01602153928198 78.13373560286605 36.84753780182501 79.96546407902207 85.7082461681591 38.7325517474014 5.802085072908425 40.80549352460212 14.171294177298844 29.8616905987108 10.708983251841165 10.52721162325122 95.76831577440743 68.81444766913427 95.66977829857127 62.90227299898682 47.91087363672935 92.66569291252304 0.5973804687019135 91.62382882403055 53.62452289267073 54.25191934583184 91.83418820510111 1.32048841628003 57.46790073306457 40.32129531504054 75.74414861340463 24.165827083186397 73.64483762683798 84.06130175517231 28.643645934387564 79.45713401597618 7.10599424010746 94.69991469480166 27.70562485679259 26.837815382285978 35.01855534628774 67.9895302690796 34.365866521034384 37.76369681686542 8.18955191591465 73.12112281738507 64.27986399898906 24.364191692324468 9.860426247851228 33.97936896388367 76.02333858154388 20.025164224232363 52.747459235006254 35.63784221558542 24.49886143526019 1.8209977621355566 4.284733054608802 90.60655871763032 54.405693473280834 81.34924957916401 4.733327759299987 93.58250045794134 54.149372157843054 67.57202564380312 83.15247175279514 78.3170249549556 51.212222328668425 22.943930154972982 82.18540482426452 65.70229923357347 6.275391567443744 92.40734217191844 74.19475636794705 58.29224801956712 55.277620335630765 83.76144910268431 88.48924592536768 93.21172675161306 56.115458117955306 17.462296658161048 72.21556319349199 12.770942740270597 19.83413337525751 44.0868959671597 75.94631755834672 50.090431895217456 44.927909878267826 48.495198134614846 89.07695558947862 55.655152405757576 27.763182662414675 21.149504609820426 49.851615192853785 9.954577452582313 92.15718276408825 79.10175050409767 20.16988315796405 77.22889849868626 66.78964026510285 61.834748141813854 
46.28344997690027 55.829806511166204 40.39431605125522 10.444380521909814 23.073734410719972 71.81749661967804 41.571834873577316 62.57543005328774 41.808516418801865 44.15395051340809 22.584764099337406 60.0745790047761 29.107706188391703 22.215686657284238 74.64045249939275 71.49982208535296 78.30536111643514 59.337597413934404 65.93664338915553 77.42639391667754 33.47715032032127 39.71265857728095 73.13941967102545 52.91502791383109 11.10940128835216 20.21063577054888 71.98256074167449 8.559186041592193 34.71803603503233 83.54216733588845 63.32193902164224 19.203668639909267 13.682581139067851 24.682928226730805 37.24810786348013 77.72777620708659 19.14259994867883 8.585780292312073 19.75474918944986 60.212019237908564 97.01082449882094 43.94720116067066 3.9801941633192173 78.35810892488038 10.98937057022945 15.157449880142593 41.183784141600285 25.207743364294778 26.93239635703947 2.5523166245555506 55.38829925962698 91.00656364749999 33.98064585621188 99.6975048319034 50.014317998188986 37.48530277901523 47.60029075161836 5.675012604075547 94.85179551683676 70.88103776208553 54.990577226176526 30.204177465418315 17.358751840869935 46.697223801019426 44.28177476957522 99.91826207564404 73.54647492951852 72.50189899285421 5.526964648735855 95.2308311068029 40.60514124861169 48.98931269526664 3.698235178456466 78.96437488926415 55.94336289185762 4.080984232406992 1.7299065235837796 0.27695672997944953 25.459600928550465 30.01794206337509 55.108398584473036 70.4109415455284 37.633001600293845 29.19673129751046 8.590412694642124 10.401112573273231 49.41571573184503 10.927545583757636 0.33812602597625974 65.11779430368965 54.92826700038114 58.343561769953986 19.09212208456409 62.88390487025425 8.604087716966912 2.3664498789210953 65.95982831133706 75.39304520121325 50.69890426086214 97.93368262944294 
43.97922807033532 98.76915141788587 74.97510906225345 96.61915775897441 35.82469183396826 33.346384617387415 85.89085686188854 49.3293823708184 32.85376426607358 87.11132537408633 15.768137428815066 52.93320938384842 47.15079768139802 65.73772752854961 11.183549693465656 75.4839960180866 72.30534712724489 40.75744410456448 52.22016283056612 56.11874378891106 58.370275342360415 6.649360540125615 38.2382198775039 77.76960355167792 31.776528787455305 47.49149674574522 59.46710312439365 53.49890594293256 21.93862374770107 34.30968503867798 74.99045198426484 50.56965180763772 52.866854306862066 65.36954028591731 34.59084474438148 0.28919123570374516 20.309305931335018 43.39670135352143 14.440027002803845 6.21457405092346 2.7787789785373884 56.07360626019305 84.76517398874267 68.48388225001678 48.276753772345195 89.14936279871488 91.39120075800419 87.83856822424654 37.60855104769939 55.112523274496375 12.453696856926467 99.32768834176306 49.89091071114215 64.61490201667831 46.59655019106833 12.735623720852141 46.18518345264724 2.6977922387623643 99.61289498072668 4.4507093552450305 43.14642431385778 97.36028308115992 62.757520332397 13.792959917849746 70.16065645015954 84.12262772020351 17.85342980296074 45.744860074488344 90.64963371422891 76.9758750752793 61.834763445063935 71.57996557342975 21.054462068206238 53.47231347269671 16.512819450746907 49.05986854201273 99.46645114115617 49.69950134743028 78.12144563612625 54.67079859928836 39.95561958274606 39.493966926694505 65.59262951421282 31.7969975118352 58.354292246949335 41.48896090582706 46.532590807294596 10.778730096189882 70.58528264721438 57.45385846054083 55.513279080862965 49.478567150434706 45.58114773892177 95.87117838965146 70.56363500702898 76.28041079043996 41.42307546711243 75.8104018442781 80.6395995111484 91.37145730971646 
65.53495624475133 37.89607237206262 59.37127819191972 96.70812364263139 77.60026449219937 11.530953481187423 58.53028679354314 80.24267866157606 97.32636420874833 0.5232932176202021 48.42979379343224 75.78820300161024 88.26290972422079 52.88051821169728 61.86432312485138 56.32515003990798 63.58804541543448 74.76995824734371 43.21588235281746 95.60370866193975 0.10811179842997731 33.510523891818465 64.9975614531728 50.57180629738767 52.673650291354434 69.94747061390774 50.375234835672565 75.45949719984877 32.79646242899056 6.675745374405206 32.10254043361105 77.27616433711704 52.45956279693016 95.31560253931791 85.82388965377994 62.02781098343889 36.94387323610344 93.40755575161931 98.84467957572699 1.1374664110559207 78.95254921538287 99.48192559227728 74.23755273099927 68.3525071155692 40.39583913594069 3.4715802714912924 24.54797493194456 58.848523129923144 7.906443122920226 28.874730659626437 79.38196091555025 4.290054900831564 73.48732546733254 52.93790470992287 16.803338400387958 40.28440433375394 42.651005236451546 91.61755381668031 29.737442429241845 65.96542931044196 68.99136409355405 27.19196054968259 55.47266001316452 59.37006077972025 76.33603462274577 38.13345447613495 28.8707986144108 76.82101786058949 57.45948581333907 63.21420820035875 68.0417713013013 69.70504193273601 31.793916903952322 94.80713445321886 65.00761224035163 97.83666614289479 3.657149570332008 49.95674135587905 33.27539879310425 5.023415912253892 87.22369413903834 12.033049542169094 59.25813866749736 49.499009969899745 54.797236935518036 70.6449419192003 15.127256679883484 49.567023353162696 20.899787626824196 12.977649180364004 16.949857563984928 13.09816945535015 96.2747924684102 35.832307845719114 53.85836696075581 68.45017048913401 33.10852164010569 54.383826504793454 71.51987053012897 3.929988009922225 
35.606094077753156 81.03658258994888 66.31678515773221 53.093920783475504 28.51552792753884 35.74574939492731 35.42022307049586 33.98190423814149 60.275198969793244 27.785310742188642 32.33180575669823 61.808085200432984 67.16720954015607 18.182165982533682 97.48928336997957 6.680582347674369 40.19108581271942 31.898923952812574 69.17581279950794 60.599036914385984 17.32935499506044 39.3363291454758 31.242325603970713 11.27945238667607 70.45852156898954 67.83952866956365 21.046868409251218 94.28149003795603 68.36602247358039 35.630652092490514 3.5344241619882477 9.464253882878593 75.16576244827563 22.953475198564387 15.525180086998624 42.97234804990499 86.86185435683083 8.204226889990117 98.04877596748483 31.754731964928197 17.892240529542335 0.4358505571639082 63.956580540277145 44.0447726797132 24.190899327653646 93.86133666434223 93.06360123162072 26.28058624517873 89.63933283900523 54.84502901857227 7.716121393503938 84.6205662637281 8.735123948567614 27.35905980305644 57.950731628078636 27.509832720321047 69.88735474672856 8.995386308556618 37.304930186850484 94.67901609459882 80.95567529848105 6.362136376409843 57.85899971886948 37.50767226353236 81.48191395668596 26.05632253002117 36.23342530824176 95.86032730649988 54.520078812971576 95.3931734962565 81.03558853709141 37.30399690726145 85.05270362310894 35.68570201091931 26.644070302459475 86.04174140885355 11.688444086757144 30.10634865768167 28.23842162897946 70.94766995864296 83.66792674730108 38.025845465565425 18.626703342467298 64.76450798924738 66.16185607764041 8.212724288091323 28.692771087659573 69.82570444113418 33.42741474152318 34.3901863900849 90.1796687554686 29.58978658168867 51.596026705724476 78.38529008108787 72.04515419518968 9.825445356987139 80.6976017667474 58.468748688753614 49.76979011410505 98.46165739676334 
18.983364170614504 63.47187986733553 70.7676805590823 18.917900380716944 71.69147361023965 6.880523924352744 58.444361866416614 38.15530524385397 51.10658042894515 79.34406395354723 92.46596729854888 77.74035204532733 5.096604280994599 92.9009104046966 13.448265325138554 3.888566517855352 27.266941255825728 35.71015399604116 26.54373573788703 80.75633568175178 23.45442069566629 72.19231857549131 20.299340541414267 20.174896875019833 96.49032180085271 30.220453377496003 74.67723025905013 50.57115566134808 63.99380490772823 14.366089285463012 5.275113177977264 57.99595319566099 42.414145985249284 72.19285513562376 79.55256308506583 22.981038358007954 14.622173507448311 19.203816727926192 45.2640622961192 88.37185416387051 48.05838084642009 97.28693605860859 31.319148743143067 45.334045950945736 45.77715482128283 1.3662382709501042 16.934482722955725 17.407284004712608 93.68367237211984 59.4546646422499 16.21229547128883 55.78090238384977 13.84197299089479 92.41778074511981 92.17410183627514 32.89154468724386 45.93977828430452 11.495830545464669 96.7981433943067 35.99380568257096 56.82769755836192 33.994920185643295 31.753596075622625 17.53069505679091 21.507396980850658 10.54634974693236 38.294011517591684 54.93141892522488 28.025449011327662 60.946458753904295 54.16708729569301 8.889897851053252 33.436532448992516 9.827555274711376 20.417335168954786 46.22809246019853 38.331706248674 98.27385273841254 81.60277246632329 11.12407506550217 53.38453086650744 22.98458375318504 99.21628052380808 86.78551190111223 2.9498280271529453 20.69971249658642 89.99681079358326 88.57504999211399 47.95687878560906 72.34202351852043 8.33516643493729 69.14484014044689 13.170936584729576 48.69259259110035 15.12357631771426 96.31323988906358 72.35392469261093 57.40490250950167 14.167850982708375 85.21751140304237 
78.93724495369327 79.77623396042533 91.6754261394461 27.70208133070672 29.526627994423304 4.933166038701408 64.35214516665174 63.95279400995083 12.89101117701864 78.95131900782434 27.285088605151884 84.06325592076732 28.044468167681313 86.91778300055535 94.05845362258006 30.520244856122346 51.612189765161986 77.05792603534684 38.443797015455125 96.52089916311644 96.87863972825096 17.786561330903695 79.52570553124126 79.58517450758052 34.7479360396266 50.90676551376805 0.268314165941852 55.102869858813776 40.303644150227505 67.16785225275763 53.297734624469285 80.25526305790076 87.73708659960484 84.00736747868181 87.06994571744397 25.177232276418028 41.12043046920476 49.5402129469842 20.6132169033762 55.27644490459127 78.83272610948886 31.721270506195886 5.67869291995321 56.30207391277852 45.404183032942754 77.09620941784142 41.40230634809632 2.056179488389065 46.125980779893126 39.66843892790934 48.47564939315402 13.566764152656752 86.97989844845767 87.14843142723147 67.34308244903261 48.09223584182612 15.27416140596769 89.21493713193726 18.08676790071917 86.50280421153855 34.82886136453226 80.40588413126814 48.430931212664476 58.38513853745846 53.636365788264925 68.87005110181718 0.6911472698980181 55.642378885391544 71.6291723145415 31.448858840407222 48.51399805878314 37.412360413803746 31.519683516506248 95.42094340953327 89.89693931650878 21.802740375161534 36.63340820132771 57.73041400912307 34.24782606657517 93.24242084525109 86.23912709761466 33.63300275722835 88.13798792890414 28.174541415284704 91.08659621616762 58.43260687434098 26.92231277101371 56.366989090091714 9.694394410398665 88.3439645980849 37.54437989223371 30.292253189415586 89.38755420641769 59.5055539494866 31.61409822192024 70.8291492477604 5.1666170156338564 67.77997808704835 57.23997117779872 93.96479047805448 
64.19682224230579 26.21752263318089 83.11752570279474 0.2259122033326899 84.03819110828887 41.92171302820912 89.0200511424873 26.244462384938583 58.69418996868123 29.544094141480848 73.10729154706766 16.1631407761227 98.1388434054681 44.74864109132356 78.36225679185944 69.51237630228698 64.18905268783043 77.72458288635893 47.98589937183932 61.740968235020446 28.421025031527346 94.1896155116705 42.72385708356066 13.75843208821539 46.28665663852431 49.31382179972115 91.86907167460505 7.647880122703388 75.66779985003808 28.607878330317217 4.078558912710573 7.134003569030223 67.81337775549575 89.05741006374775 34.16220654588372 43.441555197580584 23.936292736908193 83.64861268346912 87.64591377775221 69.85547488709838 41.704163664912855 52.91860352737188 46.18103616853785 71.59460190799142 72.43990671264439 58.277166962802674 13.76649688497582 41.53670571020247 72.05525861313001 13.58491074206749 16.269596463387114 96.88330632408484 56.572333449870705 43.83608102144277 34.87595184630605 17.028599528600353 66.54533139852822 62.78258011216855 17.868636984755014 28.697527196843218 3.7765832104237895 14.949041992542355 94.5310466515344 50.8438542711052 28.428137179597247 71.72704630829699 9.987591601421341 38.84985928508296 94.96206990401028 6.099876798325465 10.440842265224227 35.245067231230806 61.29984440494191 96.03750430278618 34.53324577214293 42.46219242425735 27.172945285250314 22.714727543003153 8.45613219545739 82.07427576989238 44.8441465624945 36.44372164398666 99.94820381487986 94.50777183167469 98.2107634296343 60.5755176124814 59.47024171866278 63.40208715925617 64.75825944623492 91.61319101817378 65.61232103615396 19.586928100150335 58.914625546791136 32.39285392921237 96.18433840217307 91.07451107172486 5.062982497287283 64.42680151622736 66.46017357229623 17.514545866860676 
3.8019034079307734 25.36646647958578 11.690370175898511 40.235622001619575 35.99990182089478 8.031091165725668 42.267730063952136 12.297450785288877 95.77271603277505 38.56132981715348 66.82474757703508 46.90418225988127 55.718872457948265 22.995258400566055 61.06134346414295 37.079791982668795 45.58121097418189 73.92757287449055 58.245909515995564 34.68233271278452 68.95892233262158 41.90100918485741 51.10216526143302 72.63458547471379 91.7768479425769 79.79232402216016 24.188894402887474 50.67450202155399 10.925672986479572 62.693428639067946 80.8991488472753 81.97951136625625 51.81877112612583 70.65160143287575 89.8500284155782 15.694637828586544 49.568445597643915 17.12091886744448 51.70371078147211 8.695108702900745 40.06638375720176 72.09037259252798 79.35486839489042 18.839896491065954 24.460107907305773 85.59241344137035 91.9392368013911 31.52349432992918 73.34929845287303 64.65892058331819 46.26252977441959 11.508905983544182 5.482874510595548 94.77992439378168 68.0185125047444 92.82571311571616 9.819732921540137 25.5336238443305 99.55950946336868 80.94275272637923 79.52310793846038 59.294591201115374 51.002212652448385 43.475863032228126 91.79051636780959 91.79029076007451 27.09613036460129 8.366768963642478 98.37829796983083 53.764334546566594 3.5515938414238946 71.77011064550328 88.26180822522896 94.11818036924674 43.41875246403719 41.81130199476618 46.07930608880424 26.64125677398087 76.62849841682146 8.928724862466531 57.839665491706796 34.80279168465602 13.95084960644356 38.68955156929849 8.831032409559148 92.0668776700553 30.395782336035072 28.769249702382783 77.74958637427409 8.805605815683304 32.476090188223 58.21061279061128 55.77461806075992 61.123392932715916 18.771336693808482 84.12895064482561 9.648138950862606 91.76886710951132 53.87654695928378 8.70584734577331 
63.77428894315986 98.79901490608098 2.0887642117907723 47.61465457740633 97.93581671185952 43.773525662675574 9.079155538142158 79.94672115249155 44.43199334023944 17.99556282331003 77.31790051841307 49.258091818108504 21.27424235510127 2.6785011799200897 54.163560988445084 15.53220218306942 56.5329564319229 46.90640758628986 40.29826163901087 28.654902703782426 43.0108326398015 65.86935402406445 30.58444151368269 5.4238826333165235 12.12524682173961 31.092916716773512 19.438545682244836 44.16539710307672 31.21407324022406 84.24451225799466 38.46149108658856 3.7069244117650113 9.436523576014821 56.58749035182059 45.335346883724405 6.755213699142592 44.02249926826072 17.267169579748575 49.890126973197034 1.6549496488180826 50.83104919970154 5.351346584141636 45.764169014694225 31.053989007071593 1.010534131014873 22.91098134512496 14.226092792184708 11.177028100307618 29.010119911102816 79.41517160711099 80.49587172977155 21.210176265879678 86.27428760795729 81.32769220523812 32.29704914649758 38.72486004828686 89.65902769736036 55.03074453627719 55.391706151994036 34.120127895289 53.940463578580946 76.06479647641527 1.4943008612071984 54.73829241743188 3.7436749655785584 53.161676954050996 80.23001291946359 87.60958091206197 31.80147157959854 81.66139233700672 58.69778043174551 88.70728384621313 7.659985328723851 37.641395675851754 59.71775314794851 6.1456329191069585 43.77989783801607 31.450321282751304 72.98738530745548 4.928455686152855 94.43920973448505 77.32648270736004 32.13996565029732 21.657400961232486 96.92544560534535 64.3947308384673 65.09385194454262 39.03435435408422 64.21226775094415 33.57349865598322 95.10030224057516 72.04340541222761 3.6474549907473564 74.78720038648493 55.542218804822404 0.37352401276719016 67.13625525473988 59.36741474205258 82.8057396791823 64.94388236301616 
34.88617097795566 13.639519680817191 68.4410798608005 70.3195559829701 96.98622778819286 21.42979829931031 84.34861487145938 99.3560882822464 24.92583629615942 15.591281514168553 42.87067854830669 51.58720864696543 18.615391576132822 81.63483742212783 17.439096032142054 62.67076391121874 73.55275473289541 50.165398223345925 28.82303404146419 48.63372326835581 37.48683307558077 99.06136678534897 97.04121780171828 45.707853202009716 16.261467869295522 21.19865656151373 69.64717139789953 84.22349430822953 44.479906383038994 39.00899296018665 63.365602712805334 43.329624144127145 58.21213345626892 63.27545564058627 97.95262137194217 82.23416527332357 94.17439670655503 0.30647603666008605 58.67200965858722 33.209301444657925 92.64225958783611 8.992840237025101 96.92428305040308 71.78232730264472 99.81559636364811 97.24044873966591 67.33480717451343 50.333345241256346 49.4359059869939 25.884958518115177 4.001799462461941 92.74691462502666 53.16342119801859 57.43263506457641 58.62451889082204 99.8154984789213 44.5534819734126 46.83506914797465 58.87655198423928 7.768422685067655 2.428671838632379 21.993680166838924 96.65855610342393 75.6007170133428 26.025271054795873 42.803215654501216 22.75941251371252 50.80210490974534 46.499587810668785 59.281714043392434 6.9742617239108355 77.63713263891424 37.211784144056416 11.697717603425684 20.872368922306663 67.30321207333463 28.661804137329973 28.59377489647842 14.17740812337247 45.09414596785557 43.034106361866705 82.21855995283093 85.11715456318024 26.122477171582847 38.0148487562455 55.118221423184565 90.1192366229404 48.204794143137306 89.8773193101704 56.50085472122274 98.87400404805962 8.189898586897094 51.78828815429639 2.4762591762404362 77.05520722277606 6.310508938102166 94.87015707069088 40.38646006780107 70.8836563868876 2.0649983784661208 
76.76066028964998 54.18069310306822 75.23854706747856 24.68638712867419 85.24400538117108 35.15190782121842 90.16574632859079 61.43164796714874 72.98432530162971 40.340054505407565 9.401753573642802 67.72511476808442 33.47436424541977 89.52075510285417 38.926690841128696 4.615611972018863 68.0193306089022 70.93620484076281 13.579142952717604 11.057654584015975 58.90791695751122 35.78847010269837 65.41019592290975 61.20290619368968 94.87945293410186 62.003556412353014 98.72361123076523 40.188812051065256 91.57830716976196 58.888016082647766 43.64352570146573 95.83712422659725 11.8935071498529 66.03802205456776 92.5706843421691 88.2258437476609 18.913779650818462 72.22421311792704 72.03264634548317 64.27383540088864 87.68507479855458 42.96383609578351 66.20303408464567 30.27819002272414 61.03977369749266 99.10503196568318 87.7593666295156 81.77019288987553 59.47376378757282 32.98635498025298 86.76853874778124 77.10648440534146 45.37961814115624 83.59794203977555 98.93361375450675 8.887871820033844 97.90112305494007 17.65897312539979 60.80503465506979 35.598941899300875 76.25645938064041 79.6394194520356 61.453955087578336 84.78745908317494 36.584343823773935 80.49226612152145 57.624899271491145 28.653291261749615 20.19950656240066 92.22576913651534 52.52949473845756 63.092422883407686 49.60086006464546 3.43350802610346 27.21255027678651 92.04232137032804 52.65778717971218 69.51335584112762 17.816281713029703 30.400796384503682 85.10700139079184 60.544668154225164 52.08802882361928 90.84120901321175 36.824453253230075 69.65640321860378 94.12133099424325 12.522678903369378 88.29378045802336 95.20701996115717 97.58975659618432 22.994743654958338 30.274854461479674 51.21044164506865 34.62741440742019 98.52169423064343 71.88298672067116 92.18048157473385 50.029622222466664 2.602557653003945 
40.12141316820481 60.92958113449358 88.59170995421205 37.63854305173585 17.366663400019178 80.84583174947178 57.1734948513514 40.50050504485456 72.3885035590363 17.785687742153744 12.47146870742849 89.17474360078582 15.193143241857177 30.957893232869615 10.500306291682836 64.7163145171523 46.31041379283373 17.037613748317824 14.429794656501437 30.41470869672519 77.10272364488847 27.23784296207893 33.69283007185479 48.37762167870054 69.25552110953139 3.178617384767213 59.17468989028918 52.66427788084107 78.81613662006151 34.132747786904595 66.81325783883702 37.65053232566059 92.97982511000838 85.59005608520555 85.08446721250591 0.48383417857257305 16.278915769243053 87.07047396145333 60.61673200260008 97.28681213524867 96.91295052336243 95.72951807941973 10.572666930261887 34.194116009296614 83.66481052789521 71.53806537509827 20.45593728001791 16.357864161900647 69.17973710995945 9.68150685963417 31.645605988031676 20.7328679229411 6.34134017441964 76.31175441129781 64.22987800671348 41.75357690624659 81.06055111243774 84.8987844793322 37.605668620387576 82.94043994212215 87.00065647728249 32.16668922906557 83.82997143807536 32.02421550673316 75.59346347018743 84.96252919118008 96.85348681238331 62.35247993370186 48.15878587589976 72.39452868964267 24.536584652968727 49.14342764836509 16.021361409200562 91.18941114915312 89.74210856505411 75.57780122131491 79.22642826203528 76.45703864205922 21.819132615381122 30.770538973578176 64.78718705158627 24.913705173654467 90.43630299997622 69.33962276188306 21.354397413794047 83.10377447996898 59.99286724270111 10.590231196398403 88.78038977321405 29.272604654429045 24.73012190703602 4.258230570052779 48.25685705216338 84.28201572094042 42.18546982046361 79.30773374647431 11.537710702915527 84.32280120082459 55.77581834057766 22.45323312665929 
26.215459178868304 36.167065087736596 86.06661162998883 3.8776735531434015 58.10145389199124 54.316515720886194 74.67729178696932 79.04351235427454 61.46751109834544 48.64101451283184 84.7935407395102 47.5446743080424 63.23834094076899 90.96506416528788 97.90114039218973 42.623027249722945 68.18131578056283 39.548147915168364 97.62589186271487 58.273860992293066 38.722104356018484 41.51810114927789 98.45847710648763 94.79054269935841 15.221772479412776 65.05505858348477 59.66278394081457 18.149376652992643 20.38290077974946 35.486658216254064 22.81061929198045 83.81145621320529 34.90941132066961 62.44364281958092 25.155386705851324 71.3190396478926 40.62671947976557 48.83811027039149 70.45177661274823 12.489833101718173 1.9759390884845351 66.66507524299932 83.84801715606552 73.06327591014269 97.12786351721118 69.49119662769309 38.12187134020495 65.32875652109583 15.919455768306223 86.98288494217815 14.80095241643692 27.566435825532597 13.397678236424959 12.939195195156783 55.60261067789687 5.057146869329476 44.96244962258016 55.03328332209766 67.14804748237468 6.9686325092824575 11.932602257163438 61.82942167597164 65.04993108240711 93.60114727316622 14.815705770199038 80.63085612795261 82.2422869501964 69.27622523091763 45.6446984781731 28.3271366642171 20.815945360386813 17.57823486357404 50.451241261463785 76.64771461551797 96.64241660184244 17.709064657711227 58.27778721083171 63.09200346971363 11.713525184379058 23.39213595343771 4.087394914004994 39.29428763813989 90.39374445938874 69.06263484110089 69.51228009225102 59.695220514692025 32.676620750191695 92.00672344152369 27.589218429036976 95.1298444056132 70.05627431313981 23.663210851737425 5.461885325335114 28.305459967058866 57.76947033505281 8.476967850920648 72.48725905543324 51.13085294389691 0.9332650641550311 54.49415730181695 
20.26526873908361 37.471713355125516 91.49780967494368 6.315110640238886 25.817872125356857 9.145367573999385 27.953366219003208 58.071500816457366 79.4758017285569 47.83120637595858 0.3751974124979851 91.77017366408481 14.988211098405191 31.061490089281875 49.65942958312112 34.646892007016014 0.9525573087725503 86.57047395646445 51.69761049228764 78.09889518999752 39.86898798946077 66.01809124398943 34.75715121586106 90.31607734212231 73.95562648236343 36.46773170233373 11.479402658084059 84.90627712887913 15.318130210524073 75.98587523021915 95.67663996831295 78.61102552658654 2.1489124299764018 38.3446876930805 78.50376428269634 82.63382122011895 32.33850493281629 21.046944698870142 58.600051020766784 24.153817608087756 41.213529112480664 30.7558867998766 56.440822133516356 87.2735933799016 71.07276770902823 90.70097656893364 94.40842320921035 95.95041934476974 26.774908894842 75.743732229474 90.98647632617919 35.38625728383429 23.838505716945335 92.52612520247426 8.116190702622816E-4 22.90249199230596 13.346765897299806 44.48731595899253 23.975127225572102 94.50117094384134 11.40679867449247 34.52278628646053 44.43886839169421 69.11532502583349 69.9950129781808 61.673157316324534 41.419390291658296 88.97670299668088 0.7273014772609887 62.46836109559587 19.3699967493955 11.580050680607068 3.4248066211341577 32.41600297761727 17.429955354639258 46.39886022885752 57.30298427454868 38.61112243981138 58.18217530520305 87.8082394729928 4.1937706924644385 0.5577943421073206 80.96867565093467 94.59640466196919 90.417667562588 73.03130930458454 13.34361268086658 5.997028390013737 36.75460239861131 12.172939909548575 57.3880542803747 64.35050031425662 74.41945299326427 43.99760289675133 6.380334714667024 35.302871223312295 19.03012854578783 83.10799787544977 61.710227572186724 77.87711490105085 
54.26319418252174 68.64706714555064 89.94484118578171 18.802073911612293 62.22396551293616 94.38392966616324 45.5985616111653 28.1602247855259 68.51512684321072 10.31671754743888 86.42894402250916 76.7162244841136 66.56989052808997 64.28900206189265 24.975018781077907 79.21396723112389 48.022771979193365 33.854812580284964 92.57392317604511 92.48061415873465 93.72307542412783 70.99050682529983 40.236394930476 42.35190822140692 73.4532575424932 45.24002785019307 64.53112777333375 99.23383741873205 61.49627481778771 24.493403050926908 26.02255049035145 8.541470805981245 99.90317601559634 76.8365796294152 22.8261311635376 9.306626643419346 31.644119142869243 11.773989313294697 92.48978755781368 41.92173172632532 81.78308830296075 4.6135048872587126 41.67959354868217 54.288109861572096 86.39862012771233 63.91677564894482 45.04244784645392 64.56264394615404 56.17981598075746 8.656138395418722 12.137907285406047 28.24755688899636 14.459039892937465 19.08264084360306 94.47592896611356 87.54386229277048 67.89964793511926 13.297976873305284 93.46681952656589 51.689788262744315 52.139202202271825 80.13640706176982 34.484163385342384 68.43126038141783 44.39557289054037 68.20101769345283 92.26109015329159 98.82234278083477 50.37543206017527 90.76198061985065 88.48474636339299 0.22927654100559636 53.78166609387678 56.712712193691885 33.72335656944128 55.712546022465524 63.298186542870994 78.89315294217177 52.71481755473981 61.88722683211297 4.137778163435768 42.82765017343486 14.565296836663954 1.9125778927497894 79.0705459201597 41.288202305354446 87.55079987152456 85.43768785791454 67.30760742994647 93.0821178559302 51.98425601649711 33.13071211434383 38.696686814208825 68.07642542812238 34.005163636851506 19.84508373364069 35.393325385583616 34.70962875750114 68.16840559102334 67.5267877120371 
13.503417790786344 31.104714925099785 57.353305458231404 96.64261791317934 43.14984476347525 36.38557496102975 74.78362839566121 3.210112979820212 36.99797587011108 84.91230497615184 44.843673346252366 27.435635809657267 14.481888687995337 22.889109410573717 46.89518030916343 19.51784484016662 11.805132315292255 54.161827306857326 9.444286367363187 88.34958945598795 16.246943712749705 60.0103925682732 0.7773248596874671 39.65204632021771 37.38679798989178 6.354776734865086 76.57874235788681 71.50069237739879 27.567276793240115 71.03132075595758 15.064009128347111 97.25348815140671 29.247205699846234 33.65953955359529 55.8048523023941 8.567421765821026 57.854078894546845 71.10787771824843 59.693742091381495 74.49036517971486 25.326818833088616 92.68008326297887 24.389038861981405 96.54095389298136 71.74691751618921 30.882205122884564 22.101778800078677 4.23999731838528 0.2880936309971327 75.99346315387037 74.72959071692433 80.73269208725273 4.1715779708395795 5.652552161517077 45.112751423022765 53.941710317204205 33.39619597623692 14.284221159027766 2.581949697328334 75.11700673871572 73.71944962201813 91.42919326117774 15.986858745440436 33.69895937465235 0.697826108154187 32.903873455487734 38.03909330898423 25.087283327553266 27.55157640552135 94.20447481472658 71.07275291504143 96.20884988884265 87.2012692866241 11.683539134429955 46.22018888299105 42.70345083935225 76.03046003942781 23.76508515588852 5.520229813722654 21.097186173831005 39.760768446041205 21.827884816675468 49.62061101361898 69.50907389644752 0.28281794887889955 48.37469453108179 2.5058655698206977 1.2371450677451268 6.368395719940489 38.71848446857026 49.076484356871305 46.9961534017339 40.89632843112382 71.65507195963494 21.424716766153274 73.62973878693123 32.55649876137016 54.454740239134615 45.29682333765065 99.79576000227499 
0.9535658320842244 17.99382945988558 9.501218662895827 62.42415128657647 10.613881603168974 38.960458357823455 87.91643903362727 61.67261909210209 21.60620966893405 37.80688190630593 26.272368443153184 26.656096835787547 2.3188220603013843 23.48424305011306 4.022734702604347 99.40178283740305 13.392646278389487 68.98378119078733 95.39639411044 30.28233051612531 80.89206381171931 5.321800275085476 83.10947453980141 14.605498257739546 51.50213409699707 15.844037540144463 23.23994016657529 77.08942284373047 62.87290379035546 97.58829859600682 20.410707481553615 28.628406101434745 68.1886027243413 31.93254568477819 48.696975914611286 78.05490810747293 25.621500352730177 72.86889761452208 45.567925426441555 80.5292056258016 0.5372412292406148 17.982254807590103 13.692511904540105 43.738986423543146 31.15052509195051 74.57558606405625 88.5836056528528 93.26688649274112 76.7869987489751 71.37218432186808 68.8242372341413 19.284828749215233 1.9892904711063975 94.83842732705759 60.01425331183471 88.1596770464844 49.412119314002034 48.408954954616625 53.595244434041966 4.605684972767854 19.783467945203846 42.75936713765959 47.35607067744003 52.69480496860084 8.165825752564459 25.759893225625685 15.690934532785061 27.336856988279546 42.33352949369793 51.856709430036155 54.57638020929546 91.767239693614 31.289296214332076 72.3659093461322 58.753232523132695 61.130710795252554 59.77502946693994 0.5283934873430818 36.743919913956255 17.425490973664225 58.0890459323056 68.16220886254223 33.105248293709245 6.8728051780009185 35.60387084447224 44.362192507623085 6.71114774553172 57.20262328980428 91.08583615544059 30.935006031571355 8.879505051572679 79.397322180628 3.2496482215691236 84.12096599650972 15.801671296970476 86.11059700621205 60.938253418601604 37.64234172058064 96.00283826232217 67.27985979619355 
13.900228758292831 18.231071947004228 35.455916425690695 12.376071377990927 12.344062455851779 51.52713880173688 0.4911430126849581 58.285759419908715 56.28066415252088 53.60210325365713 91.78819502336928 71.99577658355132 94.12247070828201 91.35062391080679 31.507019923068203 48.05206946315235 94.08959263603967 73.60601632346763 30.008258006427525 12.189602558230995 61.680421888488034 4.074225442413848 98.63352359205106 74.58127520983739 91.79620691882535 87.04384091774861 10.660484051272013 68.8295080748575 25.066058788073775 27.318093788902697 63.81707189594121 46.124928349417516 24.50098060821948 6.928032481747747 64.63381175751218 67.9223851819233 0.8124526737215643 52.924348479233664 37.432685107642214 55.035286151495185 92.56320146097212 32.90865078086611 58.89555607745864 6.2250234232699935 50.7747580846592 27.953195989877976 32.92466158673015 95.16310042184357 86.69850772015036 36.17144621683239 49.902230851226605 91.06924114966905 16.163888141890205 54.44002511931036 19.4758195169083 25.379663969629597 74.24949899168483 70.6359966644808 26.6404817779038 44.475384225549966 79.97985353579806 74.24161550243107 37.15841516802888 46.801264411405285 2.3325814047071014 59.2820201609163 70.25128369960353 1.6322601863209107 16.047886379522748 50.29959223354613 64.01989621611499 86.29413590531915 38.564143097366575 29.431995111844433 82.19052217508181 58.8216567405271 7.860467507804481 80.6492226861604 49.55658048200393 3.8380787576825615 95.06922349756996 95.81818577970114 57.879054360152274 50.86556259118181 45.428386604331706 6.501727986289807 54.02840148570984 66.32682184912349 6.475749343532322 15.262227815159457 7.795416110235697 63.17422978476037 33.343967893391245 0.728165739470088 58.067847684971696 55.38328664659171 57.597516559801875 61.795396183564876 52.96428000803262 8.473172465392375 
68.25957662275451 48.07309297601293 32.03620624770419 1.76788362780248 81.509009560099 96.04765138828931 46.79377386218502 23.287258379077723 68.98451895703013 53.4260592091648 79.58026579396576 63.95792314340222 73.71517823304504 27.73362434051626 0.21482472961885657 64.26001259237776 67.40350340753935 39.479099082642044 94.84255840978074 93.47631699198526 93.1193349626368 95.06365142366691 12.075604479820367 9.38622495035586 93.4197339496346 20.098328891435735 97.7783125047653 54.547665399232145 45.49224947123337 9.90796720285716 31.74425014937662 94.23604108792166 12.12580071834397 60.73779186544408 37.03220352141694 90.65985426729216 70.14560607208479 42.54221773660131 5.872953731484953 38.24861883359836 96.40547494110672 62.22365277453549 74.82806587237812 55.60930879468698 75.51292272585322 44.802378844352944 86.27654025952317 41.17349331202252 43.169536000521255 29.23687854896141 93.32463001673418 51.607996295361424 94.34106594077588 35.47723707169214 0.878696629668696 54.73776462169234 66.42876187278722 9.822546451915459 86.89050840135907 42.03034890407415 54.19548996818432 96.76653335296858 14.678932023697422 59.61726108002844 25.407192208311045 17.253863599035522 29.751432338549833 31.378169939490075 83.98231868681023 55.63291742745528 32.693425671428066 2.7897509340700566 70.89881690684079 70.57906841890987 33.4629702514861 30.04171323861874 2.1904038429989003 48.875810773648176 21.822876341555343 75.34839501694773 18.07077337656726 15.179313495603076 33.66180311950336 46.435010409831214 57.5564698446217 95.75533580352086 53.60047577272504 35.85349462200396 78.91622544612501 9.665645998024452 70.54866909048478 74.08359732013895 17.8564884615635 26.994406846195986 94.7731301193492 9.300726329644771 12.560019784917154 90.4432529374384 52.556156655430605 66.24276617297318 
27.52638692505396 43.98711756604228 97.66907472081424 16.783930724780717 76.62023096087852 50.27103157858455 17.654400983039466 15.62444010290982 79.8152439545893 7.041565793200655 67.30496678050321 15.930625133256592 87.82877518266213 92.14468130297175 31.747872495115224 81.81083762177187 74.17407049919127 76.48521837405184 7.185622869968511 57.188330411928135 25.114144995776577 44.8313794849879 88.61634133789802 33.93301415679954 54.58330811506581 55.4609473338738 70.74950447112792 86.0398677646819 33.34945615553014 51.3842101122412 0.8531569112433135 1.1924293888683435 49.52218423471787 8.241867526350088 70.4130804738593 46.2257267949275 10.96888949368987 66.96445017908465 96.25397602963746 48.803650728245685 59.28302223185583 52.893103336886874 21.16718399796961 64.05164363052303 89.65566014212457 27.299832665849056 59.10904236912863 21.936330459994846 61.333667143825856 52.10859747806433 20.678506613017245 18.859495547069137 39.304663240507395 74.10694105162645 80.85216195003268 25.234578072387915 29.431116760270914 51.05109614970287 92.84933912932422 29.739678492681033 56.46288304280521 48.80581617516822 9.519500406292526 30.491831772824185 87.18950627376778 36.02343030739228 46.78869532813481 13.563031471864306 19.450727215617427 90.8549415676106 12.471304323041165 30.059396153156705 41.80555482758829 12.799228057022393 28.14792258885096 94.41048983782306 18.36738143873029 2.0347141486240727 91.82969399993077 78.56673883305297 68.64461694093168 28.441166743292445 64.77396185833287 69.47856199820689 93.1833274744977 63.00751202046094 17.085655998810022 90.53167057498297 42.39045385229695 85.43490496514407 33.633334843163176 61.53875421415444 38.123147383562795 13.48251617038746 64.328331424306 86.43855161835046 35.46184615465802 21.96681277185003 0.9600305556177413 13.029089406646143 
55.54172799626698 32.313382169755634 76.54976033338924 4.862649471418823 29.39917840933036 57.173620156135954 12.58038325034484 1.8558170828759435 67.49700843382834 78.85690452409816 84.47817300707214 23.21873353907683 9.924119347365734 25.19212519486689 36.36807141418614 83.98345806148014 18.22237957322974 81.92078540872045 52.392998166073845 54.71211005619184 41.375521639841104 46.83706481734077 83.78238125514743 92.89131165671361 25.701859623446843 87.6286511892316 38.37464384587297 14.070120864776904 41.224680492097896 12.73529178689472 62.44283976603663 50.97453398268305 65.55120462584661 2.5304143053850425 83.44226795163937 69.63233260151894 0.3730340651042052 76.74436758138879 36.693348142789894 72.96791876301747 95.40801322633511 93.2861380737736 69.03257260178225 24.37745548011406 19.93549191765387 83.48371699344722 98.10895267050002 66.47052283469826 53.034021039930266 29.25149826245993 7.272802772760945 93.46518619746035 60.212464786820355 78.8064444502672 72.89835032955514 59.64923271370064 86.33267003237044 79.29299079744796 53.501069035572776 70.87104171530237 22.553740922185973 77.03995414858457 18.15529082181805 11.199412175994139 98.48507596880258 99.16100106076006 55.48708623465489 2.6923568396942876 9.81733966073499 83.8234971014068 83.91196407361538 82.64076819974746 16.407539703863716 70.74885061241328 78.80650526908528 9.703530976327047 36.1264613808992 98.37075217437345 42.94752373959605 78.0265267935116 15.733712697212688 79.56596287309094 72.82191269048451 26.738685808215713 81.62765036654113 43.98561114701225 15.304863331376605 81.14408511349068 60.524546882606465 41.753261364629026 66.72365069058725 51.47982448919885 12.95330685569901 0.6592249578614595 39.46875749707153 45.28522468915182 40.90915492079702 16.96893980993961 10.083576151310858 20.22864441399126 
15.09167896098188 38.57650277540963 67.1585260538197 15.664040984412841 16.85969978847265 68.47269459269056 97.3748956840706 53.240109804461255 5.367429758245413 76.36014862097232 83.68830424214063 89.56070168080723 1.3034374983452501 56.73659538620884 40.911166273904676 37.19592499700276 25.23594822839804 12.880371306102056 80.84808052952188 44.269161342716735 40.775059469755625 77.91067923652055 81.6576334728874 37.39601541573152 30.594486682981092 6.458391898728221 34.25859213759402 87.9269441060133 76.81242779751801 83.47139995056888 52.36800048368383 57.24616233178238 26.31328367261738 0.29188522568147635 62.153256756629695 13.305151107464852 96.2988477032017 42.381078424226345 32.49975164895038 87.61989615826228 15.689772145307689 17.930453548767122 67.54018219294942 59.63677821921463 3.955000963951283 32.08645670387836 59.36118552725386 13.672781715149252 60.52901471733401 77.62929350895797 90.69748084174454 12.561509001327009 75.18366448647589 69.68447980951017 84.94324307325225 71.68723374130475 72.55348296008438 99.40914628023252 23.95491806491291 97.2650647114196 72.47032962567029 19.58345803196474 92.88928982809988 73.52595958004434 81.84530244899074 3.6506704209453122 65.71508634868883 44.891281499780725 33.54285610125295 38.98770169480683 15.055954774155932 41.272178491305475 53.02410059446188 25.051383243609713 15.667200630830413 37.30501078509509 64.49329473833548 47.5337684274738 12.11815868292665 19.634728672960122 44.86357378559692 90.77325431162548 38.14664483232666 60.283952589474346 96.06497786757961 32.406451447993476 7.671457707120066 58.69619728820788 34.04989522034192 36.60910954981836 45.59339404065179 20.217609470056164 86.30803172742388 25.26262282491738 90.28483430068567 84.5821912871202 48.78510006944261 59.99595267412406 79.06243716412295 4.391417926746676 
77.80640746886203 12.291075862968858 22.95703514068559 0.6298642027033119 82.93856264233344 33.70334529094834 87.73933866049161 89.93420990564097 42.67958734042938 63.73645897537092 24.429618682250275 86.63386215809248 86.4496940066772 29.024947156129134 34.414032121828384 31.507138018676606 73.56206339893716 94.21546530392075 11.809802334710472 88.74775881670321 52.68498590556644 22.30136464955511 78.86601039586381 82.8121880417905 3.763720736695253 90.15336970471759 18.956254753822932 17.61914772735871 48.45252718892652 83.60242311146962 16.11400279067038 31.998372824057142 64.814268019305 65.66906320450798 30.080953785562357 97.33650426452857 57.37711338772525 71.3969835293662 71.48329137686143 56.043779598852105 14.594807836685163 33.23668474119372 93.02022798924871 32.76593122645954 32.33907639258714 82.03843486772399 79.44376363971493 24.191559614112602 94.25971126809648 0.4520084891049825 1.6281238821658772 87.85592636836543 77.67996902152007 27.893989235011617 98.17186467126834 5.518004505590913 97.15188394842168 29.23167093636485 61.74519671687374 92.4882971093281 6.878199400855978 42.94589255375635 36.78953050857346 60.71082142697196 57.914569410014806 18.773405700702604 80.1958855598206 20.453331632812034 46.39779092230677 39.692690594094394 97.23325165205452 23.135740184880227 95.00281647545357 98.60536652575142 41.26755334612283 6.127374716244349 81.41332917262417 66.17866825200532 57.706405739628686 99.26958450921484 64.79771996766424 43.05271165959438 60.12436832533823 92.43091378427263 64.11428724498401 36.97958330619488 49.667946570713376 43.577904198993146 10.526581629319832 43.44952931253658 27.609102357692983 27.645307874932833 30.291791573641845 36.97283414151329 5.310598141534562 87.91533529187025 14.192098282807352 99.42425727929938 85.88600086890546 53.66628960025594 
94.9110144855739 21.720155105724725 77.48169676521466 30.52676786117964 84.71369506540034 15.58671889092389 99.37785580242098 53.272349693745625 22.37225486559217 63.29101996570851 58.999748726725784 14.727492313952473 40.484174100867406 14.944882933038473 10.450374537381958 48.98615285270714 92.16389536382185 15.354806151714529 53.3199068958897 52.34039857835454 69.54473758256665 5.3795017332736395 94.29698877713444 71.10708180187255 5.610302757436337 96.36990547115958 73.50140469124622 71.96840873975295 75.58156233477881 60.50471493791157 52.47724331525316 37.493059031360765 4.417847229551075 14.697889859941837 71.43015603337747 97.18021825890966 42.94702878575486 1.2427798860762285 9.561864725461033 12.669758781636652 96.72212878385503 84.47082174027028 24.249590227890295 84.68750025448213 78.90873448057296 89.44104068846708 2.3376387065536797 38.845332651475594 11.339544089571751 6.039897274198891 29.952855165780356 77.59169492198538 16.329413693732022 69.85924252970437 76.02524157724693 56.40878151816533 25.926352755844594 9.83349047517862 89.08953899270847 53.778494612970796 84.9808880541703 21.855345769598067 26.963113673864758 56.49009789100968 39.74829511880928 87.45274995897175 74.54000861718418 74.53816080267892 84.69517942839127 7.097947107466607 56.21055814374615 33.160288290566 86.7639764198032 58.8328840965255 16.310512974012713 63.48980507660499 18.55591071944309 24.6334392880177 23.523110418979343 27.84943330229358 9.725056791987253 49.29822153009814 53.302130786548894 70.88773683662218 69.33309528005329 9.63602480855591 16.153383470025673 83.56087329036136 40.996446287610574 75.33921634284701 29.006772583933227 3.3880314637849462 27.364489026439355 37.168727772016474 71.93045424040878 51.45966326418877 60.79956895011007 62.939487078346076 33.08325487703465 24.353410462586368 
3.0865754037158966 17.283505189486682 21.070955383838385 17.41343331224212 28.581860145545935 47.28104027379092 15.766665935029888 54.77459402931449 82.41834164320007 92.78860411188867 36.174968252324845 41.06375413723475 8.215609586339145 27.655792290274583 27.064088005001864 29.886219804455994 8.200969361658261 76.01127558023964 4.859868590666494 25.00614336219532 32.729274773735085 76.4114976355829 57.68983506678412 91.55547558580473 95.8965569646021 85.88397016747959 64.48522163092414 56.65685162962966 79.27438250736543 25.76025791259572 83.6932955523497 21.52156136890755 16.748982747574015 71.68215515854695 63.42188176755519 90.38453659609222 50.03116330490028 81.27767115996835 41.73255476819061 45.56409943424049 6.610085017116907 34.74186547570521 38.318395741995545 62.48494372782519 79.75602073394326 35.92079944347041 86.94687676423189 63.678636905012034 83.63421075589767 84.48510529900108 21.817848871142907 56.576739997741996 15.673981244219714 83.393064383546 10.381195800809973 86.33733490807067 83.04433374059498 90.08125197693437 20.178274855213196 61.99662609493607 40.41922575715279 54.68417173649266 17.91571876394322 81.91301185861316 42.17280183265989 14.072553100188001 25.249766464249422 92.77180991705659 33.72686126686417 26.613229104060878 97.65381028710848 65.34461637471944 93.97989274387581 39.29188546983394 50.26137113090999 59.7480302866667 93.57902253382375 76.20314820311722 27.721222441673653 83.12230404793281 52.253256623277956 25.400845226179534 3.870964628170148 13.451202486055669 62.50844349873339 79.71448459430202 1.4298459696071575 74.67019879131814 96.69139720021057 56.376349045540906 41.93115780229928 0.2608425141233828 29.762645867339486 80.16681300684668 71.75908440869117 15.205000325229411 91.07433166990103 65.27383280744343 61.424407933063875 99.47337220718921 
5.031812223127929 72.1757859430758 42.10797965508557 70.14853267832254 92.72449537465235 47.59518666134252 26.020444080757553 33.833462872402045 84.44354550783441 77.93398785586186 55.27120446957285 16.17239004863852 36.46109032661958 99.5895672846032 37.709126583001485 71.11148902822258 54.52756956073673 13.163709485757991 57.592079529595054 8.95276670665397 1.2509503307946201 42.81517187159329 93.96187017748443 59.30528938873218 4.85353008835252 66.8697762577602 40.24569551568423 2.7136369708791186 92.75906140446176 21.290140722660656 94.87476804992106 63.04428209932323 45.04503196683759 43.72055308925057 84.60529857945559 51.63636970272587 0.0018765619158478408 82.56069457953338 89.74651871624954 93.77412763523513 46.87300891877349 42.88523939250505 63.64504575879696 48.21395303698098 9.30653013309286 79.01462663725529 77.54429080317291 51.30001095740678 57.13155625123265 72.15558928930433 76.33227453132037 78.62788473734264 83.77908546949818 50.768287416692246 0.7106641439101113 19.266714730425825 51.999389006977246 21.180192427715294 16.96238636618711 0.22592997038731744 41.48495175346289 76.45517125185096 96.76475021576468 82.15356041245224 28.5899794747001 42.63941093050432 6.389481759849525 71.17880561271598 90.5445642760362 3.244255242032501 97.15063406166719 56.362388276838224 54.3935818587051 15.189130962049724 37.10588908412997 87.39396382738163 4.34749444692486 92.41618526695939 87.78624593770596 52.97666137096062 20.314192838529365 87.00142220804047 9.12367630340668 6.764573512424754 45.08807868638104 41.82545469949181 70.76581004420852 14.769857766465444 68.0046342122207 23.730270460351054 58.611299065197784 65.83182541896105 68.82570787553371 71.57668904052322 91.66897187686574 95.0412323811504 87.20283690115296 9.730450524347434 6.23849731771291 18.938707970421255 
70.27290302291 84.24317540514893 21.929743359822474 70.8571179420913 3.772486433061095 76.35772773781386 77.1825753322123 54.9533445626595 50.514300197189954 35.95574933963914 10.718391884142664 8.275851585644766 4.1511248273974015 56.178472455090976 69.7491720683363 71.64005502274858 15.859666658650873 79.69016225209113 45.78939080688904 22.134478037481575 66.90885931393605 86.91681543591196 74.56067091634854 12.756229771004579 41.034070494286546 67.08107099355655 87.74855678916711 97.97534939589578 97.12078845494692 13.967490332346078 71.26535351928118 97.95316669807242 54.90833984516089 20.090752755950614 67.19249823389637 68.69072403277002 84.25626406436892 65.30246513630466 54.72043106270637 0.558997299575692 31.972933285923144 8.860693529061713 59.17352031822586 63.46353157410009 29.28814494284563 97.59950207549585 67.60208232203846 53.321797690923844 97.75832987789579 97.07414657744586 74.44307586362827 71.58239380847178 11.725128784556905 37.420770917083225 41.39561471875566 87.19104457239284 81.40509398327515 41.15782482574372 31.926911263879955 88.70902601708404 92.27030411860595 66.26962163932212 72.7188739501551 33.21552741329194 73.58670771563672 54.650800516404665 1.8850302415738596 38.176186804807735 71.80906303013415 23.353673467924942 86.9320445210624 42.63583147679051 72.98832983957529 74.06879614492328 34.20959857634055 84.89424206628688 52.42947256549749 24.8823105912104 65.98693172438085 5.249527541133903 29.54456877926538 87.59193631128251 11.31390139955336 84.44450297093358 71.1782448216186 23.726743785961833 42.46889049570114 71.12720007515759 17.639420353133804 12.904133316837862 90.06550674607354 34.93747289122272 2.255420760184068 58.27073497357238 86.78448349321795 5.757419176447998 97.47150036273892 35.51219030144013 22.216729821475777 24.214087907273594 
48.35091892267157 64.28011935148598 39.448050964509775 33.69880367627871 47.787668263810104 43.8727731433473 67.78554496978774 89.96811784962138 66.82603502961226 48.619255647124646 65.42024122381586 50.81728146472838 78.18819216410976 22.655374404800042 40.8400554464029 35.367825179152376 1.4430428950150342 48.64253839425321 32.451696967353236 10.186680284005934 54.20657596298728 90.46937956761859 52.13965978556187 67.7550210989578 15.346025107667305 26.089042429268737 40.38498722850126 11.730782610537593 93.36715789909378 93.38337299779805 38.08602859235185 52.999637803763754 45.99603697158122 69.30852514950746 53.36790941988091 50.68493838576419 15.423633358624024 90.56480654944734 90.4370193727484 3.0879421055892142 27.763744823287052 2.6467978714696194 11.931296712697993 4.95541913509332 54.981592584102536 93.36815260082955 26.236658877868337 39.52252200727637 52.882668295274726 26.818682145300176 26.884455945435327 66.45456476664523 69.70823433171903 44.19967262848715 62.414313870435564 0.11215581632606497 66.46613113544015 39.09662420324499 81.98135566604398 46.489907334295275 2.332348352404512 46.48691193633942 84.50618053468676 81.72970952678594 16.29106430794085 7.143112617904535 97.31068875466067 10.285369995309402 79.63771507866578 82.08107027218685 23.95219779149923 36.61616684621721 3.0517846117684932 95.31501481631418 30.362940406872006 20.712668077605123 56.65303401882168 77.42034330229053 83.4215452873484 64.80893834054633 1.7868500741338722 67.2679678399184 16.727576238798136 96.31104699477913 39.24151508455531 4.7823898918679 74.61982461335487 70.27255332876881 50.1821593133973 13.688950172338842 77.37349694023573 13.673463807366504 43.29324658859988 29.954022397346748 58.03104205471903 73.30987429478915 24.453390913233473 78.98512606657808 44.46584517986827 9.277364304808088 
73.72347488353043 42.64627268304508 99.04755177650574 96.83194564400321 48.51089114317718 85.75714656302942 82.67234918674508 60.83814527025552 31.479920554350084 30.982930323060366 79.94104123823253 69.0646262576609 7.110194729147934 80.8849770232512 7.912256674540119 53.26347391925819 81.76224750939143 86.39069899551315 32.12772891909446 10.27010649674538 58.69123112974546 52.054409293843484 30.501045767966083 59.28652958754551 41.656813607512035 50.21909062672888 78.18085838145339 96.06142558079365 68.60940623732053 88.5523618529985 74.64400608593253 89.85635530516826 70.38983779255634 38.418180195702604 98.04363714774111 14.8881652442587 8.461630586064562 85.15912083865638 51.23181629112024 94.36339848831523 70.40209523672733 5.602340011372453 58.89574986694556 62.271382696716074 92.21045641897425 12.965608174501753 85.89125074863773 15.778376977062948 32.44826875831783 34.82809648961436 73.12654134670737 39.36595357410829 44.80943120377966 5.943848319184908 29.244149799071117 30.782623411122845 82.92408664189621 64.41421408638057 73.86803394492496 48.42841696459471 24.03280238254366 37.098710169247695 1.327749780748011 29.967980841908105 16.624371401106274 88.13214717872026 22.540871171605115 2.768479040096661 41.21268467031162 83.02908446526726 47.129524442862056 18.18442268955246 23.135106515376002 90.09497125562767 87.86633038817307 93.76227408262844 51.586826922693355 0.726618680239477 5.189652510730491 40.11350049058375 40.062695599585005 0.6729319752811991 60.79752849247624 82.50551782981998 9.9601025537432 65.44010044931538 16.22423249745063 61.14573368529739 91.30345323770204 84.763728666026 94.82292845896647 8.684688436566768 12.382838917336493 43.433673359731806 23.72238560025991 58.64009927977132 93.5565578187968 98.74565369132786 86.09531309060428 34.24433495948402 
69.54912676974382 98.4669396522041 43.47034467906546 3.6437095545352793 39.28350039103095 77.4417303330828 32.839282442964176 64.42867026778445 82.61821256061417 55.825143338377416 3.9556858016671748 38.149833419661746 89.31720399267806 37.42294751671075 38.490485235509695 13.775532641037469 17.16212435582316 72.7275158527522 84.60479662784988 77.97235480369808 33.323931667338435 7.978740737939738 48.019626554414266 9.640900524577 95.94263637457165 88.94190696316508 3.806738861926595 96.31483634219393 1.3210913122308043 26.08283167081278 31.894443535445085 50.83201117540359 56.22070729797169 56.433862779453 33.67660128108282 68.11226312679202 34.454087604223595 56.68255719037168 57.13272187866655 63.92727735510244 42.30151148760826 71.87823856665281 43.5114715118394 80.22363999604298 48.23531648650088 24.63979805437624 9.899526257028835 24.861072919190576 29.01818858555889 60.86148659568082 98.8921863919189 37.55351191350571 46.4484517154675 69.65165809408053 59.101721195888516 38.35156134284744 96.85744926081121 87.60274473580536 68.38393023024652 20.180605501209946 68.92114502782051 60.478998943018325 75.43294878000437 92.74964026761621 4.430136496528347 89.02185037563744 14.78885644858956 71.57164264759109 81.36924248873386 29.810961037251747 45.32216584208726 32.887167913391345 28.989904770018192 56.98240165166256 72.90382203413424 22.95849520070966 40.51568104939265 16.093594542486645 44.23885856067336 18.502591378937428 70.70308895270841 17.5379913160967 40.73637973912331 83.95680095626481 92.6871477582564 23.650724235986388 58.80809747110243 60.822065934274995 41.3729468886667 81.00973596814745 36.132152474582 54.50415109162782 89.09165745864914 37.42518764490664 72.18850834906112 54.874244187764695 83.32136014495526 61.72324311679904 95.76669981652721 38.195983411507896 
25.980170905132493 53.66855035241536 52.16631228471811 50.1168145454709 89.13112995370149 91.23311272216962 18.455012247558066 62.09731316316004 42.89535176178949 12.907425107233427 6.418569266497798 26.952938788371807 17.95199679759878 73.86311344838596 79.73177061937122 33.10841119983138 37.21062092271982 46.51454260638586 94.39871526258436 71.7157181038871 29.073506502617086 58.390168272984546 69.65546250067327 85.96256199541362 78.16262077397754 73.21267898011502 10.297560646815507 67.69876810689067 78.4678430939979 24.70025466805548 30.789520463182086 2.9340328956819928 28.580197918361982 6.839560281597789 76.53282580095457 44.81111190789178 49.00576394530029 9.244354743196492 98.31356875478285 10.334374443101101 7.513069881415124 61.70189296884369 12.22040036645181 55.43441290396568 10.048743320470056 18.12258217217687 69.21793968724029 81.87515857366219 51.9632358912621 66.84661758461567 66.08038633146451 69.06076752598766 27.120478465149645 1.6246101175079297 52.5345499128235 3.9753184811577746 60.9223441893061 25.577529406344603 28.231095780027037 3.2891131453643863 67.3608546614462 89.05450983848435 77.55729121172186 83.09119024183556 29.91804690714992 81.54539083902719 60.32411191791462 33.75842145492659 71.46550477592402 7.6681562343896665 62.00504608117628 0.14736411548315065 9.27254379088448 77.73964579546559 8.47353726343446 50.59577052513781 87.81410069323204 34.55130032267538 67.08044773047558 42.14651937663339 44.276397217122835 19.709874992941767 88.43255624413892 53.957441263367386 89.49047863751983 55.26642839596205 91.37752681023866 66.03632004456135 80.48075794210068 79.34510762609102 57.47043683275278 6.241159044530709 19.897740989459322 28.096566717258654 80.59135330426123 74.9115192887307 42.3111175558351 0.5391335604745362 12.40310367871581 83.54759420334811 
37.67145522747711 77.71411647951962 54.98280920682564 11.629398307134453 18.205735278300807 93.06990691969901 78.2303812916003 93.96927121378997 56.59406503386622 67.10286969329725 81.55161009950695 99.91666435738796 10.48182601235137 26.02120234691876 76.8330866714626 55.28497118869501 1.2136647417629653 21.561334687034538 42.87070901519965 88.045909151103 33.1326744266802 57.07462449932327 90.18301555315023 49.63779615158077 23.870217145928763 3.6154600439369133 79.53519101764381 75.15979624982658 65.75877762976783 59.00010299918096 57.519036677352155 97.77500281043322 53.832397890819074 62.668932598625894 8.178814980974348 25.321061536737798 96.83613724968501 29.673005437538958 70.94234347082008 20.42770648521085 74.24813677312463 8.219133102106746 42.01127746995973 99.3664827363994 14.524847439123334 96.94597755734972 58.884039550587765 79.40862922901789 47.61201607546725 80.46690357156922 65.82939022318286 59.642911742512226 28.221085464420103 54.70365885834345 71.89815884362196 16.005974168230118 35.452638736744916 17.148221109424554 42.455220062798006 27.703532431491507 29.055629791265257 91.4283671041981 10.233240857377513 29.251572534379854 82.94308400749865 40.41594040373641 52.55439241887151 0.04242654594258655 22.54205181393415 97.60490369961595 57.63560883134825 61.64142490116086 64.13760139375746 12.599697459274617 94.78762293815925 51.94561405114513 91.57766963288934 63.29259502454245 10.837454168750538 84.88675404209516 8.537625520004644 34.672109204201504 98.24862993655478 84.53666321461047 73.00042716393028 2.1926985963366286 19.18286519267648 3.273705078326028 54.69029028186995 86.24941293062545 24.141559965344726 95.09500924467301 55.90480710030189 63.53928542183797 73.84491182149236 17.209817037601248 1.5225107630881474 30.954640725954498 58.65102784149892 75.72509685474776 
34.91987768100564 18.141741566242608 11.086933893573914 14.535372436646854 53.113809052153904 35.97146465764588 23.957913097886806 70.45448782438936 76.65266299805276 29.907005516140195 19.021129089934917 82.1777884960726 77.61096360908451 79.61685927729056 59.35403432021521 45.8390422182619 82.49988091654879 49.16966126682407 62.317587439782606 55.72712009216426 25.987660552894653 45.760668777854704 49.40882768035977 55.15330762863249 56.031239085406845 89.15802978825842 64.31689592470448 49.51086264162028 81.3522004431627 28.92022760519114 1.141139957014159 1.2442332981365323 8.14738899193368 71.92435272278308 10.99941769821079 34.74611831806501 34.50645755274396 98.8581732666493 97.14930184140657 28.12634423348561 58.21564583664111 55.06723704597151 66.26439998371761 58.34730560075758 6.4591757523910225 98.51152190679994 76.65253295942091 96.39649887238866 14.386631550997219 75.57443144692284 12.97201889298516 19.96748524008346 63.59673020405331 74.0802057428064 21.39690326745891 22.546339337324984 41.29495096964475 72.11412178585508 59.20147126967059 49.85148487542179 96.21448443215719 61.103127283239075 48.37886872576781 87.25058540558831 48.34701452137485 72.1028081896416 74.1782881101774 55.078884214104704 56.111878675161776 75.34991526676198 36.33960069116359 42.70927601383381 56.799162898925594 54.877936987055065 43.32393570803516 26.77503928177152 73.95435300965941 82.35646183140399 37.98316791106744 74.12208781986357 28.829172054164786 27.303394002786074 56.88086491788835 25.86823969033041 2.1052463647223796 44.43237593195354 54.871728720966715 95.37287710819193 66.80432750633875 73.13596461171765 71.5661275844506 89.97114092598564 53.630786094635866 68.96851968798248 76.95084671645635 84.00252166300378 15.949123213147075 62.48093487280612 9.706679554309527 28.96458273987834 
33.18130997277665 6.872679978593121 13.658070365636476 85.54824540289243 28.615762816453937 32.66489965597217 85.30949751157718 1.8619214876956725 80.45181664832623 74.96156059284587 68.56786375599033 42.32750314604796 73.36056694117003 76.85395878687554 71.51963576079406 92.53202102840915 71.92500803526126 1.1371867400382984 34.526072899943635 26.744591163947252 97.02940698964504 1.745373828499286 48.91935392337173 26.858993520651985 51.5998980686266 16.175879661645197 11.226991696429668 84.19806610762325 73.05529965748494 40.660858328778716 99.12142006429839 98.91683994230277 86.40918035479822 40.95787601275498 72.18618887586129 15.667132749158164 94.17129080877315 33.369592779652244 33.109737351727766 98.7371107290494 67.02840456382486 42.96576093068259 33.06221888542107 55.055101748929566 92.74174282004184 8.969096138576049 68.7804203728594 59.24770730023655 99.78014589491738 60.879833417020365 98.28032663306445 21.3680741659638 96.91515328591444 33.15210252735042 97.13640885902808 64.96095008317685 60.33626887218093 21.098500680174702 87.91127575266967 50.806920394313096 55.80162888152056 6.187529510757961 1.5887993326484273 89.98903454928706 4.921394550794512 95.0118655131918 71.75844532645833 38.85075271112004 91.87815643070734 22.943690295151786 19.817971253061838 57.965016519448994 59.72074019101661 70.85659515828185 62.60628225881081 47.409941982950656 63.82476889811649 31.281868286990612 62.64766358701576 41.447434095852856 34.1954069526089 38.980230517438244 45.58326839370337 57.126872500653015 47.99474611897673 50.14838325465899 29.385111908434947 43.38668587103934 29.00827498130184 14.343029375967753 45.59251862715592 69.90250411577435 71.72198002217759 33.69325337746623 84.08037140583468 28.23132418040434 34.26360900704234 45.08549877303787 59.76311471767859 91.7268961607165 
56.66862404390651 92.7436085021946 82.15796644941565 95.25234505092122 38.76352861024096 80.98970944099929 6.875333514415461 50.89180777420397 55.41613041038326 9.959961126264549 61.873961548810065 11.66363733763519 95.98442913942341 0.6625437222994135 70.71286313010296 31.66352538895435 89.50285235644415 10.003449449693935 40.05161745031878 48.11668685678755 17.476509671677942 21.268997452892936 39.29516056313466 28.49397910400334 22.111285901245658 71.0422253250867 76.5487145386219 84.14767789055695 89.38951411587121 39.64364326254001 66.9430405705597 50.84835159769598 23.608085779530754 88.92503811789277 96.90971101709282 76.15511394930748 32.8278262038047 78.60839887769792 11.130669412874228 33.72725098955121 13.140018811636367 30.35020742274196 87.65582771745291 5.4860800497629425 53.73802968469084 37.324722033499725 21.077031665749423 33.96158797707649 84.48891853016981 36.35807215593909 3.6662009358650383 49.209269140055476 53.032067762598345 69.50834950349389 80.03004595472949 17.358286025210024 49.38881552240344 62.47505756091667 52.10322569358332 41.15290908617085 92.64912128788455 38.33471004927696 28.196416434494797 66.77495077836424 56.508358715321464 66.83746329295143 42.33521368292181 15.785694224286996 38.25932707627737 21.863142954796334 18.27038022250431 66.20160735618028 69.30161489057524 82.62313274639297 16.3094845713696 52.51887950021204 24.31247896342419 67.80802736053944 80.51443388332221 40.92766225034802 10.930438397261044 36.11909263460756 98.8290395115307 63.00761661350247 12.134815832235324 21.484975669069883 99.34520438884911 58.872169426336626 9.461473762860805 96.75331479024634 32.18589455152284 89.02970136333826 36.77703549554897 75.76019400195275 28.377566277214417 23.15558044419015 1.5409421920664301 70.41870931260898 84.60426079147508 3.5198421611163155 
63.31664388685139 16.83112945191715 95.88013243758921 10.991042556014053 77.75035735527274 72.41747495267994 46.94663780488688 32.337548126323426 98.31778812733437 64.6665674600006 77.59525228117255 38.97343726029396 77.846249185828 41.35394491987239 57.13598854403729 39.346808570468816 27.151682176965597 31.93425212286598 38.8766350398561 59.84422103549857 69.08706120439479 80.30404133507022 16.747092795587438 42.38565259988288 72.88074458058954 50.24419797544194 73.09772524729726 20.810230185727352 65.85032318630965 36.58945788755171 89.22022579888123 52.70372562443335 97.409589054231 37.535793621225565 88.28394888896368 38.49457336067408 73.74323861326249 56.48471595788153 94.1502657986098 55.44601844162318 90.60598816767731 5.436823287088933 18.921972922098817 70.59771184284791 66.40980139117123 76.18519811813579 37.10436894870597 73.76086109620552 18.094930751943274 30.42255212346997 64.89908398618432 89.34689363263215 28.237573079933664 35.36429458579187 39.421344396399036 84.11028514728339 23.42888956240482 37.6029692892927 84.52582378944234 86.81201832732299 21.16723884222277 24.647795599911916 57.44582549498608 75.3609522247065 5.337453353818244 70.96634283813586 93.59499220736014 67.1661010599023 58.80807261194906 3.3336243177587765 5.650388600701972 69.23367427563619 15.75941233086241 48.90718864063377 47.43016526453484 5.968426649789804 96.06244384565939 48.68508119843401 23.09874594962483 44.689736049078334 49.360451875479214 28.866797673873414 7.8768278599496755 81.54854509499361 67.46247177058002 23.12567882545763 47.70312011157333 33.83209960849335 20.239562141101032 29.91442465783002 22.189269152037873 8.56922116458797 32.42196917832799 70.66372695900836 87.72891385094567 81.89961126825787 46.52729233800832 87.09728907512743 65.76634865928393 28.846449732860123 
10.606786893404896 78.87476837642768 4.999862612668993 88.93237940599661 88.57896996589321 36.38749080910737 25.689263856383214 39.50469953294511 15.62670767101988 67.77001411583562 49.256711192577384 75.68640405848134 11.466035424555931 54.053977280391074 27.014448928393254 63.545469404142096 20.25197010597555 91.87886899570672 8.122601065329082 41.37558875515504 67.4685727707327 99.28768592360086 28.774718326562464 92.90730108427988 11.357616755704846 66.8737206121703 62.12826282830319 5.819295218190068 19.272202698201347 33.90798323820601 41.64179894437265 59.09538701056317 17.79870310076759 57.06506704066393 59.25015478604504 53.57351848401626 49.57244309607898 17.97852947056683 44.20335040137785 11.458855340448459 19.419580172345796 85.09514228760115 48.4146607601519 22.623842330170095 27.789656323800493 5.160684945734994 99.80762693913084 8.193917594638956 70.40031205696268 50.15815122652755 36.42148293376177 5.218280129548491 29.59773251611765 86.63261318311596 0.9288707310249555 50.15095144799244 95.14338075826157 66.07523357634881 57.73934058036282 53.418137919118955 29.969607940039765 57.402145405545554 93.00661171702622 12.52365862189001 39.9038074263531 55.55230516394967 71.62712166195702 6.945018961272609 15.442749090604535 3.8416025540797927 54.71193619797538 54.49845310530414 88.36579847614125 61.94886846163947 26.033578029727988 85.90209242876865 86.30775295640588 36.272650593920886 36.59391196642186 11.942142917133813 74.36905082054307 64.88594436703349 52.728734309046466 15.947761137676164 44.42314422287746 15.429330834540167 85.05924338453977 3.206110555935382 49.98784634669673 11.021240312605352 83.12009449644076 78.49984127350686 87.35953251024581 46.62739096831084 3.6383151288242765 3.1250307627006424 92.1660452741561 96.31967016467506 99.20679623379817 3.5483853096546003 
54.57623798129983 40.468044394608285 28.490736010078997 65.28832254717221 56.11111671880572 61.14737452668041 59.1248183941084 47.65527819967047 96.33351190804584 63.904260436890766 20.103509550896238 97.66242104200575 8.650340688410141 84.51734275039344 61.736395669305026 24.718713455573337 61.043470218149366 30.497758468260127 98.1349494346636 21.642004295449645 99.75226246406079 88.81477111382632 39.716733128529405 82.08070825098905 21.762891197149237 3.694772045170236 71.35748662486598 69.60829856481318 55.41659096290517 91.33028901686882 95.59116624173423 39.5557321238215 87.53096481996458 11.948750849376422 39.652461681800766 1.0725934961033246 0.13559744950535357 63.92916604671812 20.175885413983117 33.9586359843972 70.25514414262197 99.51810900610309 70.01006025134606 42.483085536694674 42.13020246592046 87.18463399931734 57.875347428563806 36.709940357567014 2.8482286960331393 61.767152560793846 73.48748897819006 80.7731742608904 79.5638244841953 10.303435963805219 8.289501039909764 37.09666881964869 29.319768472931262 38.7982969175957 35.07852821147765 65.72933964099316 10.937138663272805 53.17175220241275 78.58395581997054 8.766813125842354 12.524972839034698 66.24371074723163 73.44759377301128 1.256727178918271 57.86688701429588 11.849597796474033 26.07621926385143 2.0355541491832496 30.27417496158512 7.044508343284384 32.481425529510396 30.620560735329505 33.45182204614885 53.84184402616087 55.49110220109825 29.58140186764433 55.50605769301264 13.045624699371372 31.611520882963752 45.74150773615525 14.428951272236413 14.473963670015156 60.3384689274542 38.11032562133053 41.22769373804913 90.23447218943365 26.860446566797826 75.62313372980117 0.32318178668547803 30.700645486365897 22.866409006664668 83.56605054236454 55.92457102431335 66.45154218088332 59.56516399823111 33.98954638800089 
67.79350174358747 73.67539966938871 12.04296617896351 52.464599575044346 40.14371198404374 85.40103481661309 94.73045761611216 31.21139051053695 53.37881657391787 66.40925558346903 44.01957806679706 96.93124432288559 79.95301370857693 75.78967657032182 75.96564541303633 80.59827252008981 22.84657304846035 97.84672348751693 94.52931517576147 76.01796872704486 17.979928859118665 69.4218259474953 48.95764395470411 54.13579612401455 10.347285296082065 69.687086535166 77.67306319555487 20.879573795007957 47.73262845150832 67.07902172108994 30.43353803805132 67.74526751273578 35.578102591209635 37.279214879071766 30.54677062653276 66.38654750060729 61.906740321491704 76.01205693792268 24.565790611049398 1.1442674177794432 32.158523334098085 30.917951028906632 68.162881149752 16.752833289658618 50.380840896048205 67.87373531998938 13.77319318681598 82.38614318372555 45.421407703729024 68.87026350667345 98.11909288265954 37.75661609687471 68.60374862874531 30.92044172548882 75.87068566941129 92.15660700122979 82.82238074094315 98.45925296666346 9.467539351395171 93.13224217201106 22.076837702859862 15.31060953302662 4.521203193431356 67.90553443359141 25.1707850471664 26.534132572816382 75.23754996808381 67.71141471770109 37.63439577332311 95.32825610185328 34.942627485767495 12.892071152918739 31.885281561856893 25.65433311097611 33.0650930397252 44.891782381993636 17.22525403698365 97.35968481783014 1.8229951362363273 40.221233660511224 98.47724195781288 27.31584345292871 33.38203003979218 31.01104249148309 94.898720107768 67.45149284048063 81.3970916944562 6.950051557806736 49.46503335264314 38.54790779245182 69.61832216710651 44.20467979333481 42.69800696850393 77.27798827622713 94.63753555090031 18.341440867803072 74.92235005141087 43.20820889671377 29.87028588560686 10.32549164936084 
96.16424733557302 92.34617451962254 73.51349914595396 7.343893971263427 43.86371313532006 74.30466400865771 34.48804517510031 33.50298841295183 95.154227848571 51.26639133157324 17.270173700080214 19.375133189305537 52.670218850707386 68.67195891841904 49.03530177352816 33.92081024626533 60.674985320264376 29.916766671072637 90.68211532316668 57.487836673484 91.75873335418918 40.33094460423712 87.07453612310854 70.3903094581795 53.43834357966764 89.32959343635794 41.23359583249343 67.99557394921074 38.6975976318907 33.85901227515467 42.23078935815082 90.2983733102447 84.83857561183882 31.127735213119134 37.179071550478135 71.63707243961008 10.971994700065736 44.09959282264979 13.987099558827243 74.50765201736156 76.05627027227567 9.339237025491876 53.436916508438884 70.3569336892021 36.60210921520122 13.538873416694075 16.664804448515767 69.78730190814665 85.99153985073663 72.41820569938625 57.269520661543496 84.78093477061347 25.817178701792532 43.67790035018139 86.04173085987725 26.352379414450088 53.729727483580994 34.300138069057 70.70289581589535 2.4640388091162424 51.98859707326462 81.72814373088579 23.061491342919627 83.08998765934753 26.242665007775557 98.3197772826866 11.638907009260235 41.98921956081333 75.02515847835373 68.9586864193704 39.086937297476524 68.0503239790578 67.02869911524922 82.8196553213193 40.613263850745405 62.995257506883426 65.43360140336681 62.02315975066336 92.15094951527576 6.780750264676394 66.39451926440701 22.277431044181505 65.15236944436771 77.21161165464662 12.24754478792378 63.59450573667841 28.65765947245098 56.08099497109889 99.08199254149817 42.780157287810916 78.68219492943467 40.578489490134174 23.027970869193105 23.63576949852435 69.98722786843304 5.757627305475821 99.94307245626263 35.67358409685557 35.942260126340166 31.530257270884977 
49.138351727632404 97.63496958818453 8.457331121545275 15.955928088792604 53.36593843577635 78.21465322064883 91.85788608552427 45.52029745743296 94.49757797453499 73.13221642109804 2.0944428291622463 82.6472717258837 17.15547248899717 75.05527083685394 55.823799283140765 60.86545025680138 91.01377984887122 0.8672032201036406 82.66806015769767 48.8501534632295 26.571215649828495 19.38552034180676 38.35227188763359 55.988158742455354 48.902182027390296 91.87515848094984 16.441015069403598 4.162989035832332 49.22591439649271 97.56442079530171 92.0388487835013 83.13444483827382 15.090133824477691 66.85943427872209 82.0889346695697 40.18679331537135 86.54778847916084 86.0663563516047 73.798862912786 28.64583935628261 97.91239871626304 69.1688112297517 55.24205391103969 54.41589262808143 42.50965345043019 14.571302381005369 80.32780526678552 14.863394120767692 41.29986945238966 77.70768325248677 14.102447174807931 20.174773629265385 5.327991332635229 94.02697882909953 33.73870563998328 23.74189564322029 56.66480833615992 81.10720964741208 5.589832044723342 65.17919285550391 12.83514369477703 33.511057263171594 19.329635927236165 47.25241508625513 45.68574987920313 99.48559838455652 36.4690572436053 26.299681878969604 97.22770939718559 94.7215260758356 2.4344704695316466 94.65129982485058 72.19518105759954 65.12560588350067 78.91241538281145 73.10558783112825 29.894292219435737 57.9233768031504 76.31002044476041 11.693770400316406 66.37313712066518 98.3974119590165 4.949873866110832 17.76772536064731 12.025715647360059 98.17969442068323 18.012662652712653 91.87019166749246 69.44982594415686 40.254981294284434 89.26039961763105 53.897817790755944 81.71084183904081 95.6953033988664 54.21762066893788 84.74319459657171 52.1204121735796 27.63401721569697 44.757450858165 91.90282961790808 
33.22110384998547 29.101097829663058 63.93396134720546 31.46375403789544 64.87507936476223 23.079688421593925 80.42178701269029 83.43230478705838 69.18688292196171 25.507150036416306 70.06849519258631 82.54432366024994 3.4475095630220443 34.932171109003384 95.83472883297335 52.49685982406 31.368867482844475 66.15275950651008 96.79167562238965 77.96721309222522 97.58489182256173 89.3982221684621 51.864968409105316 75.83594104508767 80.7274891541059 71.4815462444709 94.65860889599492 94.70625557804266 56.34258644143239 40.83682663604774 81.96208425064148 80.11296586633084 22.493595510100974 14.469713877294188 60.438340511328384 91.73996533351514 28.106572059925348 31.587106015432155 33.50984993532053 48.51599692193728 96.9434660616504 36.03561417677206 3.604490360947743 7.634247069649891 58.54680910324879 37.666580577978195 53.69251013248704 54.3420474067683 81.58128724964781 61.35874354601306 36.440419581819164 90.77282930240938 54.70462510966829 61.66791041387015 59.32709238262541 64.14315517607517 75.43224582031537 40.93626811720197 89.71200064669218 67.31352191410139 88.41726809095451 59.18226124142289 55.114929185187165 78.01235456603823 61.149312409409184 65.2052460057508 80.86114904424112 76.94842115613983 97.28273868172327 10.077395160643443 89.7654803828034 99.58766037047836 65.6368963136824 26.55863070190245 86.67323801476826 31.54621098742134 66.36802412771154 70.9586286328999 64.44561176761272 53.35220113332119 64.89446339347506 27.583212969067226 97.37149880928283 76.75465339067866 98.86388286753551 70.14077500910703 33.00741468239021 91.80861097671709 3.7832451856160687 59.3475904453599 54.09156295648001 61.64141879623002 8.889266250129591 31.459199732179965 58.44774116865909 60.10581935957159 26.419169168467693 98.56833945395306 96.68925273072462 46.45136341158892 
94.64853880839927 38.248112241688084 15.052532728948176 10.69635767214393 37.89514347370441 97.482461082379 73.83474277795024 3.5584008610628715 75.14460374785426 73.81421153058952 50.679095648692986 85.60231386582997 43.03580587008852 65.25426635064119 92.34622963995957 91.69006226781863 98.65105111232974 99.7338309886622 48.62944788360155 8.868042847916168 32.88785764784772 64.74479562506727 7.71622691863012 8.502895907832942 56.14648073410324 58.30168830664091 53.56784500944091 56.77777650640754 14.649146618155251 73.47193337247442 82.78361164463999 51.58681472430909 57.914100294179974 10.459365959108524 50.9356243961685 98.41625227058776 5.739562486847194 82.58929627524381 66.50454927797293 42.97654208692065 56.50972303290571 45.53165858753167 14.31648627923554 24.150485445962556 37.716933403793576 32.7120684678616 69.77541470917848 97.24823502719813 24.301315355570285 24.09891354654684 60.20535610539284 4.610801994070157 40.7409876921158 10.417867130930025 40.260852334865795 38.27946141145193 18.78319130601239 40.33347336773887 74.6339043575167 47.74926668156515 4.2885717938415 54.2507965569867 63.18006947960705 94.7506169880701 93.86799297701775 15.128347149076127 1.1059062337465009 46.55363891527852 34.8231742800858 44.056791060470744 40.004530824645066 29.465932693552066 40.35957990755386 56.34626656290192 4.295540482251525 34.994954679815194 56.12195515798909 72.47837876914211 22.020132469361698 82.57218125091671 63.80995237952977 47.5172065519888 48.9617330259383 94.78688403072762 22.963348948951634 22.43701509806657 0.7070165803791606 33.753211838162166 32.963330919066316 51.31253013184549 58.53171098858342 80.53498863685834 43.8784042625502 99.43106206411801 81.8901298411668 13.47845389791238 56.99051616990718 39.12386344581523 42.80686307094835 55.85397890600038 
33.66894845724465 92.47758980925902 95.61366654045779 18.38347490750224 74.71666709017532 83.07482696354256 9.244030910167933 58.031131695313235 41.39574681778232 62.52607872572538 18.692510688219333 10.86076968848122 64.04560301365377 71.7937714376569 97.2653862305557 33.81396888570141 24.539739625001445 82.17220227666576 11.89379788091306 7.9388683099615776 4.783768271853428 36.27560353105637 0.04996999034394545 13.900322803864418 65.03950941160637 75.49974878879475 98.70174185216966 89.52789322613322 53.06697311368532 97.16086537585964 63.26007291941751 18.708922298837837 47.90808636653176 31.87886454578466 37.618827804163146 81.10970858172581 10.59305334429056 69.76016266216419 75.15553439761747 13.008632162257005 48.13223747594561 92.54871445691505 64.9565122404021 90.95077071905659 96.86355869455483 88.15207944064629 87.54911746198984 51.984444681434006 96.55733171728957 33.812692710815774 10.068551511791135 6.915796743412061 57.6375952065255 34.682725646147446 32.0560719102841 86.3183716606989 20.46094552085769 95.67430278562216 9.980077189995995 82.96040860917626 67.80095921340637 86.1949832556509 21.091005291116083 18.863351346315007 79.51830454060197 29.74184444078437 75.36554867560432 70.38084350642151 11.853669572896475 13.315651477031132 48.06520280536396 30.48830145408393 42.862687950705535 65.23001290574693 84.8287153112187 73.89887236415532 50.219037967722414 94.12855166657353 26.237506223457117 17.67243795035641 77.94395165931402 16.88656204684299 9.437695310173943 37.660047797319216 4.577404048698042 28.56175735391856 30.671877196907648 9.42698408004221 46.88824822719238 83.67212257151648 94.46831643700241 91.22341362797903 20.42764170654837 64.81705403085279 32.75479306670507 56.12239897809005 31.06210509810422 12.021341207320068 50.3088235151651 10.620780171466881 
90.07958485451516 74.1697694956855 41.7255521181502 7.799251103088589 29.543970966177135 22.51342520927909 29.47909546299814 74.56372200483007 44.28047230245874 35.46707568434277 92.67268332340657 24.540851673356524 2.2063553792064927 23.780240996734335 91.71748810926323 20.87638974236046 45.678562339647414 15.652913955788483 45.44950250361649 86.48579197062426 53.11170046042528 62.48009076133084 84.08842537268426 33.232294770733375 42.32703821363296 57.6476514684271 83.96201516726649 96.05849149603648 74.92507184973168 83.16528977023351 88.0638736833099 13.273153253123738 64.4312947727007 11.910607949110208 30.282242974378182 89.9958866874751 0.04685468555936101 96.87165405013378 10.531806583865222 18.18795059000198 72.54278333864691 73.01354484518266 13.040124164319234 3.748387299499356 29.168521611814924 82.25804725315986 20.684811525267687 68.83033276254551 90.40250880266272 7.55330011961588 54.54709395407475 55.83323835054129 32.954623613338406 68.1241135265905 59.7419420691799 58.452443278058794 80.63729566137415 84.73162566193511 66.10448108867067 44.71837376046012 47.55413995471098 71.13427142673675 75.45693547427827 17.133360572111577 46.51199372679755 45.9304143002788 65.94985560785386 75.81494503163529 9.644285126743558 87.57618138056837 58.365959228812635 11.980216588827385 67.94067093686093 74.61039350386417 59.294421542410994 61.156589490018 1.7099142908765685 62.98171479679203 81.72795211689765 88.18016256990268 4.960016899372166 52.861439233584726 44.90461419114696 59.34360430298575 3.261655673205477 88.43863509478331 72.1107464779108 80.98128140024029 26.867981499285055 15.932622047742518 37.681012828240256 48.33013623896112 68.6958838312138 97.4210493004603 62.57604246184428 53.680587953861604 50.23086102627327 41.07012178430543 21.687677082989833 48.632519858026846 
77.49966149987021 61.96680396965597 5.4164067838826995 41.69721753303908 93.96188669984345 31.991119201402075 73.08506329021284 39.53686143251128 27.50378256662306 12.029916125573525 46.397382427272646 7.808974391694035 84.67449154115283 85.32180611285102 17.419622347784834 35.8840512056663 66.88703419619394 26.836183913617617 87.45785572072434 38.630299457808135 70.51335442718796 50.327623145495046 10.723219733362743 18.010258819102443 85.63479351836854 72.07009671745001 89.82179927690795 37.409844892112574 26.666345867463836 18.26387932112383 58.8754829420727 32.421092281929 12.155125328460025 81.72116783287885 94.47452306218148 93.22574216495174 60.7605168072094 2.6748201214468525 14.682225192841248 5.777510329992797 85.75543437382433 8.417811678604103 61.95654090824198 31.656705840043664 51.345245311444096 96.96935560837024 17.123049920094413 39.77164545136349 0.6828692234830402 91.076904286648 58.42819889194038 77.00708284383384 77.6656489062986 20.601478750194268 62.221282663328715 79.47063115174934 42.4315618416138 13.697134895389507 39.95817363900931 81.16399760480351 23.929439271803233 90.18357882046315 19.98931177447868 72.70656614907544 62.019836532028684 54.12428813308976 11.98898474277026 99.16468123474509 66.27026671279468 76.86072397850886 36.90254341517202 63.09076644037886 58.94051335259386 46.6165593994214 65.93261370735041 16.552156743049686 75.61076910012542 36.27405605860194 88.35499489432603 84.23038801136273 68.48743892165287 7.038069009920522 19.849395213158726 58.59734684933571 94.62836153295541 22.441426065989546 70.54973703358294 47.725583797750794 74.16135704941983 94.50865312395821 15.163270878977887 36.465797992147046 72.02696129774306 21.88339776051388 46.27725803981192 42.525299275468 90.85825286146311 8.338088825511836 46.36655418208605 10.407080393527401 
62.3177432343017 69.32271727871147 84.03490071258817 88.21982186001497 89.54328657253576 44.0728678851781 25.667319807565004 75.04503468039951 24.312034402861737 31.285417153279315 54.94048793418669 9.848245861532511 59.11345877351215 57.48363708463056 9.532541501292592 96.84696441063282 76.5295243738329 68.93163554447301 76.89325772262076 26.798931668078886 26.15211519404851 10.321453159576466 39.08011032422755 58.849912967231774 92.72484713508508 16.44431829726506 20.43523993159755 73.381130589371 78.2784186476234 96.6709382049192 71.27285514731054 92.72215173567673 45.73572509454492 36.30388538388619 15.766204073560107 93.64586371926697 61.79492368872417 73.728509675213 2.867684618602273 3.237978539772235 32.855755759842594 37.77703009063633 25.365282782539712 78.03418527104769 49.3363690228486 45.83376411859385 14.07299106843427 15.243998699576455 40.93499059461296 69.94773474376193 71.67242945025211 34.4309865440587 98.22281053310043 75.58216717058939 83.86742440832202 98.1949601196182 34.41141420033337 25.61866462776379 34.282791455361895 11.202416586531328 45.220240511428564 20.847168434069175 53.93316233331304 48.3373140259174 74.47645916719952 17.41103208657101 56.107164224871084 14.795098809944317 8.411779450443902 21.539866204589597 43.15682735182919 33.61859138646681 2.577680389140624 12.391088735654565 22.9516366048203 89.47521142410636 91.88260908066316 84.93434439268509 39.65113299424986 31.40073608631052 46.46172046118511 36.5513400106904 5.969538390020423 51.78560424279801 13.921744184984664 43.386799896837736 22.25041493970201 14.05553630088303 31.960659406897683 85.4746317852072 81.43883401761592 97.2990547468824 4.443766426703865 83.27661332605709 88.43317486084543 62.52023031869328 8.724931763104992 2.509214458699094 67.31808445006821 22.24578603583317 
42.33367062199571 68.9974477981896 90.62474131711284 12.89146923521085 23.105869251902067 10.782921581651895 41.03408772474806 27.593380101969423 28.417913165558993 10.826536908528261 7.833171770903002 66.1357164943287 96.39104536163413 10.384587045414362 27.954347762873212 98.15721129352038 14.764824216220696 50.50025628059658 4.571555936541072 15.994246582692483 91.59552849561977 77.04082374726002 74.99747222922562 74.31952520517079 36.01747707648578 63.324143518967766 54.019806538543044 75.16082657856063 77.01215370014299 23.616284033280888 48.83463487928147 58.93527221599062 13.462160726611083 0.6454334088451419 27.379073102082742 4.810237645079141 19.723975509834403 10.765533025096852 23.135239693032972 27.002844010199944 27.53557055387259 21.516297769180404 76.37191775132051 77.55576412806083 67.28197243389184 18.064664818777477 44.30988125394215 30.67783198642712 79.47383865068883 87.37587096015912 60.84136703180811 28.913742528101473 0.7512021291059323 11.95077254539182 90.20375431852469 17.20791342260206 87.8065522498822 18.579187121894957 98.40195414571318 77.35332706438712 67.32844127529567 71.79740004640901 61.19363609226836 2.3670193198713108 90.39884367278003 36.60119582683874 38.09590361403862 18.00957825612827 25.734526335454945 60.45412266121032 68.14154125826205 66.96688308715426 47.74472643546919 40.74391889280896 85.00756008859356 20.138015592755774 62.58445082289885 50.57834539185797 6.658200841387885 69.02412324466911 68.21475418338365 93.17493813594959 27.789188740975035 83.38874593422044 62.93837788824025 43.08747711825258 32.12947464020738 89.16094515194483 0.9611659236678616 11.125271595115338 46.051289929510276 32.97829306631226 43.236694629000915 39.059577324463014 74.95884309398765 51.81763505521526 67.18362030252727 90.07483471251291 99.5705339647353 58.837261659024776 
79.82221105533317 51.41062432360568 60.47907267077947 89.85492773442148 25.458651849628655 6.753544747156348 26.268447498488566 28.81195732759029 91.2526517213404 67.67651708827658 22.98619393847048 45.12440390838298 91.83597801379354 75.78624776962958 0.9139715132984727 30.99808337822425 57.606549660994666 0.22793955734529137 28.348939303847565 22.585018794931443 60.40475787455082 58.80954961151439 31.503039573479086 25.284644133843404 84.98568244250104 85.24620772175282 44.64672072200544 40.54391127904539 95.03297829244968 49.88871149152495 95.2682627870001 9.186179147086293 48.41715178446855 16.788232085413036 25.289315967818517 44.59959881106938 87.98303038473775 86.06271478850752 41.271873864835385 28.041452980494018 71.35825921372411 27.268707608220776 94.07135345756829 77.86568886160475 6.106651344247727 56.845613215036785 11.535054724817773 84.65671815565773 25.00729187411639 50.687683843833995 46.614756016804684 25.053232171723337 70.32232354536156 11.512328270773375 57.65676053862679 28.471696067758078 55.623322537372246 29.931596831852637 7.652228367126845 72.98984638991666 39.07828285809561 87.99697866216624 54.8751624337629 29.326374840851553 73.05818933435859 54.47593706374526 8.604945002671938 55.15373607949026 91.5042348196986 12.231891372025515 40.52485825698009 65.90677562585181 58.70374808194154 39.817628376623645 74.90755377637765 72.80072204159642 30.95492834963118 41.75540518211709 28.842952004346444 83.94777961103806 76.05753515664763 84.96529581950661 37.53361535896196 10.262418603602042 54.64868640237752 52.416607626782195 79.07712971772092 4.27118587349018 92.10996135746682 69.31549064065084 8.174603576440798 86.99367703339111 60.10404547913151 92.00510649497836 18.84887492112517 85.73707222471512 42.75616651336366 75.24305416588022 82.5256069056948 13.947421063311516 
84.07761009833057 49.63399101484809 49.724928299999036 73.186638864619 0.4356575130106566 47.73369691213004 61.130836017338076 46.85499640965646 94.70625253939626 14.704081603037533 86.95011905059918 85.45459880145064 27.20285131667112 27.386951609337785 2.242059018948639 53.990177407724794 82.55678407622183 24.27760468642002 10.294715070838912 23.52931049809047 21.431655313500652 18.117607022277383 46.143135598080875 40.994919120738416 21.28621534877919 22.689419045594928 27.96937844163525 3.9387129770200535 91.3572058391365 75.8837536783204 75.39369944748789 0.34502262957694096 93.6157596565336 82.22391752182963 80.56089199651298 47.44022531673351 13.6578800805083 29.769567019172328 0.4451877391221992 78.03379962643334 3.3216483932646312 58.685716380712016 36.9417531142865 78.092731121629 60.28073571035236 71.75095237704528 85.0822856557942 75.05190029406081 18.945947424710454 80.6922897017939 59.10676700495636 12.788752528670832 1.7134584606342096 76.47217505814079 51.1429586700248 26.241388358540107 19.93045629462117 96.51662606976414 37.88977511171856 46.32497978140214 19.905995074161154 37.36159918884601 26.970154735074694 24.102217611482967 40.87681424058695 27.308086543115373 26.513632272772014 62.08922889710193 89.04494662818347 30.41466829327192 29.048327471003066 80.12923625791029 34.63598803748417 0.5195329802044957 23.926558580067557 23.44199569284089 7.383885513162625 41.972250512478695 91.27790646916357 41.25781005578557 99.9301903990412 62.36891091407749 84.87799075455466 25.870713713958317 88.33269266718902 21.822452376752388 81.34082034944885 3.9962345618675843 44.21042556205097 93.16334935043585 58.68707164105618 14.99483441182463 44.00906270300825 47.95406352935541 68.6102143399106 93.82303117515362 77.45273090029946 74.31396689552186 83.65687954552776 0.49986766179246356 
19.455298115054465 14.289728117476352 33.05748365928588 2.427262274847919 57.596285115705 80.8694398827773 89.08754123323838 21.078506183606883 60.723484324095345 77.7269836421177 29.60974435548881 0.36998473104282725 33.326476440653806 98.39653606115607 81.84133850626722 40.45694736826191 25.032236037286726 25.815269688169685 47.41087256635321 67.74497633998938 54.90606042083313 88.03566131830664 19.41296335472471 79.58454575932892 66.1980671931643 51.39707787378909 28.439221189698614 10.416856697318721 48.75755659190193 48.55960288493699 96.45799509224744 15.064932789543505 53.544568263848 45.54130893248662 34.93517249615282 54.41471545440753 76.49997264110736 49.263551511307234 96.73277458674274 98.90669604248333 7.492479691831077 45.097001561518915 80.09160512442352 36.059394058164784 24.143007602360978 32.5145748862911 87.3987765640808 79.67178369738797 60.03380276532043 96.19555482934322 61.46044516832288 30.402530194142873 92.14185769361161 9.788609143732675 57.64460815705227 30.099722701662735 73.29306576676449 20.02955587660875 61.52839544145655 85.55549389691465 82.01572046567485 0.02315190241028997 28.578751813624635 11.285806643362918 74.37887254243172 92.23633693861684 4.914988041965684 55.48634615430355 0.23317675071000687 84.11373038985644 86.34619936326678 28.491353044071243 89.72886846401198 72.21440695133661 86.6460639889876 48.86292885284055 25.067511061776003 74.38231096001046 15.422079709155845 58.66416741801341 87.15122932341951 43.70086612268898 10.955833248862524 36.52023998783503 7.1251506767151085 22.845746651752286 34.0354127889326 54.747341384972856 58.765810366944336 52.93791669368917 5.070610727113478 85.13018435898184 99.25031460517617 17.11241196195924 58.67611536861928 56.854505046514234 3.048081126498481 55.75663415051516 97.42737185847199 9.651851439717163 
36.509010203717274 37.73511030426279 49.63838758707578 65.38965271743797 89.1789705881164 9.906081564711567 74.78024497766029 62.14043075781368 11.955509615992321 75.84843834487609 14.553603580434228 56.18968978912364 11.90374164993393 73.95592163684167 57.648080377912315 99.49290827978838 18.884395374187857 34.91867555033422 71.8658164774358 42.767783308839725 70.10301568451457 99.1006277472488 58.55618567279629 97.70862805958166 55.27136619830139 65.43435557136928 1.2030301523747733 15.73569906940614 27.279105645824732 25.19344784418144 12.525403876165765 5.242897661810009 11.105848371001736 6.36563324630417 32.59733685070232 14.483189166835675 37.16072414648822 17.338209806956396 94.26160071900229 53.03172832557325 84.31861043018536 32.220591182200145 51.50706934870484 11.19261356539878 42.62925102265387 4.36713180016911 61.49874581361521 63.765833989880406 96.00745412411756 29.52655871894866 21.594066017251578 12.266860372795929 81.16965437925482 5.532732962148024 88.94865790925182 27.992033045797214 0.6641294523822339 51.564655034826046 52.20919074550322 7.24874910993999 55.04917438212901 56.74198633697848 82.31058022313222 39.62016874074094 12.105602616883647 25.18557927981149 62.53924111230551 20.310000304484422 49.42694649122438 72.66082056916363 86.79369855927149 8.413660062528827 90.81278521804683 8.534867690825564 19.36834876319834 44.387907263825724 6.597630933048803 6.017132386815771 29.60570337905186 92.04183106610243 63.37986618644697 23.515672612686412 50.40700165547412 63.0478477459544 89.57222287141401 90.4303828648328 60.860562925146446 15.272134195824382 69.77736298065311 11.817223029237834 60.14183608764125 90.14974530685086 93.19912274062054 78.0959447093594 82.35859440665385 68.88037905842498 59.13201491506504 88.33709230896214 0.15928272718507275 82.39660835704544 
86.02863598472675 8.65232049364587 78.69199811187082 5.857112746875703 79.72664781451569 90.82537390994536 70.89623615966573 4.843279802839162 91.12399433303564 70.55931638515916 90.12891388941446 77.48827583625383 33.92314105505648 49.57891682553963 56.77083738845169 54.443518599281745 39.02203432783013 41.315360584458695 91.72922670393979 76.88822725275324 93.71161054147895 26.01373716180978 21.646515711328707 71.71352001337128 51.04666621268363 17.842042820053095 68.14511886734535 82.56331205579535 97.58893048535116 93.94371814003154 16.5823995198503 95.59004137311388 36.17824431046057 73.36400973051171 98.5596261990931 19.584051178292462 74.46973808150268 62.39374099236065 76.82323574214726 41.561208063411115 9.68197870485642 2.1123572980984884 91.21620540229014 80.94412194961068 65.33303128075003 63.7753642593468 9.981940141049183 8.148170269703826 66.69849413918534 38.17962610793764 31.992533401313306 76.68420174076233 38.307479169879755 56.25317384084377 2.3678846606226434 41.815699386443185 68.99968116167146 59.85454879261739 36.471582435469365 3.3588547322461193 17.89858123371364 14.129935465093013 95.41408054082432 15.389874474750142 28.112950646358126 15.764630849325235 19.96317302802043 51.424548300167515 74.0608076762601 5.078671182474126 9.156346257038074 0.06096631278554865 93.01702405290457 34.154747717033665 24.929058310821784 93.12694400332958 41.817820567931186 78.04978037282827 14.71761080855558 36.04965675720493 75.61238322037094 1.6298325953072457 70.26471723698594 18.46557127360984 67.13392811239703 10.681335068486874 82.75047792061466 32.014718095555864 72.16949492192576 22.68981181521803 11.890960080710201 11.814026557139368 99.73986956488284 90.04068125778244 59.791141334351785 48.280253600146835 63.95795707237701 96.38488832097214 29.108461916862517 86.77381867458696 
78.61609129111915 25.52545585460617 49.477832628637785 43.96066196120649 5.259663189009 71.41933379802485 76.16838186870113 21.839965150103335 80.83659734264708 17.752157704311966 0.5868731217013257 93.0614275549204 31.96914168338113 66.03187137983556 63.51213985789755 64.4565072158858 29.47654174321187 32.26038752693764 28.83948968982557 99.63386271631921 48.98415987904826 63.98079978328506 58.13354515308308 96.04001024395765 81.28664213665624 51.86088697240449 24.432502558867775 67.06192855952143 79.5897575284974 22.96198476333228 17.5163372752175 75.54924189903863 39.8375916768017 6.455516275581896 22.24601733873873 1.5592642405946933 85.03878854838945 56.78783669943609 96.60030002838771 4.179083588229437 64.83754210420653 4.157253747220391 36.68124351269496 54.95454450001653 87.53214096180707 77.6553905185646 92.2290665838053 78.75686079586463 73.32581626383732 12.53838713602028 88.08156047570984 36.843296125056504 54.80173537328158 9.831623903653131 14.532736897533605 26.419179916753134 53.44598335824558 63.83501213533581 72.6899734503441 51.184289443770204 29.499428006873917 11.084153089132798 99.69843507546831 38.14740427703851 36.50137099872532 82.93592834856977 53.09605429734968 37.41863772610151 11.59494321999862 63.185393763617355 3.581933181508312 43.73990836490438 97.99620471851422 61.9841068463449 71.1255177450662 21.18972283895737 26.98597716948551 17.81833606712483 40.61345643645405 95.79920943274448 83.36544230499128 30.418817394332976 10.125555621992167 4.742088226390539 40.52356997541929 9.212075592159774 57.45081791025356 55.31213858982247 79.09648392917882 94.28656787814445 58.59903565816463 52.07738850449006 96.65590221535535 69.835184555982 55.83297902868215 96.40112745024129 74.9458172338635 43.64895965037838 52.14071351676156 48.94556877961133 
95.89360489881298 10.475074739141787 4.087172821205021 72.82478959158249 87.95378804439851 51.91558226897131 95.62855791603805 42.74936521471998 40.299742479934665 51.03147584568504 1.7427376401146888 13.805875124209322 43.96057896030161 15.930107231299562 92.62334569864932 92.44025152370739 6.207582645128873 13.35214884261161 86.70474090822225 41.76474260886568 37.326527632124694 10.637652764167138 33.9296214930652 83.4839773076905 27.369253573997977 12.438960169164426 99.44054733071658 29.536494422847536 14.559931801760372 57.16159194012091 22.27116019767762 87.97380428670198 96.73845381937498 7.352434138358676 43.63247296828947 39.64985499232817 52.55543342258427 28.117899277025128 35.03406195003447 74.96958410560977 20.090314759712623 98.1429399687088 7.749592435348185 13.245958107681377 27.146140113469553 38.99517903407252 52.030587264420966 1.1407711016845457 79.68154426180364 80.13658233978896 36.99189798988364 1.2151413658352594 92.67257700813015 99.42848302715115 0.23689403771863793 36.79153680945405 91.15398056434003 91.90398245696505 70.05986958317698 55.129884899236735 18.271611607610172 23.195063411918206 92.45774163845327 7.346072884740707 61.88467235430307 18.240028204688674 80.20261961818449 20.55203043342011 51.58849163603373 20.760157081629437 61.871351346110515 55.37223655753382 83.9856311830274 34.482742375730226 84.99773332460192 0.2923783446830197 5.615078157729581 23.200968734758888 19.407508472197964 53.22163498134807 20.156361018059876 3.4993825734701334 14.315920070674693 80.20079950492087 89.35744450322551 11.336929142889785 85.91203061008108 21.364313764590314 65.5922805302763 61.66791208887072 50.92359130434855 35.06500652378087 28.035929967749485 48.8943934387376 76.05075961570377 32.496130405367055 94.1522062423115 55.181947153609244 83.17652142202027 57.19608019699378 
43.520810634093465 43.53387309112114 35.90615929791156 6.496957798687064 21.987974139804965 13.007313165471668 34.25769012114791 75.27888906552155 90.70665765702572 84.56795968122009 61.21968461612668 26.31786186742666 46.839347754950154 67.81835626568132 57.41243943818003 56.06553440222418 70.52858335906846 31.198039362341657 48.23300510915115 29.87533962642537 46.197340242739095 61.24208996513963 11.634065634747316 6.489925003071084 65.32342088791083 50.09791513934112 54.08125654848595 58.03076992671801 42.539066421894404 94.7383492762852 57.25298583909855 18.781629745819718 67.23901617858996 26.17250961066686 68.69139534430352 63.733190756419255 68.83725006570586 12.44404024318715 35.8825854496211 26.15712495917375 95.39474428087789 95.31971837051712 25.138820011706986 12.403542679279777 92.54751955109906 27.309647640823933 24.174882482137726 61.666546567382305 22.496365465071722 73.02357106785972 0.41536626290992196 28.63847515109448 81.27660895551475 26.856074580060785 75.83913647450359 37.774096090789335 56.60834732272788 77.60680384741455 83.56179905477687 69.31187690166564 18.334591004403713 19.87999094538 91.37650609269848 89.25020972223645 48.78679286245416 71.97100538475661 13.117940194854661 28.15221743674694 1.3742716249028009 10.435788988793027 79.98392403013173 46.953622423493066 22.276080700732393 72.65241714383954 10.843539189115914 1.8738571223807066 82.32086729309071 10.422262657285907 3.0802523661614956 35.08144743748788 43.97235958305993 0.02152697229759193 63.66302220925425 72.9404330226219 31.79508375451817 27.102172307162142 13.90790858222929 9.465394964876939 83.85700259032451 68.45461340380604 30.787257410132916 89.03844591556481 36.23274040221071 86.88276444397658 32.66303359725049 79.49227349752235 33.10316550087502 40.305311982574565 77.96542453656895 44.33918918627848 
60.904041755503734 81.68543570857277 21.607361473281184 81.22685508910723 76.55857030942182 92.5043691748925 65.82014865673801 92.62711894453497 37.03563808873368 49.23260404239485 49.614897170830616 94.31529201388656 40.307612924687696 69.61568871041275 44.219016508762486 47.37280830111035 56.23858931913187 23.579965076715336 60.60654039815617 20.24715491792879 60.01597192629743 22.176806860829245 29.635582398645965 48.82861271769088 80.44537196777092 17.222213815285482 85.32576565920033 64.55423595542203 40.760780894982155 54.151918634970066 67.45300374280022 3.2251617970163293 0.5590291468069775 21.100402949526888 60.908500269796825 90.52426226526407 4.049559823038074 28.32556532092888 6.163439270359827 24.146800703002114 2.0176190330870036 33.83899924931957 47.70030672151522 37.00761634185202 42.73094353219962 3.465135901637517 35.41631645091822 31.164122654504578 20.477061036306353 56.540847366466274 57.774017868293434 17.895184068374903 29.500428682898715 2.080281598631162 64.86858998700897 85.80169258567123 95.81552245579869 14.468086847668882 34.600926099821415 45.84550668773758 49.704188477941315 32.607384894538185 45.790146365740334 69.9191190627595 57.66245302978225 91.93718773567129 48.32865784048973 47.83929116925169 54.14411480475364 14.847199425381596 62.37745619233899 36.583563374494865 0.6554198568993863 91.75623474696526 96.11888445675646 65.13945599128024 52.58720024916455 82.48379240746924 44.72858832181784 88.51183618032938 32.62782550695722 55.532554624197985 21.997942052159548 55.23480926628107 93.6824085490056 61.51290822513387 80.43274637111064 64.16020118105212 3.930692348086795 6.178841238593891 95.67354327032419 38.34551164151956 1.9881198434628211 48.40787217811325 26.72741704097198 36.54001309931233 51.09156834008062 98.94589762744523 14.770660290715455 56.068406745792764 
67.81330897221711 36.851198463373194 50.17627667388274 54.83728931793951 13.01374849699658 92.31008770216529 19.93973159010487 34.74038875177088 10.575566277106596 66.85994613929931 45.82098198510407 83.91439387262733 2.918879934775198 75.04369206282256 37.29030220188175 71.09790845074957 61.37908861296758 95.13305345722807 12.759944454462435 21.771896639020305 44.23612012004243 10.796203285179129 87.60323738019105 82.81073749052902 35.5157701369552 10.448683132371961 88.10724337327314 0.04878566571265841 3.640934862296308 86.51477076237109 26.774611205389775 91.4681450723356 90.59250046643258 42.939756039986754 66.28480162090062 97.63911560976541 79.44669597989466 76.03185654428609 6.944427174139167 30.595564289192588 90.98782585176185 41.075784139932516 55.600911365079874 22.503250109683716 28.552173377681367 55.14827127858264 72.7632656051021 96.2799269885717 24.341078718911568 15.179124236121478 49.06828367938688 41.75180414926041 40.148071780913256 29.539676283322237 32.249991806763056 82.9817525373706 40.77708279943993 71.30377603999148 11.414718957737435 65.08041220973098 89.3857150589636 61.81472011010091 66.69368018804303 72.11213137408717 10.56960849316807 84.30486775118197 9.239529650992873 11.6334632813751 29.211023168058414 9.052890412244752 69.0528115172465 65.9527282143128 20.94665066337401 83.9269295277514 36.26883232211943 15.374903945093532 3.56689284215973 7.150236810969146 25.30494842890285 84.49692716796385 57.740686373485886 52.73908390300964 10.662856191199266 49.04424686980554 90.16711439526517 63.30108655225941 78.19994861921363 67.79023990908357 42.58703170376317 59.745310890775094 46.32836505017225 71.77592095392443 6.044936509296139 42.943858728482596 37.86988432182289 51.34811629296868 21.37341119851873 78.49785797654349 25.18933897354827 30.46007139949174 
34.07942701706307 62.499118974055854 28.748766992699327 7.229261425117761 24.6438806890543 63.54195944190021 22.369032821536926 69.92292285042826 53.70273931930597 24.228000525748662 87.2552122682349 68.34260528227804 45.660216297804034 84.01999705948239 61.236527414454045 32.004880193649456 83.9914063682666 54.53910598979604 49.69117467272878 78.566032615378 6.823893232523536 38.2631749636813 0.27092390246424847 48.614433215845565 72.34479197335806 32.07202688227115 94.80986702279392 36.255003588403454 10.161805173979877 98.19890406432606 78.69627411271945 58.8360181079907 86.95383998783967 16.885588579371657 30.5059947499132 23.719207900732762 92.57880688778674 57.40195167220408 72.84040261335878 5.169983221709296 96.26321164398584 17.078965939706904 39.08142977443681 40.24533441821553 31.58023607924679 81.61754648825293 40.170711041255636 88.9827263878875 43.6299672418759 54.17378692099535 20.539453407190468 81.2441415288196 72.16753959015466 85.58451474184629 52.96013160884841 90.24518174903841 50.38191002644182 13.585331455297922 98.36067726576621 31.099888641446682 70.61010407706819 84.98658175065441 48.53631959188226 81.6377688643501 5.4786985390110505 91.51099282408687 77.21380073893 62.30030137775508 75.79644681738172 97.36000185929487 48.06722265613441 92.09989486713278 24.978884766058187 74.56407675977927 67.05427449814084 58.42518377471148 93.86786901788344 90.78558024873819 20.83615780314347 99.90219321410947 89.51597021529977 13.481092849047693 13.064059136995587 3.571788207891413 6.837707155562722 4.1932622396709585 95.95950920609936 60.31956372923414 92.98663351655574 77.2306738142399 95.88556110358186 5.795076469818506 40.89930633203348 88.1073915797426 48.50018591155292 97.9831922660759 60.654226892917904 98.85220050724031 91.60287912719825 47.14100730027732 
5.12583254488762 39.660769379472384 11.929945972579336 18.989637788252743 19.87069286447518 49.35232109122679 5.923499183778791 77.85096070609048 46.265067973912444 30.705629342846073 93.89373418469316 22.84511974341148 31.62001566647108 0.987432558901169 22.013545124448985 97.31543511235301 90.33229351949925 52.849678093714445 97.22913477474236 19.323146429360172 16.086308825253248 66.26027655480209 26.43972375660828 89.35512991778855 66.70439002518957 28.245282716410102 73.19408695913765 80.31360158163007 30.449721174174027 23.95878843079381 2.671087148185469 4.40754577093011 35.41828849871857 59.95999230965592 58.855974407398946 81.74138592264791 82.11321730426013 68.56529413286965 6.593721887197789 6.197235256357725 63.37690150856028 20.75644810503342 75.59520150964661 15.632798702079132 85.56341398675237 44.36418267249225 63.49152308498884 25.46781917136035 20.165625092140637 4.1098696941425095 90.67642932383825 77.40772244091005 96.06856507017845 50.576221051241376 50.946135288127856 88.35388841626705 89.18258284080018 86.29119352240431 68.84053120225634 58.475777282378026 78.41683094051824 28.84757308182412 57.10922926321651 11.970923815150613 14.785718634008017 73.34403256718744 65.87043873787356 99.2145461602789 93.89795261427243 69.42169865997288 28.800197564643703 84.80137400671585 31.159831456812338 31.78354155384786 41.08399986991977 82.40800962061236 13.73147176840076 97.32223292824723 48.88243561436044 74.45497678341826 43.60673998435782 26.845330550330594 90.70693559771686 72.22332205447499 92.14459069990848 24.874979417955412 7.371288968540924 30.381500526470205 57.96165025088741 17.112577604090816 29.079086432505086 28.804006338342734 57.30283512573091 81.8971411971277 55.72683871560857 74.11396950809616 78.83887012863337 79.34940056053799 69.64699405813364 53.55778432132939 
3.296602639823931 59.88189952384134 58.78461089589937 94.62056833514629 22.409990872673024 62.36869311599875 82.69602944690689 45.21705533551172 91.38676495351672 31.50650203079036 83.77735134006082 91.34328409002308 14.417680202211702 93.76247257841545 31.77510619593629 71.75025134477848 93.71242089213762 31.791940883135695 90.90099875511676 32.501461326462675 69.12817513687229 88.32293470302115 15.767174684070174 88.20210996555859 37.663930276008465 12.24238219047068 14.87796243756746 21.238362003738608 69.9256391750211 31.982287663123778 68.55857977317726 55.5410589571568 34.12435173585035 4.29244574138904 51.97084563809382 87.18887347933271 97.25148022834827 40.09950315377006 93.26042922508175 40.5917809822001 97.78242725668306 53.39047920515505 91.89973660345446 46.04648123055699 74.59175888200366 13.922148330562912 32.93506971402918 2.1311291381237107 92.72021638369384 10.045941515182077 59.11617032218355 94.7076412295327 28.2158333133962 44.05134940961003 4.780851133593799 93.2254717459545 61.47850723793796 89.16901648201943 52.886932918567865 34.57166193648759 81.36933691134544 34.73809309918677 49.72821870843567 34.8876540336559 20.80315421400506 34.03059891770203 0.640779684014714 40.57423009071971 28.62463120340245 47.83891892426537 74.4003590583601 41.131620182563786 32.27542703920408 46.17075569271118 64.0312394353471 18.532704420292013 61.09185173971281 90.25918998804188 87.39143301956518 0.5029124314412492 81.02953820273594 67.58380475245912 62.16859034524077 18.381312194863774 38.19368432583248 93.71201236794833 56.815577412104254 44.163079530811004 20.760432689349038 26.5081346311131 1.4741568375399527 95.87434219534295 26.70696913630145 60.62096610336559 41.0797852994293 55.60620453657101 68.22500777100475 83.148870981827 26.61005069062733 40.33549957214597 
52.77429468830225 74.9947619309499 69.83378508922335 2.085614782932288 55.43985200645422 36.66154469869258 31.937472413972266 11.031522871271338 37.58867250168526 2.1019442564792046 77.0500391972586 92.82892218386553 72.77864214498932 79.72486293407185 97.95669976632334 49.74818325143217 12.454444738933535 25.77375526419011 13.187013170868667 94.11953791442409 61.17232955257883 12.03071448982328 42.18189512688828 62.1468190705762 33.927526827219786 97.16332461093742 88.3887979958109 56.322732880149864 36.615239210432904 49.019550374160026 98.90384890221269 85.4794997880062 44.73812469014115 93.7892571378375 23.67425361944241 32.93444837563231 55.180182356826876 87.18922853434363 67.29378993504251 85.24096118455857 51.19905764854883 12.691786772017732 12.068773550321055 96.73089183258234 51.745748290536774 12.305491124099676 92.3013823330559 48.33543341420121 12.802775209052196 46.52958469735252 16.631793118613558 83.09711833320095 10.638866720962515 61.84216704124904 67.80004638927197 65.33648824328914 64.71026063943324 16.445396672330837 57.33319117631185 15.612681217978219 51.39578755684013 77.97923456682868 76.43269693498975 19.41802922601318 18.834859630660805 60.52857596725183 63.73168025449163 93.97248764365132 37.844586654954036 12.486877819388676 5.611073304910208 24.534538506293234 14.224241100844159 1.702672642790326 95.40831931039506 49.32097892830226 43.712330264647704 69.82364577870747 4.121744569539542 80.4287405024963 12.44355898819528 43.86621195229641 57.10830443127437 97.07778420531083 32.960025315995146 99.7768587684831 68.79191876598495 37.04475071668904 58.66296620898507 70.11474435877419 60.544105317611 42.33293667576299 38.048480091793 75.97336444671946 75.66822397380211 85.92490047218571 54.152596566220765 41.87234986779414 9.813121539098457 17.889794275507853 
44.33818976524865 21.58878446807546 95.16151173590907 21.16829762546254 10.888150138810404 22.760660540832845 12.382962893848559 60.03380545546943 13.826391460091514 68.58338292416019 55.610885688954546 37.529311821024926 83.97018229072228 76.03358165511985 42.597474965086924 52.105217932980885 6.42439213911249 61.792646317035846 44.72002601972315 58.23404508035696 2.5602623772859046 9.405801451518048 9.656659654339139 90.95386589734098 81.97831323280018 44.200751620453524 63.31895673261098 10.09297256824928 45.037080681458484 66.10322001762707 7.023569317063883 56.35417748578592 91.23635605913717 84.72500696867665 70.90438073399237 88.48783146396988 29.075665931913207 85.96343716652595 45.21135482711497 88.45849256453484 88.9657475924444 34.83940352945655 87.41169917113086 79.81091670354203 12.352816522689402 85.41440825166127 94.90354843116285 3.3668512575534604 27.422438594839825 25.36540556932416 40.671852697442226 33.9348786569293 24.58187276853181 30.15939660242558 92.3607371325414 1.8913469829844543 13.376741235348167 39.75811056223988 74.00609290612383 4.291183741565874 76.57998174443318 99.3963561078487 84.06671864152169 51.59321114541171 36.897981935518 25.215874312268983 53.4118238391325 98.13532186016138 17.070926164152922 65.39985996695961 12.567305317232902 47.17068673606201 5.101308137808969 27.941569449169457 38.79263745974452 4.57691644881203 32.9266979034901 37.29370093760268 70.45487037340675 79.27590492776905 39.05979551612136 63.8835685422696 8.685647977950573 92.95286200154035 13.550909229767482 42.84229176825307 74.4517667554365 66.83880329035196 17.084953346537247 61.28459411448982 52.93928542476489 99.12157854712828 25.107175404647244 47.088991889673316 36.54575542923637 32.97626469550436 72.5787604015425 36.36654393822171 72.79464069871408 42.25656084348799 
65.29558630865057 31.669480855316912 34.13055933328935 29.564589297593834 79.6603581430631 88.47944954113775 52.8234993837848 39.71729909944822 94.38041491060545 83.62830088203086 6.104665578265866 40.553416819649314 84.77054475345601 26.04264426614843 94.17620052052183 12.575734833097362 63.17215117313027 67.56671356687893 26.88150481158884 19.09922717715523 67.45715282136244 59.606312969683096 23.592427082174737 99.3763428326641 83.66702933394487 79.94995662379249 35.26414299731398 38.596547844800774 38.54447433813143 23.361518328962816 17.62805465183026 20.70799612355453 13.04711852766589 9.402076263251423 20.13757951097238 62.68499525374527 8.889840408637607 11.426842314829145 6.551211991086148 62.1657056525846 46.74418268583849 51.816406902598665 89.93182181747314 64.31026893879302 86.9304902749365 40.23976089759639 47.360622626733054 68.28040127878121 41.270328270855195 54.10987457524881 77.80881498549356 48.91721752740013 88.22383631152356 73.38088532708542 80.37942063407755 64.99483162568805 12.518674838778644 85.44920392203318 59.52638811081622 61.85312434717103 65.184272256627 70.15918134878379 8.877508998314532 53.263747149375384 80.237082632938 59.77718650649037 85.93232197907243 85.05931609754764 90.21963208335859 44.28630789292883 66.17560828404055 41.356462603541054 54.37812526465796 58.467113434144245 57.041669492970904 53.12921777543325 50.47044603009486 43.96819032374898 59.68412881436759 8.439961020727837 84.02839905246098 26.933521821940033 89.65044735057448 43.811007219344035 37.35508405757714 89.7419511592083 6.329977581883817 17.02060484366409 14.620301196746944 44.02734692200928 55.438840185458304 23.03295595398519 39.123951878554394 31.386326014476616 98.82443830832737 16.822646873133284 24.12940486913582 88.04363764157328 91.51703043990584 49.52961491525103 
69.62583206263166 10.23370183557335 67.22521277841972 7.681619332366085 33.96056115830361 48.169932478562046 10.366766124712068 69.14693546283651 91.48951375546409 38.211882079607506 25.24581625396296 54.03073783500645 15.225835834929313 55.20344839935193 61.131822205059436 53.904501396794835 16.923835552456133 29.943709202539527 15.765384546267402 68.55845294588357 36.11742652380233 30.365186383721554 19.210459570397266 65.89293034773179 94.33924259779641 49.2326871088483 94.99205053528483 7.615271965538084 21.078670480882522 76.03908157651325 6.103000819945259 51.084638883423395 13.994038328342274 56.26270337664888 19.733022964377778 45.94796947163113 17.47627738749137 57.264335298712375 66.46767227029358 93.13603193672128 90.86837009336556 66.83999018735362 27.22445600870069 23.339312973475057 90.47689959460038 47.809042701328295 54.3378172606169 82.25929674142952 7.969165577518734 60.005455810918896 21.97428789466508 80.73143338868529 91.83118093491808 39.6532421389189 5.453604084942798 79.24188944816547 28.269085335064727 95.34547863711272 9.071116951896752 28.41096744325019 73.26839579068337 39.709520162709836 97.66137460518519 79.69185064846262 8.482630131633472 26.329351483199304 38.41228219928641 13.834090528147435 40.20482177004102 2.609276603466548 26.333738247931706 8.587087898018408 72.8825347117159 21.001416759470082 49.304257824735 81.6695559379329 66.46893309299097 73.38280525075417 46.76353434189592 0.2067249594997378 30.35957700240347 26.356101829701196 29.888478741305057 43.637898512507945 15.746591567399793 38.86128789322082 60.484809967332595 43.52265958109953 42.92890829455192 37.723915264534135 30.84573861687605 0.7248835897618933 40.44931257031155 11.628838600087576 47.47392062810768 98.1294556082892 78.88604905809663 59.49656787631804 97.83227532484071 85.34736748593453 
53.708770249059 95.35272506574553 71.1838822912697 10.790689638276685 8.815668598685322 68.5193231918361 12.100666586488963 16.049657116917928 95.20062904316741 5.3198867613074245 8.365091790569146 87.67987726955674 27.656273095787675 16.47871666453826 53.75867384941622 82.30852827181984 36.50085903602933 43.007874479840034 80.62557021580446 2.3940894703084026 11.023915014041464 32.61374753764487 27.119143016499493 2.025005798227153 96.67764682425847 48.51833772464772 89.68380530624803 44.81843701714866 38.998080465491135 13.078698305962543 12.594093364255688 19.281031682879057 63.82201843550792 79.70120315378439 83.26737056683055 40.919456787016884 45.572844417678674 8.285681962486724 34.5861308322736 34.93915334445277 43.2203165300411 91.79762359150696 3.6104097913242983 98.54563224293767 76.97644361972009 44.5550518610645 59.83029243561803 87.66336184746166 77.87164320143448 16.429869877111436 95.50312224289426 59.313081151378334 67.06236831719836 41.40179449775978 65.63945127637506 27.939186276936624 12.053403906177762 63.76626815866481 75.84638262479918 61.65458252224612 62.975138274225316 10.786036316904246 42.506428394314035 52.67118664887752 93.63806011226026 96.68931094364842 91.66460054423105 45.1100719217309 59.29382915577447 49.655796020346834 20.51589697440982 92.93597022259702 35.864246313076876 50.7950616503612 18.529973718642857 50.93670040805813 23.85653937555349 62.11007697804036 34.019240797420046 72.46882665128585 84.2653433505232 99.05198916773713 76.35122100110162 99.11660933715821 23.468861227343794 72.51047368678753 64.02547405794459 79.4621746372054 59.45864655727746 84.94735440259964 64.4799740609322 46.84052448395515 82.69953522920531 15.869357818020436 22.761349418433475 19.253846237436946 71.49826760079705 72.94925328451049 43.08788622904098 58.5453180009905 
33.96636565457693 16.842827487190714 69.85377855990554 40.483437994438454 26.494869050949855 90.11248514589377 12.767632128778539 42.583640915027644 42.115563513683696 93.65650987256036 74.58769433301823 52.29477366378972 71.20537576921458 57.6563204002123 69.31093036247809 34.60376797782961 11.697610605500541 48.292334505803055 63.69247951530931 75.16264736367386 46.295780767822016 36.342328240237876 35.616653350994184 32.71776129704591 10.14278035630305 29.26445155376679 19.110083082611506 92.92195226817893 43.9801739905518 34.48038372773481 97.68222588677793 14.536102759040093 65.03945749382913 78.31234312340807 15.19794527517121 98.57733908205168 90.73911091849904 52.390960607359595 96.6313742626391 91.14690092453573 18.718346824540298 97.33933841709337 9.819876953388107 51.471502713464524 0.8204576481635195 62.15185678324444 53.73138804865428 78.1177918615318 48.34572284876113 96.92458747580078 28.777980996093746 88.39024212748579 71.22583009023428 46.45746698670611 30.353018219190176 88.59869398560369 84.72884549891474 12.736646967946708 8.038793273782986 56.1824208540791 13.885754250667304 45.41872498663182 49.82610590221797 78.60349837407968 88.0366453068586 1.1768288738605248 83.20670189245179 58.47292917489582 45.726663007254984 85.13185594801581 33.144104940965 99.54884046810596 63.63882489222249 50.58037239137444 40.69783937679068 34.046800049602666 82.332889870898 86.84403521316622 25.470608186298882 38.128090508444714 26.26649274373978 69.30363089074457 70.06751915437435 9.482592471995622 5.906722245655516 80.54411422762347 15.400977379955172 48.59865721001192 45.69745606890633 37.02535734117085 81.94436705117126 93.61316674949364 3.2297007538169664 71.80650616001934 73.93225434728728 7.560760647451192 32.16929091913248 30.59023458858958 81.02426758878742 6.391967631437745 
94.32826066768385 35.71637629169915 65.09443622331432 46.30577556227252 44.72332754159295 60.722752533458035 8.577251206852644 59.742964366704975 97.5468371942534 36.70426027271613 5.196242511855475 40.81228094728486 30.68267140011467 80.93959125419188 93.92043996578879 32.97234796984336 1.7315671623376772 98.11822030229183 72.63853195239085 64.46794766623192 29.467364288694565 54.98859349852333 79.31019498970386 10.320132541063298 41.227720034180905 70.36168989750001 95.24844856566321 33.59537388732781 98.9498558988772 94.14249378407949 7.7065601078518124 73.22975570388513 94.3939632239602 71.42509719170003 67.08745559771884 0.859996363311577 47.55385822708785 0.675498706319555 87.86316507096922 64.9138406519975 51.33660880133576 98.63943754304478 71.68637920171132 76.63821788409807 80.299753928209 78.85084918728559 76.19567609540634 69.79421561418438 21.566942837145408 35.479869748369985 13.660560227463414 83.42386179830854 91.99964366748277 99.74750769207937 39.88194593549274 75.39432417161093 77.28479415516414 2.24750738784828 85.65827395607232 73.35106934284227 65.80518942092407 31.25406761890718 90.64697582397105 9.2621647046356 52.99143108103678 24.457490771585178 22.595518384727153 63.91180357589531 60.31137230393986 69.55803012477955 3.685816894022964 68.50185589559361 47.13493326654955 17.76150281790203 20.13030780222439 71.94602126334894 93.41925854840419 33.45857315985562 61.177531618359794 84.49198519117085 96.49116964865794 13.232806138844634 19.32959088680163 50.982713021778956 56.16094957735479 7.830922954790632 84.84335852512083 90.36884087610355 18.983479702546834 71.84198477922973 84.48192485136879 62.00986934271819 14.689801601922426 47.570460929714834 47.00217017867158 83.85266305513878 45.64421810540453 61.95146415947811 26.009025612815396 32.75154523427485 
83.63905567193005 78.34470085611808 74.57639078184468 2.995038781907644 87.42126071524473 98.65695765081762 45.42931135436967 85.53011612246829 79.05200756319832 55.481244653352746 85.50146264265783 57.42556545577504 7.532596963729244 68.80397368280767 4.326587024836625 38.79188359228149 84.08682490538175 67.31985835655149 21.99201668618037 82.67590549014332 95.07217287749286 90.50748189287846 44.27697149747124 12.374104984340239 85.69914614877885 94.35676695191783 70.11784296010552 10.159352647984111 60.57004202663974 81.00288041347532 9.68720077621109 91.59163597459889 65.50561720271408 60.50933271298605 80.14281109929358 70.38406061522343 99.2100132018285 31.656402294578367 50.49744398975324 30.22125642765242 53.0314131721419 37.82920008758883 27.07985234406206 71.97801024932876 92.40788564622852 13.963048767949605 6.7017320335869375 97.46183810367411 74.5449569044257 90.99206953395525 75.91512551034018 24.103892150755556 43.453407744641915 65.36021491802606 1.6391452862218658 98.94845803721127 55.6829093400896 72.89219453154833 40.95451054395996 94.84200260128551 67.91907160275753 28.685100681217136 96.00888186640714 26.898599031503046 61.06855620770316 7.66974255838091 53.7455200197052 23.119266186978848 84.53889506505105 44.104054112073484 79.56231783985206 19.46855524265575 79.12674726802551 22.499149278148124 79.02780127465428 26.762555420404823 77.26028348772948 17.341956974421024 2.4252084093919324 34.398162690656164 85.29848210018828 14.466571711186127 43.16530687045158 74.25437225109901 24.172120580060007 13.039794380520897 73.00312585089083 67.02198831777734 41.858277028360504 63.864594219511574 64.51329638828872 12.769068484433777 14.012205217397844 47.06851034071025 74.42328546399855 67.72509370606709 17.537452630216123 30.23228041396434 0.17325544686837002 70.06769905511503 
95.95715448198823 76.62729467187505 76.46586945615718 38.92152570092542 35.15643842768635 92.46871661806942 48.58890016253918 72.8296427071823 33.39790846130889 11.954421753661393 44.93797246182589 16.633597153338485 80.46924686730468 19.348173524253077 72.43636709797713 48.999122024686095 57.40394439404136 98.47875305316359 75.44331363304838 66.75016143678165 30.423233307194188 81.76499516918432 31.261711470060195 6.724738738468183 40.57935431988856 43.240047003795425 3.5008099460673625 51.04194767664961 84.03724866946345 43.03634856939937 38.31883676011194 7.470134646535209 37.01387519687569 84.40619337448958 67.9651578952845 43.012101488639175 4.101337982905584 88.59096922101214 81.0610194753537 75.8739588935021 59.032032347874484 27.715483677434527 29.702545786418455 98.660061493878 2.9011026506374993 81.3720127078687 69.73908589457386 13.937179675964185 86.4434814746975 98.67207572868753 72.47461623301119 12.23688884007662 30.169825278335814 54.28213495596152 3.5594276436538452 12.115953156770976 28.997719787257246 84.32274081307325 37.98379436261293 12.070179251438784 46.47152183636398 75.9989478863067 68.85494944180415 74.89811969255697 87.74625372131098 63.44303741160318 72.03313635452437 76.53667111131743 90.21801626615691 51.4889499072999 8.722085945259984 3.441458946174192 86.01536324490556 48.96103943090275 83.75379369885908 75.26068878610597 71.52318069747393 43.548080233928296 28.57699071504459 2.8518507293616824 65.69259269535273 91.44673830596535 44.853229172353224 65.6165518306875 51.097457993570075 26.696989769332045 27.084066273046748 6.679445580148569 69.530083559933 17.495235739849257 80.83731791864656 99.6130468156224 87.38577626328382 9.759194672427562 66.90991666633626 36.21099415550021 55.16787988721666 1.8318665682040547 31.15943610084915 21.238114023080435 
60.15202793644576 88.45020162179613 24.755857976351503 37.136408896323466 11.580320997142056 96.96736776718494 80.24969808126595 59.34185990780122 3.713176102948601 14.305755253330787 85.12214493386323 61.167762924695026 73.64866931307519 69.23122787723473 86.37741553882941 46.13603341398576 8.026162947057047 91.2773064675997 67.25697978594859 85.18876610281632 55.56307829823566 15.011326155769334 60.29996853637659 16.38806288829996 70.83071799502706 36.32286326028987 99.74348318256385 85.51292097838467 48.75701926244883 56.028000946653435 70.6511492823337 67.38782967785387 9.051205989883782 65.32130712547028 82.1777237763299 9.828402271174463 55.07732045038335 37.47066030479193 78.02214848237735 84.7652341751442 62.66062477741499 90.6383359399802 98.39093042376452 14.407881251969613 50.892923021130365 77.82508106924655 24.688287493944607 64.23674902527533 49.209890782055176 41.67213500513303 70.66902764000129 59.161317061957284 2.845472312555075 44.219490796751934 31.934632651548235 84.35903388389796 52.22553661282 44.70691107700969 69.4226070193581 78.10992514785318 80.94489593893454 52.11757651386614 81.93360466152441 10.367760992639019 51.6789367712827 23.40241564844775 17.76046260780789 67.85940521057138 39.71305805804819 13.186560148171555 86.1277231594594 34.17977140900322 29.7301897270425 6.24757368754858 55.419817095818004 61.650548690683706 63.07865998268637 80.1684153063618 67.07059113328371 80.63668359037234 9.949784998663503 52.306358251912165 51.50635862197208 81.56537598876498 93.7264578462918 62.58241219828808 5.67927197126733 35.06808832518522 13.221188720940546 31.58401302731868 80.4972247415956 86.46692418892734 92.60397271310596 12.087075060555708 30.851155642266047 72.2524375548215 38.527442808858005 21.341774385937196 0.9600406848119358 58.250775133937 
99.28878991956701 1.3296829993894033 53.398463042162014 91.85377672549164 1.8249402563619843 4.688198738071126 1.4411596341209365 93.98650795015178 88.91956864809319 45.111454485712734 71.25348128855808 90.41242001801717 91.20746795502204 82.77522069548844 2.9762009700562198 96.52714575410529 46.39392035981722 37.69652630559284 97.89770507470149 24.96771287939763 21.56367733552824 36.927087308423665 32.676046880999834 81.16475158171149 3.5362316388637294 5.092851552776323 90.967959728361 48.391001320615636 96.9310645313453 2.030261856803095 7.841386580188258 40.910303621618496 9.938602740722736 96.13315801384796 82.99265947994901 21.506924837428286 13.749634523572563 37.51245214353478 95.05896480069794 37.97594593409882 33.177993043530016 61.18406992605443 41.21130564287759 32.08116359446722 63.21831830034438 7.238864966053605 33.73262753673467 14.03776038322383 9.112729048588264 92.31153520338276 8.43038789619419 75.75277833607944 15.957333136039441 4.653835008440499 38.50232691742141 36.85719396167081 87.96145346295307 23.730667816458173 1.8687538844091467 78.98923566627003 97.17954086752982 84.49591716431894 20.004171475886302 25.839240297252775 46.86771347872675 16.368149657025377 71.94563044112847 69.14228919867533 85.57399799802901 87.41462406046048 88.42468295478758 24.105510265577234 64.65322580369084 75.36530231763574 47.964393688900195 21.682783141895978 94.1047547409439 68.81686426368984 29.302355596831674 9.660341906930448 79.46301283263017 74.34995449085316 22.645202031488466 39.69256744756947 15.928094599115417 68.27126368607948 66.02965298438916 63.228027202322515 75.00550637356572 85.30522808458811 52.45964368022199 45.69159928215058 43.63128872818862 80.79847260968168 48.50859425611952 35.339324533241424 66.09074253773383 37.86339930525276 75.72051049545694 90.87837748146971 
94.99600527049064 16.37557602573696 32.41298355338065 80.24535300650307 79.16977624502533 56.85289894576051 75.37982221765247 11.86183615804377 3.4895142183243633 58.9827402569875 38.51050828508208 49.23700990159686 48.57844714936088 51.92662675651374 38.48822255485393 89.96282102340979 56.686798935792346 61.520224733904946 6.497725046029112 60.94803498906233 74.18861574996133 58.0997044861063 89.26887939672051 93.16325745912025 90.82668733091035 37.92388518793908 82.8011565422424 91.21982050898693 11.169985846770004 51.02474784751097 97.75902030764716 5.781161465818996 74.70516372601502 38.80727999626106 6.7975399649842005 50.10615239797935 87.56565818301813 85.83283638571658 90.97221098220169 75.94960624932664 41.10893791038032 21.958511156514305 84.90641365913082 38.595928654586345 70.38453068813185 33.36827416857214 18.534511540716913 35.97775310484499 48.9924435989179 54.01993770307887 67.00813244651235 2.6320471370298026 25.913655146243553 12.645268867796577 49.74763995494277 75.67211225733179 84.60135991721167 4.678862495981662 64.64045300131767 27.00454668119342 44.9537096619312 43.35466909056923 4.0322543847982395 73.69610879154247 34.745794609148795 19.697338389597306 75.42680422510183 36.696152854542 28.680673651648846 67.2488674120918 41.70449489199895 17.04612007484836 90.42624866442969 84.10921631895569 3.1893758228551117 98.2583278801223 55.83686249729772 12.23301120471153 67.03889854677453 63.72208886359228 64.01548839623213 11.912529901794544 88.20013928261268 38.795975301270346 76.9544242366201 97.99062647882187 20.570818707696723 28.67083453766558 28.199451371834407 23.585402424108715 87.02294414581914 25.138905626696484 6.314427859717475 6.971800556420593 62.59146621612258 98.08021210260907 9.880312971531158 97.75353280937304 66.3998000456363 70.77818744954125 
7.344692525032814 69.57203400794828 74.78870999079649 2.102200425728573 97.24483774347219 8.33744271390019 0.6344598332607143 63.14554019896319 92.15943883532464 37.32988308637112 31.986749548708847 1.0830954225599765 43.201123703306564 83.50756146507824 86.92646716856102 28.813840118729495 80.94392713319185 42.9715470475563 20.937788742116247 65.37889934592874 73.38690919480403 47.77531831896216 18.108745897140864 79.19691276770587 91.88717662266407 71.13048508305923 8.118838884040635 53.83402303435252 31.952505011794308 33.548337380415475 77.24188937473122 4.326715674213344 57.36592506101014 88.57021203896419 83.48677384662942 21.00147795370848 23.32153257346714 73.477863684083 43.5182710194428 7.286027069677492 87.08291463164075 7.738400115207378 32.14476306952011 8.182620499675576 33.13255842052201 9.926558247700445 23.929070922848084 96.87479574254408 23.862657036735367 82.48039474083045 10.873204317533192 98.36460378818985 36.564773786713786 82.8847764399184 50.14739567977745 81.08823888062233 62.80780588877878 59.74028150534826 31.478275419314283 40.13368061275126 27.250817708921794 82.66346076862419 5.080567641347744 28.984851138468425 29.51921716900565 36.077638418711146 77.91126631432662 70.64243307460795 24.979894665462798 78.6917646671133 68.54473616419199 93.52241701337665 38.082896612454206 92.82806642161981 9.11174432964742 92.70910311203674 45.39429340141405 60.74754210938382 96.51492654848533 12.940171140139645 74.52688275013072 8.735657005589259 24.527765422975367 86.12711657108116 39.88244526467993 53.948815906615735 73.40365614093633 33.26522615529326 76.45125329211496 73.88551743166796 94.26618058801252 58.262947476817786 38.87163392697469 93.8343736722115 1.821235530512788 19.521395604671877 4.534323698676134 53.76444013657675 80.82620769031834 64.02042483326665 
56.72349257828061 72.86158121065968 19.270886548245436 48.21853079993207 26.618224878171304 77.2779061055735 4.3693842399666005 50.2496293560747 41.435411644825 94.6495660428887 56.231806174749636 98.70049686269586 60.07691768292476 47.55148570400814 28.479012509516043 4.678496622191453 77.35097598280015 97.2958943509849 75.08327602931169 85.92993144888759 43.169827416570214 99.34480215995774 68.36222963996104 14.445233062472095 74.0825523626952 32.09484115581998 54.32298305202483 2.28786892360644 31.084191041783193 51.90616663844844 48.44784618066961 64.30971716078187 99.84918121419297 8.985419478771073 7.532641367067017 60.96641594741771 37.36924889287906 31.096003160995867 61.333047708013936 29.621946836995505 42.432856938655874 45.057242224046824 51.54406380226987 58.5325411278374 66.46540561970082 59.607213289163894 5.032096263178387 44.12572251380058 5.956348523979704 77.44240711971845 63.25878124870965 99.24115054079014 8.0314899320981 39.110574238957916 0.4801672320433048 47.675633550221384 76.68567978656823 26.921455357169343 89.57437100145678 48.67553785284711 88.77323712636299 73.15332257992628 16.245436800945857 43.94552040543678 16.06039042782679 23.571596502236424 99.87058108934376 9.293377123733471 2.476111296937511 4.639026871541018 52.402548905693806 23.20650778295652 64.15470989591512 30.785270434324307 95.50841397006201 35.45633137369298 63.94560835109356 66.71689617532505 60.52056563176242 30.25273865042052 61.77275555440277 28.987223240546435 15.795258833622105 30.52145170072177 57.558135123216445 70.90861810954208 1.7185739414760093 82.55295728420766 24.38089683432184 45.37816111565151 4.86921279368776 93.57244971801354 76.12563327354111 81.3008964817165 69.74202064860773 68.7060123745317 26.080397616318727 41.03316888054424 28.95573459905623 8.36900394052531 
70.77703209210104 48.63176651958013 31.012934360095944 82.27848272944948 76.82347479410933 91.68297877684245 58.44971526544157 92.0921925767605 57.559683246519945 3.098842089493603 58.60715026373644 71.10247202654297 1.0758830307650014 23.50622027092506 54.27612639616826 46.464211119504505 51.4638742603933 29.71760645055238 62.111658483587576 7.111756524248736 51.12914801281463 90.26079389438372 22.982356668963877 78.82046942678367 23.57358791699259 75.05789869825081 40.315203057818664 6.794377630138149 13.265614093044576 3.0824663267196573 30.015360749613652 85.71220955044726 2.04658276835582 59.186659017140066 8.685263436609558 57.339813319231816 89.97936231681452 49.27884241318582 85.63674675588443 16.617777001604583 62.6269582192071 91.64513779547609 78.58453437896085 28.558865748193305 66.45618632945464 61.446810578557695 42.928925787423026 60.340633811194714 79.39331438349717 15.288627996002779 90.1800294405 75.6543640407568 94.51572611798768 23.24160913409402 72.34546380113983 21.672294503694523 31.445626224582547 26.816880387325014 25.997945537826595 62.920830766104494 52.21886587341309 23.125616643993794 2.258728800401788 80.89825918613958 86.23397272421536 47.823322869835586 57.07739515503083 63.45123120211619 62.34355925673135 92.42502502448122 39.9579967143457 53.72509581319933 5.232223455026441 45.19118911141242 98.67614442298603 14.928918887478094 77.93218313953977 89.0224724647931 12.55109924988126 94.20679574937085 42.65983745777655 24.66471125446288 77.48148375361707 36.582916671140765 68.11354361430051 13.013807509187403 92.22279124879769 8.248504770142894 32.9548715826521 46.4234766941248 37.27933722224913 37.38465495875176 62.402673343072856 65.65708150581496 95.30289773574377 70.26579311127156 87.70133009908052 36.488086552866086 35.03475898692228 70.56428773810187 
36.68152690347578 87.94190574384439 69.59743681594645 60.57755106179996 47.714004142347335 92.78524192832438 4.336931133414801 14.52470286780364 49.06371990619475 40.10728315066901 9.435770412799139 66.11066849455686 60.98388735294883 9.700369462596504 88.16178664794492 85.23138967955053 58.84642524832158 8.436078437734295 62.88697229866268 11.99458110447653 82.18732298248483 69.94593093627086 67.90538010193269 10.156230459285776 86.75253725911264 50.6541881380405 20.598501916854552 16.62386931562282 14.461982978128507 77.57352620023808 40.64114539701057 18.853391523615848 99.66627000157618 16.262607951471885 0.7103101182344362 87.76696506011136 39.15284996569704 30.957919992470252 21.55414303809713 30.245413984410487 28.065266958861535 3.1304536256007265 69.29752267983251 2.299153134871257 4.2312482541217005 59.5811205792553 73.50544596847708 41.69763446938261 49.35237570287395 36.67711863201424 60.794801651896165 37.13794543623992 67.090141719999 73.44462959220589 90.67977015999237 49.95906345873815 95.29021171274559 82.97165988354166 87.85552369527908 43.95899168153243 12.418740969731024 98.93798876535553 88.2694818559523 59.047837349586075 66.74162247227697 32.07753887307495 55.098907493045026 85.27061162310176 90.85960262020792 99.99175560964811 75.14811522701518 55.15937861372115 63.919185699734214 12.970848967437586 16.1981899101331 74.425110128857 49.1513219551274 8.343027023610839 11.486504770501993 53.67539580668901 65.3468744458001 26.36017188321411 38.76300906198886 87.14498323155581 47.45993250750443 11.741633191762324 78.26467738926479 48.35182128590101 13.736992365683786 6.736145649221226 66.46908279013711 37.142137032761056 84.60216970482082 73.92512747506818 10.632619656441467 17.76383404192783 91.98552456717441 49.97891017933267 92.88834443089107 33.40824619022925 
76.86369499103229 85.19071774179572 72.07305104611672 69.08610945916487 97.48902447697849 67.85153436702251 86.47262512023202 61.754391010956354 61.11541297496655 67.39221790442242 71.31931342081394 24.286359218437536 47.986150089629966 55.70755580761039 31.144051226576387 58.17808125219689 17.931018997523807 82.19020161879456 48.981527672405925 78.8103590370938 77.12699462822894 84.74074972556028 71.94522007743225 66.63579000646263 35.408885080296784 16.383436166132714 85.834106200685 87.83654608560401 2.973310825194353 55.10527683926767 80.20235460915914 98.79914228066193 59.401419412847545 43.149744946467926 9.717795222980774 60.17831746604788 77.63278651827406 71.23429470319039 77.65449191019411 38.37287344974716 0.855014046781144 83.02442652299501 3.0093169726141844 64.91216449063042 51.2304610842427 25.68519343562875 84.00187871980988 57.552653766257464 95.96373309018817 13.444336177617544 37.61178354440201 80.80975700927215 8.420435190124342 2.8395738996228936 77.32666536061303 38.20097233722056 39.83982403310007 0.6857705831580074 89.41897405168444 43.65210879912447 60.64098797128621 38.786068895570324 81.83906297120915 15.319122360562442 39.404211203051766 53.024278688843026 9.20662226617367 71.50395689150722 2.3162235688601207 98.71416939145676 22.402042851256198 85.39348326766299 56.20007856831128 18.94452228820178 51.903830992012075 73.02645828197109 64.20737976228949 58.147149643781106 10.2877330995781 47.19418403251557 34.83268971200019 79.22830266046485 91.19772830784166 68.90634658473664 22.11691690416807 99.34223013826757 49.61863382586902 67.60427847407759 37.738530587980726 6.748890910704941 71.42451992623388 81.47967368389656 44.14851467776194 59.186113181639044 78.94676662858353 90.05757865208889 31.986934057604334 92.79979404602597 73.70001927666947 72.62824541501973 
84.72610755036798 89.91398760523546 87.42389526576216 28.163236204751875 98.81730832604237 63.78603704357116 98.24282669775211 35.02690389669244 58.57507228679722 18.980153057970462 70.01591607505205 12.095237845117591 61.61507090782321 37.10616223805633 89.84324456025244 66.81974393895142 52.86870063131024 19.408392386906637 11.21459455774987 80.32489964916553 53.02943184698019 90.05298828663801 58.43108406044701 84.80343179436314 60.74308020804812 26.950177762891425 11.699720606093933 34.27451517655036 66.93616134904724 40.56132333329992 71.69545721087057 56.19570548306561 44.38351302299564 65.37889194865632 97.40481781043984 98.4702606834546 65.94843414130058 63.6306992174836 21.70970753277306 54.0672286828172 60.885577481184924 66.24813919095041 75.43957543803631 53.772514703695094 40.17890434493487 92.25130868315942 92.51459309396672 66.51488263077542 9.09399981002097 94.44230999777572 26.32206624940344 36.261661729909264 37.95612776248814 76.6612131781221 80.61283590827752 14.654650891714526 80.62239982424418 15.847491418630455 46.97391203850783 19.35757675904628 14.19844885635877 0.7630009645326452 45.328184867899154 59.51218665481144 23.257104490559666 68.47087591295707 83.93151743220706 21.75083584707309 67.14848943829685 79.5279668557811 90.98210249957368 2.889244980857142 49.94809497250603 23.336768620339786 21.22649136684901 8.723862103107582 59.17134964019034 86.21599404575029 7.841199619096817 12.28404060475845 51.59024708598113 46.48735133305455 12.388381992904518 79.44005301294685 42.31966340143474 83.23921009061272 23.7885482916397 24.943698068968356 96.79797331430689 98.41628435806528 71.02284964092544 57.77907691551896 34.36862574872951 55.497583353137756 43.67200089767578 11.126901731367445 26.87641215714722 32.26331127459138 59.41840583488091 29.29641655972285 
16.024103556209333 70.01455655655762 78.28263155590103 1.654887836318597 79.19225880605848 77.0979678909079 39.63484373122159 91.88531850792064 45.00697313878553 10.700865131517078 89.91643291834271 9.828873526430593 97.14738813639237 17.62052687889123 76.52648126420266 12.719256860927064 7.716819463405544 62.074649669142964 6.472385334103126 2.7920821200880352 9.958388595247191 6.608312917583903 7.1533386505245655 9.05303803326387 54.17807253082248 40.76598557684243 81.04003661233985 2.4144617674574986 90.44511550687773 71.43548480656254 16.03339463062231 95.4606721898595 86.97177457216938 98.63397277747823 98.92969373470959 20.778242653924238 24.03142186333659 0.9944558882278409 80.6890095720498 65.0881403081357 99.85603945682686 46.32448992207916 59.09838486444483 60.34244700000454 47.161159475538696 24.347027633116536 76.940688869554 97.49918024148755 86.77838230965962 71.0967567017914 81.92468182641962 33.86447392988833 38.332586945837264 17.433390591019105 58.401269551879324 10.69220659199508 66.9829993605622 47.746812454519564 20.285542150431457 84.15689506434097 69.95432129572896 99.16712195124137 49.62366553193576 99.8665078849408 96.91615143747312 66.45604198597603 75.8882511663012 8.757579184828323 54.225939162396045 3.2442825057876767 17.355331151351415 30.515830637565056 64.63277806445578 26.392887347967818 47.810653790398085 19.591269158607027 41.24636216252886 36.99475194455854 9.352497244714375 78.42748859922658 87.40743820653466 68.895842966027 65.2027229645792 92.70074809809584 52.553155433936496 63.60392986325654 75.20738482306629 34.165098559762 58.25273069991722 49.06588403508454 81.10266109267319 88.1256918672376 58.29585234670519 69.03292576687406 8.64146624817187 14.613104100011364 12.048323936902715 69.59644569186152 29.320610492761677 45.00737545554813 
31.246445570283164 99.96534533288882 75.71790523637861 49.16117601531641 6.983678553708772 25.66906786494866 71.34312972231108 81.99731617645864 35.850153762961135 84.10883272488603 18.426341676080817 33.10663662985538 42.01763962917484 34.742838957467214 85.21152446039522 58.04800109408039 35.51959736460486 69.17945610416535 48.093080326970416 65.85302728000178 56.0579873579796 50.0657793403145 73.32721737120997 73.66382857365568 26.375517346024658 41.89709836522575 68.0698695016562 16.48294755811942 79.56408619848658 81.7362493821131 91.13719720434584 17.69036442116625 30.637138358341776 13.319936517395913 90.1543638155627 84.28326994876146 34.27576094693233 74.14255205113133 23.65276359351696 89.72007156462777 7.865321311607632 81.84618142425842 34.195389305407176 46.8008949565312 1.7715032302262568 13.608824501048911 61.754620475199005 53.19259958643801 67.26162545248707 10.21115610772869 25.33616684198462 13.007131731120813 6.559164436224851 65.07535067787416 55.23749212056509 99.26779976482992 89.22640634381014 77.80788507349493 28.348577119830498 24.14885513268218 84.40223931880759 61.64142884796402 44.54734077920456 26.549548208507257 89.37906162016513 94.6592646690417 83.51164922652339 69.86455330031073 31.58486574923639 95.79891639869847 98.16436067307139 66.73854944803621 83.24356805867262 88.37000406729844 33.48731956635208 12.143389099648328 55.81867539850668 86.18456271496056 7.58483702490228 11.292196362548134 34.80243152486777 0.38639571126471983 55.64666474779315 34.70540813883728 74.49461262653335 18.679271109425343 16.85500984182198 19.169647629456076 97.12215384475395 52.89209065655061 39.29969171736853 60.381015983773636 30.982851147472935 85.68241178567972 88.61006019564059 10.740238063817408 78.25337765103187 72.6679890561898 72.28180455776827 4.067841615672529 
24.683927982199606 72.3893096758411 33.57135797550201 77.93333162603895 90.6087931379994 83.2443459737999 26.350096052859186 53.84312540811308 75.53422501229463 63.900023916290586 55.455074698285465 65.70776599216963 67.02197745888164 1.673257158686181 55.84258269240666 97.80974494128522 68.66892584220511 71.9875539790593 88.24531152828993 4.919000700651399 51.69024250444725 1.2496286942530688 49.0534902409369 39.25401022508343 49.945558167364354 5.353600398354663 27.7848378959647 1.6620857322767524 99.20466254172871 26.508751194894366 96.77774356129561 67.69334984440846 68.03126500114872 32.19999648331352 84.63660204308711 13.168596064836214 39.8703716078061 71.82861002987467 67.47776260192431 78.39202034338004 83.75692017386997 8.943926290482128 10.169097708279494 65.33564533391396 94.52026711974271 59.965072365940664 3.5256936514940107 57.92294918595074 92.4412143203425 73.9050921857675 72.8187460450923 91.96509657416662 47.02526249475459 81.84803407840074 77.97421874811066 78.35385180526272 29.88783049451442 29.792909271399214 86.48240902404196 0.7911107396917583 7.704179793160726 83.9667008500243 76.30904626970039 67.63573680452772 57.75885276403796 63.82187585154284 17.993134551243795 96.37414874264682 25.836436354066706 14.67210215371859 92.63620994656941 48.77194056683022 49.027508296816 79.28325905192335 25.63230096403467 14.93954908227353 34.48063953312857 65.72495208863157 54.75731881082374 65.34578223983411 19.213388527574647 37.40118441739655 5.631243999890268 51.23881692005614 35.80220700450464 70.41700568452845 17.585866697192245 35.98500941005726 74.1032610923697 33.30128573916235 48.615530173741305 82.51173698741385 60.113154303490305 44.59404327054204 89.35772518348666 5.341123197520181 69.66060694320582 54.920027032358 32.944970835864716 19.627455867410525 
56.82715887630495 81.90855180193245 80.08896956343538 84.16172253805246 4.826995075734231 98.68281938811187 6.902504337608972 40.4826125092691 0.5330356080033849 39.63031248193577 86.73411331135068 96.0339884215601 92.91844194819505 40.779066227480286 36.68510092683239 85.73471690641263 20.389748741200144 76.34293749530573 54.497946079907834 73.37745306894352 82.31984641788634 87.86225893628955 22.149779802352732 21.948820779090195 86.046067589431 27.854545074060233 78.75401865299948 70.26413532789252 22.180668880009314 56.003231821389676 7.2678847536481905 2.235670506554921 8.288030445917261 32.65064476930096 37.02298405104643 84.64421185716358 93.81493723953344 51.724742325767636 37.24073091190786 79.45941967746509 37.61729354417622 43.217416934211606 65.4638434261349 7.5553254961336584 53.50873126459571 53.9454474450656 39.22975935291707 52.09305946597903 68.96351829537319 84.56344562611591 19.3312783772133 41.89366537150702 57.4382659500384 20.66145047859055 28.654317293282173 47.79968071005953 85.73393102832866 46.26808669752695 81.8521637712598 58.32492237314328 64.40168297129038 69.19350470357998 68.01018199402846 74.8176730003365 1.4031495974891506 19.38455785121691 10.974395761996437 80.91329403896069 37.06770885515752 3.8280264991264246 30.16198262092097 96.22803351563006 81.84641779029825 14.52589443127793 38.44116261967353 20.046601502689033 87.4442598904626 89.68003505590592 43.06259123688398 7.181848445173545 56.6193947983984 22.461898703396322 60.64377294693246 95.23568583890426 37.270162090855365 96.60612276933924 17.85267964417828 20.166129419393364 52.38756990358419 3.5551883983498733 85.70618305037381 15.366200848357147 89.03307889871992 61.99562784156948 87.29349313514449 88.38609535643334 6.708489131015094 17.364487918169814 26.25432835708419 8.980922679370329 
28.316793335816413 46.26807668203978 6.486025203184564 22.342027757042217 45.36987370636305 28.74328213508012 52.32340437103895 22.17069407337441 3.1809559160358214 79.90506688699665 92.82967631028627 79.67884871459847 31.486776091209457 51.761956066088224 43.85620876415665 26.652139276576424 51.276427889569256 25.84470085601237 7.17356064619501 33.38651167493046 19.560900372025046 17.781535137933435 7.245661039658224 5.6102770915862905 70.39935274055446 6.066684946497092 3.1135447205960842 48.4293504874153 72.70519179885359 79.00718732322808 45.37465830116446 9.88415246477511 53.18705943046874 66.19622136062982 96.38817054754071 21.882519250324105 26.236851306297293 83.84955194360778 95.60635599803642 2.0735954567397186 31.658951916014686 76.95485162410414 31.32658377132388 66.65363198405224 5.8418656568220095 85.4220884582223 75.17801206382491 31.145267479724325 2.3054817282456286 96.28630956071848 46.30158745555077 43.86772196921485 33.51421574450224 69.50251375867383 98.45153025699146 5.116085022922123 27.428346965805982 40.98558360040013 65.14094560989014 73.99366778120755 79.47284699370168 13.286483290772944 55.47380908327012 54.392168083520865 33.4350450364141 41.65925899067944 66.45005941142558 81.790197662574 43.259563645751456 11.261637423341531 66.30003881435528 3.341438542143871 51.79087109045655 79.84528535996563 7.799157331438344 55.14959765809625 72.22095545503726 29.530121445775027 50.533044786646094 92.67795982119623 73.331546850292 31.12029310176251 6.728104988197348 22.917250800168986 50.577464198319774 74.90774308290256 76.53185004211316 20.236207884818715 11.639538251521175 63.02259583253673 5.521964760719255 81.76512606385108 17.28276333875034 90.12782748008374 79.74252792786976 92.71332245064963 96.18723542394986 61.618974825229145 71.71043408087385 27.19735406491022 
95.87651876032912 11.477971545041587 64.6044916394814 5.957521766574903 40.95010930785605 85.54339384699246 11.244288713507478 68.76600747519603 44.53369869886173 50.197759834544364 29.485379986504924 96.38078719213703 59.19294467254041 71.33576339994549 96.30195472655335 34.5752059923221 59.51353431277371 83.96560289424282 79.09759025280118 31.07392419680306 20.132304810964186 38.90888416707621 34.679316834349926 95.15168097432765 90.21126549222649 69.80281164878154 13.84965691818988 29.20215444353599 68.17835077425374 70.9716819565608 32.715930774561706 61.75992181147344 49.01580240715839 14.723018831600942 10.585559151486933 32.259350785276474 50.45910858005694 65.23686022134089 28.71070940396261 39.240017539159034 24.176405355197762 65.45511544078695 34.16508506097756 65.75902290412131 23.33036015765272 83.24111746495507 98.78025538888278 38.44634631149633 28.88152905629121 3.567770742075582 44.33840490276474 59.94022130015988 33.57422389665076 44.606035493898965 62.11294221307541 78.36519867237823 44.75296301225809 57.32370157019522 87.36793280427237 22.06643830249092 94.98961471828589 40.56774633943311 37.57185453898553 32.98949543921622 42.95835968887608 66.59179893773089 86.85065677049134 77.89566114339385 6.077644320737797 65.60355309951225 28.599761915809154 3.028710723101513 91.1453082157409 62.1452471553131 73.19400386426028 24.89968780567333 79.52513289102892 90.9835760159105 38.379195892131555 17.532115452022 79.40005802749216 45.67374719760567 16.19842256334383 64.81084205769999 79.18934434393728 29.075584881112604 42.200781429732935 95.50348097815387 23.434038965777603 81.83797877383707 50.199755891122585 8.07419764110785 85.28705603077454 62.23112410777502 68.99295749640171 22.585372291963402 28.201280030373177 38.694424013220505 6.2245672070898035 67.78345622131006 
33.491107015962385 35.08106696841071 68.96618632533745 22.89112348547999 20.149854672379995 37.81868349871742 90.61153621239478 85.67857341957435 98.63753958954781 34.068712043623826 69.32479590473858 31.06266745578521 81.31050473680574 0.45538595280529837 74.55202372669277 57.783306594083705 18.746463957487347 3.0485606217227623 44.999572321491996 94.6323087657889 43.425524008793346 1.0228573264335683 84.00296674996689 52.26074963146006 80.05976599324718 68.77888883309545 56.35423385657293 61.766576635608075 25.32106762690819 64.30063196837705 4.425215031568996 37.06503214146613 8.798778306794585 75.13624208630468 30.818904201130316 34.470279019116134 21.72598545408162 67.62796045029974 39.80041925113873 59.96727737362778 40.345069532256176 49.87998123550648 90.40370551499474 92.32890591484949 76.74032108270612 34.441436212815525 90.3796200316087 48.53394781971837 61.54742515166074 52.795004320858986 52.04561179338455 16.867458907413113 0.15658425023501454 30.479824827342995 38.61664565378118 22.63572721008541 46.85819785284211 79.04076213565419 52.74168400860493 71.6038915964171 9.83693461649131 98.98430670095007 57.73944757611628 37.06501794887137 34.00212085548737 16.53470114759449 76.42179247478683 17.87522226286693 8.349412246187072 96.22215368905051 82.41251217659749 96.84022877314078 9.88070483393514 81.19825426312062 84.51397546960872 71.5145071553292 27.066301338851673 13.662058638786656 5.943442802585985 12.77494285683648 2.4153752006444984 78.8935047665746 77.15555073691903 30.456749901899126 95.92779756739918 98.12917334568921 93.48687513244539 89.89011506754511 99.03244281179106 67.87864913851018 37.00310282717013 28.351898922446427 22.074079723636363 6.268022537442608 25.69881769967407 66.24739381240103 37.493050702807466 20.610384829992867 32.59446513475578 94.26304634512697 
85.5489016427031 54.64139928623635 12.294570897572166 44.78172437674738 39.77121003189254 8.721352422492112 83.21584268596297 23.52795869495312 85.27786247421749 51.793369975453906 39.963311099773904 85.71134185787066 84.68306709424839 60.00073217317566 12.227169949713845 89.86205807381656 93.524443704969 23.604523279443978 44.09253121263327 52.1032830302793 39.97050638943084 61.206162373169924 40.79886388091206 53.78099974597571 2.0269628052934974 68.26756967544179 18.75536543520715 26.172536420713076 99.54222191881783 5.535075793305699 99.01306721362705 47.42092536032445 68.0195579810055 2.2114356321401463 4.414033501249404 38.89295769418033 96.575408634239 8.583568745791116 56.28251315666641 40.83458317199592 93.34033080622154 83.30196569950029 17.7924314339018 80.49809719635775 88.18113245402296 41.62096236626621 98.0401638782404 19.841362457121324 94.82977090470489 22.647362488199363 13.371061619186142 84.45000789406272 32.33659409744079 56.008163939158315 0.6527010331464966 30.5094461492849 49.22259169023978 21.3364829787108 90.95739851938286 2.4542364384878 2.7873116261894038 97.58793199143831 81.51103785551356 70.3481475179461 20.736102078723306 93.43813083416921 88.78480460130415 13.099057397268577 12.622458550577099 34.875207366935236 26.250939266171834 31.28857605778372 4.558218595567021 61.589453471261436 26.593157620598273 31.697100480952265 42.22636227248741 49.87562220194805 20.05691728251462 24.5307647194001 44.43828972975459 36.50157089730811 88.14427030948023 13.907515001498927 92.30939152714477 65.36028568437676 35.00248296451106 42.33538502388878 7.5838079008828 16.710575615158074 57.625270314548075 70.71674464740259 7.721296455344939 7.425018866814826 50.37990504840063 36.8381412135105 25.06615183326817 69.90201644795675 49.39302962771859 37.35610226160582 
42.75014428649679 27.162115809141063 7.972604930502758 20.965034801031923 30.938506974078162 82.13698844907547 95.51278826014207 63.734216961736934 63.6099865347702 30.272802575994973 29.223295684362572 21.526533300501537 58.269050870214734 86.30796037571417 80.54409194951006 18.96250678099851 8.820350769806605 88.4484676393837 46.250998498956655 39.568871009862065 75.29255188596753 6.152474557451837 38.027171514280276 27.5517886573135 53.18073235236428 31.348841917326485 23.67005837728283 98.06051637323172 69.88350766424118 77.15281264029579 48.122882900175235 79.8581677731867 46.04315162920648 43.00520870430804 73.1642991885805 81.99198834471213 15.553929245065024 30.64979556511691 0.8593481984650042 84.35629795732031 19.58596017324331 11.476800117762453 87.76941234635721 0.9671211016065384 77.17892332122162 52.49879859503495 14.438381663662103 54.31818569782181 87.79196230829344 5.588484903275182 47.81673932203573 29.363912590248063 39.65316587871526 52.59614155500228 23.054896889493715 46.47561532193974 81.83404071988298 77.57787665557674 75.49154152133917 4.143079349121759 67.68143087778807 6.6039671356470375 73.68234266293388 94.24435224594625 92.57135015627362 15.480005295976461 39.95891102770588 85.38242850556422 29.906248595753016 56.20171154526912 96.27735247929019 3.0882398480631235 15.859241944104795 94.07765329616163 40.01042691572264 9.615202918337019 45.57587740391919 79.19234071175316 36.8566872756242 0.6013029096247346 21.3760421824292 98.2454808625591 16.184678601371182 91.05049918648695 36.955658384472464 65.79141683021476 67.89963773904847 58.886015645683884 90.6697904601718 17.51609596042323 69.31481532131498 50.75388245929285 95.68592091336731 62.427176653782546 15.528975432934367 31.805807782176853 95.12807015642998 35.696158374117736 87.45619626936367 78.86634321625348 
96.28953916247349 69.37970942013237 67.92361090193475 74.68998830753738 9.574075166606644 64.3606580365368 8.147305697748308 59.93971026616144 15.032266668840188 3.5873644021700346 54.41603980321715 39.06917153174676 82.19201356641283 94.05350227267442 67.9570544500027 16.46662415602459 37.33898990251434 62.948539305413895 9.727756831495283 60.01935751356161 6.484971450048249 62.022512702209774 16.27155847233597 50.683241118234065 61.96900637409234 53.446932561816176 62.79571923031229 78.69276862524185 65.96839333395098 60.31698656268594 95.27356568918182 89.72275163017298 35.15347193873184 65.42842936902544 14.642989738273993 67.61358910011396 47.30227330515985 33.075916492626654 13.06762849533194 64.19785912774888 72.89811017181599 10.357700799539094 94.7467279344783 51.3167056070019 42.56518275830074 36.83502130099438 61.90415078202979 75.29033051419225 54.654357530261265 54.38268359357424 10.356578620510447 39.907618793660525 86.37328179936254 62.680695918437564 58.45543729681258 30.425775181474922 96.5620185482094 10.035038586556821 28.216656750630786 18.121591805747215 98.5474289844028 44.07900250935006 8.096872019303492 52.61172320749766 37.46659062499171 72.39471440686445 53.14420660478923 57.46021093887317 28.031492512923606 99.20785340849964 20.14634664721956 93.5171736025037 95.9143736322997 11.046761333380683 92.91808032685455 43.98345497765046 18.765027462947657 81.6204758237522 26.015075560551736 5.371730206525182 81.32847695979206 54.15849289123143 23.93015450088586 39.33541485166353 43.21341250178008 38.0683097137069 77.22288781080248 51.76243576161683 67.56887275368499 26.005146780784237 97.05280828115104 17.58177282826826 74.25859203303474 97.31145038845197 25.231174971546466 62.40641803539304 62.07959679168512 24.272137502874347 48.175601865286765 45.43717616662486 
91.15351944908461 38.74475818499267 10.046577201561401 61.97753377048705 28.826245003753527 48.462072391906055 2.8642512591566915 98.46062860897078 40.243473526547135 14.66779817456696 9.548543888484861 28.06504312511976 48.22685441607337 15.734606283458008 89.59506121960258 30.797035378597915 96.15732053716417 25.026652532188052 26.493898162902006 58.34252943666128 22.27935303555454 25.5072893917053 1.0179100884705194 41.042993023043806 94.17188889628115 68.45582738521611 15.151540905762173 52.02512156028858 58.088630944402986 59.14553503229342 67.70092828753931 1.814993299573675 29.452553508200985 18.44831390763362 74.5203780904873 35.693192636429174 87.99642233749434 26.069807376738297 33.80999622523008 45.59813318652123 43.87317800416588 98.48193979514987 60.0836614719088 88.5606201062424 9.517079829343944 92.60818791148432 49.17616985711118 24.453469670184546 46.11851128718438 54.930169980531026 91.05279889624732 47.265762202376685 53.28239276545189 54.92241259205568 17.2041812577613 86.16214193822536 35.77219477509561 51.58542939434611 55.05381157828533 95.26326628163491 12.198548001150467 42.335536130258944 63.07512319106301 34.3843944138617 27.09348346161069 34.62311780639619 37.209537088256205 66.89481579801225 90.01839605860363 62.38931465981394 11.696453860618538 65.4116001650023 93.18580961957473 41.834411159701055 25.570705475709598 21.21698269174468 52.53210249863426 23.959465453545214 89.85243306253436 99.08943972929669 76.26032728391853 54.956002295975104 69.84902527083821 65.66426740591686 89.5793556136676 99.75690462326585 92.00812666732436 46.49034904535214 34.697543241743304 18.924867288828075 95.40538965418997 34.62546573911914 21.086208043292352 14.543098378686025 74.22010033893307 81.9133520430145 22.610170431833488 76.88623040019009 99.446340280309 53.011505095405134 
5.329719693437607 70.38765336339414 65.60693569233818 11.789414679763855 22.61032959760867 94.78281313113852 81.38189979128744 39.892851342078764 32.63350861793146 45.29625705732682 11.83266670093438 58.070435231063925 77.48422242982237 74.35350834512946 84.29791423106178 32.28462809150413 12.69731242338813 26.53712431115628 90.05630308276987 98.68002028770331 91.47739533749645 78.36960442288856 49.49602310195825 34.15755036252519 88.76374806751805 64.99403492497893 59.80052134050264 32.60412923047075 96.89372974938584 16.936693721441685 11.05436921705667 20.752836044372092 36.82530779175654 61.87411759167594 39.19269241932214 62.19975526165413 6.711274359172014 68.69035676892719 82.36220557795438 53.279174021841605 33.07480811556999 24.098503115290637 21.03132889287702 10.299741409924579 98.91804404080902 35.71379595574729 11.581480884119378 84.06991909015098 97.80233335862509 49.70393740474213 68.13110797546827 14.691858609902075 3.270931394600829 56.0054915272493 7.988576549633352 57.278599223774904 48.94187050161277 29.58354346338745 52.39958381792829 67.5502882313896 86.18081467224088 22.325067794597143 66.14926863787515 35.190889681446144 23.47069994871227 76.89477891632608 27.09870887760063 92.39761753312065 54.42703262830818 81.24541182164324 39.88009280535187 5.2311611183128655 49.86471292545455 20.462793942178358 46.74429793640863 76.17546880932326 23.404315261857324 11.23925709137743 42.949198331214944 47.741731600517234 79.81275360258347 23.50724732710261 74.09655679260145 99.0019087019067 20.60532385926165 3.628294526330489 78.46982238501081 69.61296173068536 12.393121661945116 14.020741549356874 38.69479802429518 29.193745780586777 20.04189153712077 95.2229585464579 23.939532449022472 33.84227882116701 68.91535500168717 38.12700241245358 36.389478516384536 76.1318487076528 
28.30813632284347 26.481021319396792 23.878333030022635 40.100311791824986 1.6304260616249122 72.74691123609081 84.32466103237495 18.54758638416967 67.98852232549773 24.013100418312582 67.01878085150447 36.38221006322543 44.51247221111352 58.90052182843092 70.82406357997526 50.80857827367261 29.114026878435727 31.263221237866812 50.00122477777849 66.82229608453238 39.315172073599584 41.973202286406895 64.63377128485229 14.781788499864456 84.36952571413087 36.19255353962573 54.52729305431742 85.75018064631239 95.10592324792042 30.27399435954994 72.97478271702612 9.852173521056852 88.75553095593432 69.79444336087369 89.9247701927701 93.06645261959136 64.48090722349185 8.214346070237987 62.85849295145617 98.67495646594251 9.407381321201324 74.2688723241378 78.07696447834243 71.01607450654377 44.66421557590468 65.43533342265839 85.1182279378254 51.23967311338855 56.27505135799167 64.68446036598155 82.66970172244356 27.4376006595627 36.69410014327051 28.21147697449454 65.60998685031173 94.8241050691475 9.366663463574632 32.956149137780145 9.709081256024565 75.56637265089071 20.89953393582441 4.45931902251977 53.03548091532188 62.416236926537316 63.25886131130465 67.96668135197737 31.263102219359475 5.469766181250623 31.87016857592453 78.67884109907598 37.84063060338264 57.18236115962583 34.5771321593883 90.66000215066578 9.380283477708605 27.19266412622393 41.1228325526472 18.155874864633482 81.64260893810739 75.55942953800967 3.1492463538632998 27.934710435976896 22.13843066715613 90.6912487352672 80.66766726398828 76.75362707160286 21.63858610290985 56.54982324049709 82.53490820483297 74.16568400394932 18.77663868233278 12.633258524849978 65.67707418813347 7.621441137214613 39.44928321495071 49.79662332044936 40.63475451078019 14.182010146651514 55.86367342456079 65.1428140564756 
99.46055004024117 21.148915255579592 8.850465860073076 20.01752762305816 16.0818150265718 6.5293224674272015 91.4558635904416 6.5679544157777325 68.9485705902132 49.493509272500724 61.84551282536054 30.375539765738914 1.1185867961968965 50.84470761153712 39.19761577204276 59.349005719789794 63.88860968365182 4.009760998206879 37.532152625113 72.36454126418887 86.66280758858564 88.17227148119389 9.317666512369382 65.06590037178009 77.95646978769787 36.9082493969861 3.2165308240219903 34.78789551208984 90.26509898400326 8.04751150092825 88.47424344686306 71.74257956662062 74.98599942807719 43.47239627162456 62.22771937979221 29.408180540900876 12.661554663611497 61.17860610896747 35.40219478537542 33.486604471605204 28.520353722482728 66.16128634993782 87.88577065928824 15.84619256219868 93.62444370463376 1.5527613350414193 94.31526746099796 27.542076548187854 67.88790988446453 86.92656237357205 48.07648919027203 93.30735372685572 62.814129020632436 6.795726385355261 53.01663119815607 18.83405278926037 89.00596931603889 19.07158925246498 9.885991765313594 51.71362065497226 6.335325300792838 50.61260393904109 97.67077145687863 27.082497477853096 13.11535592801455 34.98095655113095 38.7482192741858 99.81904430718754 94.70083458568335 26.138094643975663 41.189905875121404 76.56397039798092 1.6490713635119447 91.04848431289582 31.558519310099374 12.887096377738116 42.90588010809604 44.02428288982517 27.18799128670136 33.59912812124749 60.43808472617654 36.131820114697746 48.20639959615409 67.50788819297233 98.31614747917271 54.0940996209137 36.45553032595854 61.844188381039444 91.45741674350407 14.861799064101334 30.98061821602013 56.13340847155979 77.07268886614975 64.38857448218289 47.90820669874104 50.464475136117116 75.3156294943918 2.1346389849228653 26.299690578657597 98.9089007146987 
94.71678657593961 56.436033177407054 30.962561856120807 95.26815335724017 92.69085108395281 30.115132817358926 48.22098133626274 95.37851179796611 61.73791306443067 20.571318805318572 71.2917697175835 37.8783225476407 17.916460550810886 94.07896486825416 48.1814723611196 83.64332731770759 39.74791880345242 60.13320720891083 56.91468418213914 93.02154003302132 42.91954674369342 48.42223917665323 80.42335041362963 99.54993047901769 78.98455149767476 38.36810925967683 76.57125556217407 19.010933346135804 14.715286569107644 29.166384628233278 77.55753019411404 53.48760231338206 82.84746714065267 66.8681936042057 7.337433309020314 11.50201819017167 94.66034815127921 64.28654818056195 75.71825417548717 67.37228883716169 70.16981926594997 59.37207867424982 93.43273237639148 25.59934926849554 72.6684605808477 58.191589423771184 53.761860322479805 39.3954536840479 30.928571236333845 99.75617160833015 43.17351577060974 56.39211822980662 94.59125504844027 61.68381540573997 75.96288368142652 29.115967899701054 96.09666188539957 98.04482747290854 96.02516839859922 32.996837192129846 85.96752574514068 63.72658012224738 52.66059263205095 80.47311594362421 67.34014178746875 33.267419097181715 36.706282562853765 6.185233270565105 80.34401905126474 66.34786748462112 58.30908182683734 25.298891193168316 77.26339035355309 6.99046930284185 58.29794900302555 34.67545308414689 85.3708777887762 29.007993341214 71.38406060738347 34.90767415082372 75.90557349753632 56.3529321175681 1.311317791768396 0.16474960538842565 44.874879606134414 93.7595192882017 25.59945966838133 12.341427161616947 64.19143642414684 0.43280679109064524 20.666528199888557 6.1817242508327315 80.11356125317877 27.5275652550398 86.88696719147234 42.84853981996102 20.039559245377536 18.773143635443567 57.53614278117234 40.836292850894175 
18.413405812802473 42.83857262188066 95.59164180653963 45.17442981551408 87.83123479697626 85.89562327307358 18.006204908511293 8.545470003996824 42.39516900080149 83.32570261911378 38.33670093669708 91.24204457326526 26.943033031728405 10.629797371685479 85.50805724686813 60.81310990591272 17.989486582922265 85.33896274452343 39.01063560982783 86.80038259350574 40.046237438187035 54.08611955036914 18.974021768252904 81.14173615726735 84.44590384054516 51.988190068872775 83.32975997868684 30.619152279755845 26.876245428720548 25.100925316404442 13.670098910819972 4.154562132270456 14.538423685485835 0.947028123833793 16.429322045504335 94.80769535594463 34.175045874901244 76.98143979839914 26.658784252081414 74.00585601832347 78.17072553122235 72.34601208696915 77.93631289036885 93.83631277748053 97.50995737624609 54.37896393951719 93.84513571143115 72.15775434473557 67.58415822655243 8.08289374227873 63.977076312410794 34.83809863082583 95.67166518946935 64.11836336499425 90.55922317958824 69.6016475628193 67.37164649300209 38.87832018595917 30.572876299632988 66.7694266317358 63.35476648129005 68.81198302054993 12.628073473586054 83.60228992437175 77.50062832809299 40.40500446141139 77.87650859018969 71.00718801125299 32.82389237933471 27.086097639789898 79.89025220067042 44.042719222851126 22.548151639918657 44.818504328318774 79.70312193659926 60.96094253595298 0.2685516641270147 29.248051684588226 89.10618723409502 99.44814385966103 5.351251300427807 19.017746604773045 47.80833310051792 83.27807176577686 37.549826416523736 2.222193601136613 68.21737910946716 17.76690887688438 88.27573562792219 45.96339317070258 45.36680342473362 38.220076179379504 95.0420339162082 82.58272301792185 8.907599319342152 61.98666042091846 10.306513171922472 70.38222257942537 89.10436175506592 61.78815071887067 
66.27249330123924 81.51160266697622 79.41922852024166 45.66384933561714 73.16256273387755 95.18559132808488 4.53681995214713 37.176149836496975 10.062491167699438 90.50963800844269 44.57784680566549 98.4446821735209 54.63970506401861 39.93015394919702 23.768620155008357 28.12904455764572 50.87261963716932 1.6888472825355216 44.97818708107868 96.65565659849048 32.38426352161448 97.64892907086677 40.304389255930886 51.78506981451155 3.05556393473565 41.47427041747951 12.284609142985003 39.04180511454387 26.300775864219574 51.38087496168333 60.32659264760848 33.57959974475544 89.71950182939013 41.54331493059259 22.599182401269037 72.73074907648395 92.7968466883454 36.72704159128446 14.892355996558038 11.788923132465158 51.905209115861716 95.83078054557281 14.850537082091918 99.50074279647067 29.068303432204846 61.761494760095715 22.50259718493488 84.29205875870083 68.78002380398404 77.42768525006991 26.156578556045574 17.430770214048096 70.62774173767 20.625074113828802 16.49662285636653 15.128685236328854 34.55176841004768 14.202003969222188 21.11421494309582 78.0108448865158 90.27961041610554 62.130154519212546 76.72526241756181 43.43134968334379 62.80578376129674 46.96947461673573 16.969202324773704 63.79066591918017 31.74495981317975 99.70450763426952 29.955708087412415 62.3100737678071 13.968168492613254 19.042556622154315 31.619248029390924 16.64470534151119 36.138970289702364 74.00241750339273 8.461159922375606 60.267473049828354 66.59836647067768 70.9857108520002 6.403493457073994 71.7318773135658 44.50438535864924 4.511122423619318 81.24841982293935 42.722516349356454 78.2142358127264 39.40508080802787 80.63148189266404 77.22792352829052 84.60398184164258 91.48079279171 97.37654164559726 76.22105522130968 6.352706717465706 83.60073582463222 19.804779711934916 4.908631666451302 
75.1751963696401 54.50606576942548 5.819670249263709 22.911246541521802 85.56915357962423 88.90959265649802 24.484327371912062 81.66198029161043 5.8500353756955725 19.08736957340802 41.327207147936875 57.861991579510416 81.07861766296793 20.56711880906178 71.75667294452542 97.00740378287834 75.94339461006635 87.50006195234982 90.73439909069523 86.8025212670675 64.74201399889827 26.915974981066036 66.25222493408191 66.70023269489907 0.3129145804727784 55.29958958082458 79.17650288705444 6.861235392458919 84.10041035668357 15.789708167415784 2.6685959264620918 57.49947259541707 15.493482301565532 59.790739871121076 40.65963397464116 77.88196491731001 20.1605395195924 52.89959095179818 66.75224012069391 3.177046060283295 44.30952885320539 71.78913605310122 62.44143342075914 96.89570628637745 54.63466326035985 56.05280421895213 26.69143170389221 66.84660201666188 2.1682368569023835 67.00308800161442 17.67466756032653 93.32604386594214 92.33788592031993 84.03000740704276 91.87376998388133 29.690041701210966 53.236763411592825 38.36394593620051 25.76690464751491 87.50631161619754 9.446096335338073 43.950465962879036 40.961297728567004 11.159864678941355 49.70664251699126 35.63303594500026 4.909365587233294 80.08665574412981 23.31759205445151 65.95286580210661 46.236376158065106 50.73547599388749 12.348456879476831 43.61336096545075 6.228098339194055 64.90911724254767 4.581587691151023 19.01991663683068 46.171442526730836 6.3115735435137825 35.559923012183106 35.29414989897506 44.01059615750405 82.92885359344884 77.19665762792206 66.77486875739429 43.17575276290256 49.29673812153964 25.11050411116709 61.256388573353206 61.46096380997601 59.75962524690367 77.18230224799119 87.0781039903539 28.472276081697178 61.50035043651212 1.7856998347328457 61.66747259945474 96.43678993806476 94.42168478009415 
65.72672740297324 4.2518769906035985 61.05781200117464 63.88597468714525 29.134084999476052 12.193089758987641 36.62082746644902 91.87017423112133 17.3739569999658 7.7613698248639835 52.69951381354385 32.269308414838996 48.520293258782566 40.15446973476969 78.580611165899 56.88216925727747 28.99343025660499 56.18016059140305 35.92089266701808 80.03884790015141 29.687011071824866 72.25910658500304 30.16914482583102 91.88048380803464 20.235193821874464 90.26824891663749 16.93045725272736 12.97737254892758 70.02913407036401 0.23311337974165625 20.719772984086337 66.27238513831678 21.173806783569226 3.9907487592366175 40.44610125025745 86.26240275026511 0.78321297121976 75.68329130423248 8.488368925277257 49.881300814810594 67.84409781747016 47.30538912720307 18.368382350351887 18.723713045336087 83.33530016352339 70.51708233307505 99.79596209087622 28.04969361791426 51.371894734305016 59.54692494291373 99.2557729708498 44.43607520581294 3.8503352944865177 64.24848405458981 19.3249373574493 40.99118673713743 91.40283066182343 57.23660387700165 80.55507491317036 6.725310825743758 99.42618321797498 44.51809649439803 96.02190026894533 14.970086105287205 29.532411938112347 25.144818953210503 90.54005348850018 24.665812379405526 73.97546635491106 32.15539367370675 54.060392088448125 77.88642473756282 63.44038415319617 84.43503686574788 91.9114751653562 87.14764140624493 87.03828322310946 67.11136367426951 23.316516717806547 76.84464537351344 67.43259706126754 36.717168319113966 84.01162140401549 54.59132924782264 23.728991693415413 16.589624101619492 8.810632803169527 40.284051503388184 70.09346366017944 7.838472567105892 5.60645453384595 73.38850315397364 79.02011669225352 91.70416491418433 83.5682587565175 52.249151272471416 84.7521344393322 40.24015426533588 65.18851504455195 33.14647882931916 
14.56656910309465 83.99181135377628 94.35326727023708 31.378014659177456 13.465508169618346 7.707744068905309 50.753710501149406 21.814931061471565 71.27325719363272 58.10755820000889 94.7265267405858 32.18678704694972 70.2212367444037 51.34340395323734 96.00509706036853 58.77275742503563 45.809234852869885 62.03088969081735 44.88311907621518 11.228453508705838 94.06380595713036 60.588294138252074 4.936795171846587 10.953286190825018 64.27151043321115 41.11120429413755 42.72122201719996 25.70400213928039 47.84684301899779 48.12309267499681 61.751147147332 22.085927788177905 11.201631424502256 67.28048474995283 75.59583684974787 57.1041083217552 23.314770700268326 92.47483661241176 78.06226488678453 10.13242318496481 97.15818887167991 19.761321391892427 7.210428035353544 77.45946218609636 98.21693431173755 47.15817654840222 54.339068739070065 12.995774377069335 73.04835005744553 78.59842842253279 39.09964595381681 0.777852950349589 16.157314704393244 40.17916803435547 57.54095312014814 87.58002152780605 24.421538774715646 17.341766366992207 11.156223865804538 87.24615847984505 84.88297958083555 12.7297639079056 41.899219354527595 92.27897355573968 3.928421629149925 6.209402183331125 30.65520762838935 92.77534555902449 13.714360219449851 70.90107663384596 64.79736591434694 7.972008282595999 85.14827722820075 62.0582359005677 44.22860554395408 81.46661952558729 35.82051410054361 49.24358888409548 74.703390677958 77.60509587838652 45.987914892624005 6.490703656137686 92.24361911106959 43.57682205604561 86.04247618165822 10.002397082838089 73.107215498937 69.43513265817283 14.855253274507552 18.42560164982704 10.037548763257076 86.56125822069446 29.967830254002347 26.85563411024465 77.4163750414146 94.01573971265087 37.810662187822054 92.46113716071618 65.46252567848802 91.77199571773268 
64.9596321844826 26.98418643827729 36.763061546197626 30.002645464477553 49.89923987536953 39.35835486945468 47.19318088166817 54.38984497168884 38.84279635870996 90.30084667657893 77.67569207048997 38.85676863455889 58.86710592133456 89.97303047630211 43.25037068546192 49.16808759280376 56.951085325096805 29.6670086063094 81.56808912062722 73.52312592562853 74.46485595628127 88.96419401335687 74.19410023908425 89.5660985525888 73.23781172024869 0.9250240732470938 20.999419613948877 11.163702514019613 41.54129189141385 89.60737558646689 70.4387590150102 72.85099290214677 86.15339173070741 16.57437724679157 6.658007676138777 65.02240295143623 60.13059096527902 86.04072476937313 8.143794357009371 28.745404390513308 84.99286885700482 61.91977698973441 22.022155034286527 55.500201941175966 0.7359580493286888 44.27209862075401 43.13295107555879 14.19954990640555 17.416530098747874 37.519287827704936 47.651079296594055 45.518631217061234 48.012989315572405 18.275288173172942 7.295199488751713 21.865664003836272 73.84675046303035 76.76065167216446 2.059107604270727 70.24971230377626 31.05576861593797 62.50345079744915 56.920480639813086 94.85296265038639 9.44417375878831 12.39389470882325 51.126256063108464 16.290478092389794 23.488920951279525 77.14792201674418 87.42338438381711 65.34125696643916 49.36636334422045 90.84836340971539 62.998298912667664 30.36019822516678 21.568661515986832 47.47051664219355 53.90790025058856 59.63132021481458 48.012064317503444 58.162310157837915 10.429467526320224 62.598431106881804 33.496014777245264 63.537427984325 62.026353051092705 37.21015041579066 97.95416536938136 66.3531538161376 47.52091225734476 74.54203169284027 38.14533073680892 31.682870029821288 18.585648978192705 56.40926090421486 9.264524884659497 74.05652902422956 12.808018795546417 66.85924159611054 
96.41118417242762 14.030586984088577 56.353971736227216 84.234101715615 4.93375323647186 40.26228010201142 35.64975004755737 6.918983958650671 23.376829455331773 57.40133111076258 72.5210388040681 92.94275082353526 3.08909574378482 34.97547385547974 47.873102970116385 61.27348739365852 54.50729748597381 97.93447871715524 45.26503575942702 10.95201164261973 81.71354623396755 15.630622181641806 27.625817841870692 63.13236069877094 64.07029169821101 52.7518561595098 17.87938570772869 20.648996960081966 46.56928874223386 43.0871671611453 27.390465910843474 69.9062612738923 18.987970419186574 34.99194497200905 64.91243821570697 20.686396059786105 48.02861889646973 36.03442028057704 63.113038747007245 90.89824541566539 76.32278967142885 53.54256258032029 79.77323851833157 95.3394716739653 17.515470086399386 87.63403007973743 66.39916896239662 90.2209799302097 57.60047805820657 83.80016162659015 48.25648002567332 58.50297533116419 19.260638596133685 93.22813484811256 26.731091472097457 95.01787715910844 58.173312603253635 20.783861503007795 97.43976290035474 64.90607169385689 38.07387526736304 62.941309683579526 75.65849656522988 64.06633062509471 74.82679475304917 50.93234543509495 34.40630569061914 6.12339861450808 48.835940107412746 18.004431009954438 89.91636980315899 96.84115139037918 59.83286337527024 3.911735966783547 14.24621565332982 33.96040789276735 38.41374196088135 94.62861331496003 15.42297522945686 88.11632943494814 34.65276109793799 70.7625859137292 1.7894476155972172 78.79108589541572 75.70172149889899 4.257288306100293 39.111073183559796 58.18325218526991 21.49269156793282 99.71411626337317 16.523580106145253 55.426201256928984 50.49256015664895 24.024601362586584 60.5455254773539 13.763508226029387 75.9153742876446 5.99379412977552 75.14951997866348 74.09019595861216 
26.880368057783087 16.248237949112 40.28040977401327 19.694392679109352 28.710642804072105 56.96041427922833 71.22829778586879 99.08482602597624 81.8994670839872 0.7847721681739972 26.90873706873742 86.46523706703171 70.2281996146603 18.88878404019464 56.37201520763331 22.717725511782405 25.10189307106231 29.075722387373627 89.75794700983431 3.682700261645133 35.37563854646072 76.73414903654965 12.4321432997472 47.07395604599892 19.776747445881327 33.71238004135941 9.184263783924806 74.54314557044624 72.48491130283875 63.20447669400527 29.13823808207946 91.20872679596724 51.514514089948385 52.347580898625004 1.4190627167986913 31.390210013940635 4.250278153797494 58.46872676305599 26.640219333583104 66.33935829389328 14.819475469210563 49.78250202916386 79.92035341049835 37.43570798276586 13.94096342256722 46.82923251384944 87.40735734400408 86.61465485839253 13.47334754113959 87.0566589785967 80.18253329345029 4.7219984247829245 15.091562450052987 41.68632259137798 86.93706059061824 8.03978663435353 95.35326226332678 11.369187129832925 99.95749579753674 83.40391379243263 87.87337375113141 15.123297500639787 37.726594933752345 13.13482735139676 67.40722690036371 65.65954674015288 31.84025374445033 2.4284238589889373 90.34975296327926 93.43990337615273 85.96089360958085 83.90503168885799 61.4901569157552 41.67577512284952 90.1721912124883 66.69009314592847 77.818637714609 4.962393908669616 25.369523793903383 30.701034855418087 46.76365560406263 25.358432166838774 59.21506199781983 40.74051624591933 88.44534373708399 91.45836406167169 17.705996582542603 69.54705752625051 9.362633524733932 8.368308274138636 14.548862097485937 74.12984119265438 78.38877464646622 19.484409942643676 34.3025003181707 65.5152488269182 45.03187458265094 64.58609529786504 94.64671444473345 48.458466069310155 
14.624167321452752 52.99480069688154 58.153197170546356 84.72430340601336 35.43574090957239 15.41207838477333 24.579867246910236 51.21710170830135 58.66548922652194 73.53924286586845 10.979224739789439 22.54046963955284 3.844055591219653 32.69401428726455 18.8059598027423 6.49325959707987 99.39062227693238 59.37789551082189 94.72848373008848 0.5590753233675416 70.89735911947417 53.11130545789183 14.993650443697671 17.622339216196913 18.1724592761504 59.8417426204793 61.96340934282283 49.94469758225342 56.154627043207185 2.8435989834408093 15.836758241083437 1.861416392686377 94.51902293723349 26.266440125532174 54.58975453737198 23.70809217625177 96.12657987715968 56.35193084749037 40.81102280933548 22.163856976098295 85.42575512512869 85.82779544778197 75.37960292516192 5.498027559277652 74.497719681051 78.10055277416636 14.826619691044218 46.13288498738848 36.64307962589096 69.6069678491633 81.74168191353034 7.486127694593348 85.24021319246286 21.047543515543044 45.729557260859764 87.23223923374819 9.062379374258377 31.213531862488953 16.192108183283317 74.92286525705535 74.32273580910996 80.73236195197262 67.6050635765553 8.332027423012157 28.423499641227256 17.294533047254955 12.978709877273797 39.942805501341574 30.71742685142422 28.788425241345827 51.83611370130809 92.66790804543851 91.54692332847083 76.25764780498005 45.31203448707429 92.19727446358381 22.408048794379976 74.70889695371248 12.870202200186787 12.291747054460123 87.29371571514146 16.536587673288818 2.656168188622521 58.89250483695429 98.10250164454531 29.693727449071584 60.64748823810427 49.09181926449796 15.456376608261124 50.7268620683867 12.532492750248114 11.811451815082863 0.35281569866758566 71.40616049202397 76.64345747030221 48.46075290644205 11.783738220433637 86.92001530822037 46.28951842994595 43.89737918251166 
60.785717980423335 33.466762517200706 15.479188664549248 10.689270122555406 12.343016178702804 53.56449733451332 73.2918869478076 82.97731183357376 73.14693955006649 68.51313564003748 59.05239532315099 50.16391662599998 15.422131871722444 69.18125341858968 52.981716478089204 35.203533229998996 64.8623612187793 58.653431176511276 75.14232949889582 77.4468400122626 24.17546792830072 93.26218258342132 79.26535368956311 75.7912113126467 12.819125374382379 72.14177931786813 57.4416919960026 84.31579132122842 78.21612064524643 19.67957908407548 16.67871893473447 29.630293379707172 74.0698568987504 90.10377184052537 48.96866520745845 36.84245329560542 7.3578610764697405 98.93468358219842 92.78431632209258 9.349797405197368 27.163084375744507 52.14012318293234 75.81221203475485 6.587221505673535 65.70981570214262 0.5734829436280786 36.25308210599163 3.412615723176482 44.80303064704027 94.63662516288916 43.163731064377906 94.98856786309402 29.32711936806487 52.09785176715843 75.08415877454945 31.818968237261846 43.541852738791384 80.60852290228165 70.58823007351278 31.025105988230305 65.62055811956358 15.700199160464923 34.41572431173346 11.996620335812713 81.20749053075296 44.90744585918336 68.48812070530494 47.22849167900589 7.728383839556107 89.14971163603907 98.3800392648867 2.455984045910742 97.7702362283014 3.619008868296203 82.71276136840942 64.1252697501122 92.05341293747806 42.15834297715478 25.4557777639277 16.788249644001507 20.351138560433014 1.4792103841577031 59.26688472878375 38.18581464669493 42.168538099584076 24.554659083049845 31.770820769696694 25.584662531035374 78.0753872917909 96.13776890511842 6.071024182468198 53.358463435344774 7.293758641800552 7.593672997125866 81.80859632413319 88.85504714143057 97.47379718720882 3.096477833860356 53.72706152120631 61.26698038088253 
88.54788604278609 44.73079079333719 50.97112198295745 86.52374857305118 74.13549454851221 50.15077116146526 42.24203327644902 0.1494897097252923 11.178020512623977 63.18798936846882 49.4518587904573 39.58106912060685 41.31497687107102 15.162555643888176 85.66331422830513 47.61696733955013 25.969938038467443 22.640359481460937 21.87149993955586 39.46836518426081 81.19661074188359 45.992486211625916 91.5783014088781 87.30945723330615 48.04252027040673 2.3511432831187506 62.129826573561445 28.274907812884752 49.51975864325395 86.41979169044153 37.431717831610314 94.52810539246538 66.22932571068525 3.0833586991719564 7.926757598065837 97.32462243485726 9.267594568435145 56.877755303302955 30.613683862990413 70.92115256064767 81.250457666334 75.11618684868033 4.405701372476045 96.73086542508288 94.12279389789457 63.83301440086757 4.271647901096842 83.3020121801226 55.87784009433854 8.694211135459252 51.37236967725831 73.49732549398006 47.39317606902562 36.63677122468366 25.799338433436425 86.67754412494313 85.29700986074965 48.23763278551585 73.54212382841861 80.74321723287001 7.110450470232699 15.676060523988989 19.955814982447627 36.56466490931701 20.868596892555058 16.641616288220686 78.26904239256272 25.630828724482512 33.005171659361956 40.65319041719364 33.56780757827591 20.67341011037749 5.492556785297764 60.99285002612815 90.20978707958255 48.57363004108788 96.06106253304371 12.821468791314539 93.76840364073912 65.03457852808799 3.7783325606647655 56.031491197390324 77.37539889684119 51.3029933631004 76.3517854698867 30.005374098758143 36.72524285282611 94.65008052696503 35.22403919429604 26.68657659038679 8.024186823580493 16.371695032817268 39.86331932903205 18.2332582578029 8.811355648626574 53.744119337296134 43.60781259030877 76.0130586287604 2.848771799023786 85.67230019502846 
90.00506181508435 8.81073530077141 67.17172766693905 15.69332105501411 60.79443375912204 29.858566872933178 71.91048032039414 90.5485787324779 14.512769642385981 34.66286061257934 31.63876677164851 37.71395329377577 48.16037211025124 34.58804471053726 50.77414373879847 51.07805091273712 73.44646718552303 44.77323726731562 64.94974679448158 40.384337052535244 23.840353401250837 69.19435322619677 75.2964908436752 87.10380921929743 98.98646063594497 60.548169951760286 83.21940683640521 17.080601437914844 8.998585078603982 58.12300911943071 59.521203979858804 8.59372446919695 2.730569725134757 22.93399627797178 23.62077208763803 3.4038880398378657 51.32777807935038 96.1391374852417 66.1338136219722 77.90518194493013 11.195695407760354 4.115713738676141 21.227375747598288 61.67713001281027 8.979052380708929 21.564802600870735 83.92951878653544 61.533442976969155 75.22687207308891 82.62502391195113 71.96997110155768 60.58954767904442 3.125904854564021 99.21481168938568 51.74707020854077 13.921793350864252 24.016911502223802 5.6859427163180705 83.6608738472474 55.06696409912806 72.36531255796882 99.35914362771273 93.32185060154022 60.91156875984576 59.4397551019495 87.6260722457025 42.039052785450416 96.44608168137373 87.15913139008282 84.04009831483671 52.51126732131198 75.41020005044355 11.400694531866229 18.181668829273235 43.789102262303615 28.030829981074344 7.518889323729184 37.07232090295373 43.34557908616497 62.85541542070428 99.90654372798706 79.5246423336981 73.48721820263397 46.108935446554824 92.13714382774384 99.05381076340505 54.35729368063124 99.05369239963233 74.55891424384056 95.83960123625829 26.427289515369 31.50680761702619 92.16845127929581 93.71602692186622 71.64225755054782 87.97110794330551 27.173711929980527 64.27907476106941 4.280254277493611 81.76087837302916 
87.8631649210085 56.94125571397496 10.105545159013241 32.054713003904276 98.22997632556552 41.1250228815607 35.53983322265159 98.98353121278276 51.257102456538895 4.775308437446313 67.34530402894899 32.66253892891224 22.851196429128773 81.98479006837664 97.70774747255471 13.501737038657602 43.120288663573334 1.7637393387744726 39.62765365599672 63.18038067317803 87.02221304633056 59.849587508820235 43.17158742653597 48.34650138959247 77.36780294202616 15.939646495163295 64.40578751195865 82.40346641627067 89.74484957745213 9.843660422060186 55.728412180261536 54.671286542331956 11.13596623366414 71.7912183626369 78.83636812687317 80.76115037217987 31.835388147945743 74.49224829302139 89.70724713399609 73.17751118212966 43.72689648588477 37.537157841371815 8.746380116152896 76.96274061896733 77.067006867768 48.3364775128452 68.64356139661058 1.6252411469041106 32.62461270663327 8.038059457408986 27.503540826631443 7.642599480478829 56.36033014053973 45.72329350378105 45.458888920436365 73.50722684461482 59.785793524166195 69.67193335160623 49.243396960101315 77.58263797347783 10.725181731227472 40.59857256145399 51.09868912925805 77.96438222139393 6.408320379756827 58.50193304853786 45.90624484615062 63.090326206091 93.65669474856409 52.131530178124365 83.58160128879435 76.02086311537481 19.380740324314306 48.06447846102794 2.5369811161967126 86.11034049586857 78.68888687735503 74.99855192378111 14.413181676436649 93.21681677695348 77.61573011823788 28.1058303579658 50.30102517581517 1.647990700033497 42.808843841016795 78.15457929490415 14.317280034768643 93.71700434884967 91.47075546506517 60.59530402579991 41.669416501971824 66.08252393930638 21.434590372229934 20.920157981285968 25.23815852174005 65.97334051955518 93.45898845178388 24.343204428390997 57.226255729404244 78.9484653442155 
55.659857982220274 60.21229660696683 30.566508896959732 75.01953947754926 3.453650949334186 84.55162365696263 58.551547104219125 15.763080829408171 77.46877292719645 47.74724712096437 0.5424331590199616 61.47594788771368 76.5888686528547 48.62623736406844 26.632641816332146 94.47812177981444 3.6236714272830928 41.04332434647132 14.78859627243958 92.34272496006291 67.06020873060586 94.57718956430826 50.25734202399097 43.13396124109542 33.92912886641272 77.05190939181487 88.92659459245405 93.65945703774456 66.02798501606541 83.33723453320883 53.84183453462757 61.29423604968588 74.57532583695522 82.2447551769095 57.22972105909194 20.10937497006409 96.82647018451715 91.32523338264005 79.14656834451897 92.8391499434046 32.26389363690235 17.98569780030347 88.26522664812008 41.64625946231486 75.6821547279823 24.583133065988903 60.333174220986685 52.695523030678096 49.81935686797956 85.0149419194408 35.47920327094288 52.22217957136787 71.14414672127273 0.8145618993073755 56.815600879316996 75.08175383522196 78.98928519512225 35.87399183174244 49.67723752992781 30.694194987343316 20.429867839234937 10.653153705437003 33.35855327214535 75.84578599974806 11.136302463069292 69.09941058523151 5.353912092468449 8.988129272357936 85.88915675429901 94.48875031354542 1.8763591147129333 46.47422574897425 11.525068955801077 4.013479551364318 17.824333147521855 27.59755289230852 59.78989737644087 96.17956099346544 64.38542292448672 22.350713371375473 27.907341036149436 59.93991918210846 53.11077933438286 83.49609289844044 50.62830467135557 79.97846953546464 21.563348250009497 92.84170599582424 69.10826939984842 88.67277244119393 57.537590257729356 0.5411998990229705 9.167014576214017 22.001551908617166 36.36789556310982 45.78776821703647 74.31704092641121 34.026612376636656 58.98745628886834 77.44750035375107 
77.40405486944688 12.56695572032861 67.16885276404783 63.978498788706375 18.784976932328412 17.296137326499284 16.772177848326862 93.40783428381498 68.6758621403792 30.732282641281483 9.846001419946438 16.1892368769044 26.634250178443473 72.45334428225301 22.071087907214416 76.44015336891512 12.097456732888357 77.35856913899816 13.306238549748418 10.357654485937939 86.480301399504 79.91035805780842 75.89019025628119 64.5383504668992 19.542904301064144 78.0290029589983 57.873045271687374 1.4783718437263005 90.57111100222211 72.67607475108248 96.49520951527333 14.70517094038314 58.36917957633362 92.15051167494097 11.001376282616393 71.79370459406394 43.146441717571406 13.734718752853514 33.271610646915896 39.94534909666453 38.08656023897162 89.56632274876718 99.77111007617627 25.858687778461974 8.720178796389554 68.47444124239071 88.9647712821376 79.29704487442606 44.17868362979501 81.00765153880106 64.61220762989487 68.05849365058083 95.98888129883953 20.994116794080732 77.25339516824852 30.97976506173118 77.2753994103678 13.712607011070421 83.71466507896135 55.156356268447205 98.06969416359863 8.116413135415733 67.60929118709812 3.736835983170439 80.88150396885757 68.54047680721128 82.57642226286977 41.45015641531329 34.770711510528464 69.93529887620367 94.39668597613726 66.45060970548681 65.86452469759915 19.90948812973974 68.14231787808234 59.11575073708721 67.5969609792625 40.726099267094654 32.164125309011794 1.1084788951771118 64.90466452642181 44.886178530907486 51.987258338313225 1.3152113131793763 83.19507795078074 29.046219358741933 64.08215536541138 89.19785481024954 75.11002491890618 92.75451255400165 51.99667542936379 0.6480871158420998 65.93985659074339 60.854669206607696 95.47986959418174 86.608229008176 72.0002303816139 51.39284925604074 86.99744209528468 20.523778323983077 
5.36574581659508 84.47852166860304 89.4334564200691 67.11842929379392 3.0615957902561663 71.78690326625009 3.792344539595105 2.033220628207 9.14646297110856 61.25440242284319 26.359880436763248 39.547221036576566 94.07695287732174 37.00681409502323 1.051239000141646 33.89792504452424 17.32580746048219 90.67316137915937 14.568813710156059 68.64534724469111 26.43325408833056 86.97645219164953 39.51203981010087 38.074551747029275 38.502832983557234 43.85585416891228 3.7259326981468277 54.80715927032165 68.6100798369885 35.36308764138529 52.9446291057469 88.5931327273875 53.67448966753366 4.189125517278147 78.18073987922072 52.67995314036015 70.05219791378961 39.915541804510305 99.3308400088947 6.207046540569062 58.43886269925377 38.948162670629515 32.11198461793791 33.74912985932973 50.62925711991607 12.57895002312086 16.713623761207796 96.43289943274533 39.26211504214201 50.73530397765915 53.443866946476334 22.977310324862586 43.8857825074336 80.7142743247528 73.16854444264268 23.558409405264346 4.512307766528279 82.56246558146273 68.48608314414597 64.57553884881617 77.28457292408409 35.75065327039253 25.350688654418562 38.19645123591104 15.963158644785114 75.4054720662869 24.25091095012064 96.98468729789855 97.64662279513149 30.598755443117685 25.0701717967459 0.9633523058459881 91.47091924452867 2.0584502908680524 10.400385095667042 42.14518118089945 74.99072322980119 12.15324533160892 38.34929926443799 69.85959203802216 74.52745724834594 26.11639534886806 47.77675577571012 39.13319471412672 42.975820426343184 0.2124722254201017 66.41457536650994 43.93100895157658 91.39269517603388 59.91402840025544 95.46930682304668 77.24141905580926 59.14930210947868 49.14353185444209 83.0766249984119 80.7886703731704 41.50951682472888 20.249079901054003 53.370674796040575 8.582532114614882 
93.20431158094445 53.62081362462088 27.95119479596878 30.565470811813388 91.90426950611203 5.718129151178253 62.17580460269748 45.29350467042455 76.44921615846833 84.76614816463686 19.974335307518132 53.88767438784916 71.27597712135957 44.49311059097799 27.77665232457276 71.41886003664018 70.69235864115515 68.01871348414778 80.66490930663474 16.43943081479212 84.47742121028786 86.36662447173377 22.005762667771357 24.551013806529465 39.74522230190664 39.06277049987619 81.5875255467597 77.69845722789273 93.09116552728487 37.89416009555146 36.68185629140927 27.30581016782625 31.747134319563987 39.141418267640795 55.46904531529615 16.420978688057097 32.80370139704583 64.4613804257685 92.91052985387984 73.71141038535447 5.514601643552231 36.08443595132233 35.42177822482541 60.45406973610737 63.280799088459304 8.10457700837819 32.59322563397772 0.5886059774688923 59.11846455341744 82.37837578983094 11.726485541740905 13.453503982112325 71.24720446170033 94.91242239890092 44.097559411120876 99.0007382631123 43.89193433888787 46.6070076206786 20.62833654721813 96.08524590913578 72.47381306553487 30.837140211079273 99.04217463759446 45.851309471269694 72.07267279570215 79.59025463430764 4.598914624134531 44.28872540374491 83.37543635297585 9.743240098394034 2.149191470489009 60.70742611142587 51.28202839160899 1.5497425244623941 8.51742080003115 32.179982253968475 57.922295917585956 82.52190723739713 81.11743732270858 17.927203755232224 4.0445577405174955 21.62908010207151 1.2241900661820404 12.172850184311168 10.568338811883127 61.09920628984561 68.46954016670819 69.16923593002838 55.55095096449296 26.09700322368269 36.89964808629534 89.89626841357241 70.89956572949862 56.16620207862017 52.32602580179429 56.36229278226933 97.86749926733165 96.5615068074399 95.72183181055071 76.4858612478112 
40.705412213421475 72.4591278971473 98.05953533637702 20.213321664123008 63.79520318284219 44.52308561177388 68.25559490297454 85.82792510321161 49.17637392692094 10.417728274225023 67.78231676199447 34.3319264771603 68.58168589859889 73.59521078497023 73.02664012430898 69.33391355230052 26.93097649918379 48.04991232937766 89.62005844172383 20.049413572621365 2.6889974523077953 5.720171056424583 21.733473501344502 5.823578414723752 44.575208711626125 1.830806542678276 53.72526532845783 22.010549004683654 83.82046302567984 32.70839887222655 71.55044254143912 89.09487462236737 86.4975575348776 90.46437660177718 36.98322263886117 49.616142503364024 1.40968124951939 79.42940513047554 28.97494363743953 80.75875484253389 55.60276005710756 50.33572279629443 83.36374258307887 14.394581356796344 11.774814569051873 89.9824569750733 94.67195868655315 20.91698319564389 29.687399637820022 76.48215827261168 91.87176793327589 18.380467567478 67.14127683814054 73.17510814729314 63.7690336355343 14.26109479623079 15.160479954238337 87.91122751834362 89.04999152323464 73.57841814229194 86.73596391670642 68.63771709892865 21.054797135914814 34.17062076794449 68.81208862818752 41.09377066423413 87.98659004900595 57.5902437207162 3.1561406356402033 19.902091423586377 95.53420578238998 12.388703226157538 83.3332803753046 40.46014254398344 60.78122306720159 35.48354677457638 42.21610531660408 65.77234538115133 63.7935671794325 6.853232544876464 57.290314461284694 19.727770330847704 76.42239183563314 2.9799150956757225 19.474762347347696 86.31612918855727 16.628532524651806 65.26162022568103 95.2563562904259 92.88809089123394 81.02932155887267 31.040815134593302 61.64724411650383 64.80435484985176 28.388128580422766 26.947347881032847 8.803766735309559 98.68106434011861 22.411450507569263 16.92932141890796 
86.10366735994633 51.92751684898526 93.48799911561747 30.646407884850014 14.060132991304396 87.38535932775106 45.89868286857387 71.82579331966076 96.65819129970802 43.61675855534614 19.54595325611247 20.731750125657467 46.53112507665437 23.75232235090985 13.395519342087281 0.07563613937199287 78.85147231329577 8.79779533145786 91.59294239713097 69.49388096258987 38.89333548712855 4.911888457991509 22.61217689434204 50.14727492676071 2.9296564373685885 28.405828056525106 46.81262644602775 58.04573999542776 32.46020624256079 17.078528504864686 28.425857130574638 42.37843850340549 67.72303350088004 31.98956476076742 24.26260112968609 83.42994188935707 18.02418369792196 79.88537915489857 93.32523520872174 3.588915635107459 43.62747109485107 43.23248333916899 79.03045831100545 84.50656474498712 26.778215042007346 52.17465897573662 18.891369736789876 63.63788902883263 97.89175291893265 70.71944633406092 75.27778904661027 4.199556608098098 17.019715680511215 98.07252651197973 35.26806310602327 94.00396959991754 10.413953868027404 5.276816401383632 97.62522905962678 30.679933414014336 27.340134092557843 37.1764710203628 50.57489281938656 93.46605978721513 13.249980124419858 10.214163333478144 45.3317196895933 85.063846666597 92.00323516182267 27.68338355094999 87.21597232475149 50.963175066387315 12.037377561420303 15.795728389589392 98.72106089655097 48.20368446099763 39.215230806486964 56.286432588545324 57.03758815155652 40.71135318407922 72.53756131088788 54.26973457175595 72.30892118574191 44.15031022719846 17.989878164101512 33.66884648930258 52.287850091424595 29.655751205917326 80.49957352592789 96.78369444116638 94.08340263664535 22.864563315403586 24.311685331473633 19.42276939504023 54.3314617334309 2.3360829978662845 8.048499094329486 78.51381528852734 75.39229833563061 9.75616379826787 
22.300314368272677 25.221262312864944 87.07273989886708 33.2435218208025 44.80166347037395 23.336658468930082 60.89015604217657 14.628125494460475 81.07935807231321 70.07163168882883 67.0400193434584 61.74715434767221 76.91574461575365 4.371146009238148 72.99830550450427 17.604817353375214 73.05256607910785 86.47816386874638 27.08455413554437 49.66817113279466 22.26790906112919 1.7190556522632572 90.3309148257984 74.62178093077519 4.2906722067329595 1.342405306586869 15.647043882541356 26.57987313715582 54.9741122747032 43.7321309733652 24.54026682447691 10.055462721635411 72.73195298783763 40.429133223735505 98.5449193109971 52.911621969782594 77.44768601532547 43.13393655787188 85.03433345567156 89.07093704247421 74.8996164107169 30.226117091461933 15.233490785639525 55.934896150487425 23.201320819011105 64.32454687699381 46.01979676906927 87.26579983612088 6.83916943773103 96.02578807274111 66.49412183987872 18.709528154951183 98.59559684376693 83.19625174975205 55.32362352754141 0.18829493510723605 29.97887896921114 80.05699502686163 35.50250820636377 27.068285292492344 96.73715557538881 25.78836032307098 49.446353137581646 60.30787476331434 97.61646811561046 28.494887471986008 69.23021324418292 4.717904195219003 41.729682755460104 97.10923504854877 64.30016652790259 54.016244346074885 62.735119977732076 21.177140616943312 72.13259315043095 91.53469801048618 46.48076299671757 36.45369942787612 56.084926174592134 56.237057080750006 12.851998598075953 42.854569562940966 89.07620548326139 45.13288109308402 92.26779507346642 60.54392194815156 71.75525863446988 25.22239979988995 2.6023332061037685 19.804318729211744 79.45886344141215 70.78370570216308 63.26606038970735 80.82191923400605 33.53183774754843 25.114129035694976 79.7622404027359 70.63371011112791 9.47542272179932 9.7635741257739 
94.24205985190939 6.221789033423675 26.909980848432713 68.84826530828528 25.413377345536603 45.102892466372815 14.482461164993643 41.20921999296928 14.615277959258687 67.74980786853247 6.618678149601287 98.98050213109015 53.952578973218 49.794416015895294 8.414952166277823 77.5580916489654 97.0914751822139 26.20051961447163 59.9831937134352 49.0110030282522 43.64958946725452 84.45785612878564 42.20806747518271 58.65207233150396 44.07062944423734 49.336922270460725 92.1443544506474 52.7865723146214 93.45600299127697 37.85761877343713 38.17723345800075 74.5826543776923 70.03266130514513 69.8629052632094 22.587649915759478 94.55835579689943 26.768560413883158 16.952022146867563 52.30955781972306 72.3556910235923 63.10408973797773 60.516037841270645 7.435276473614094 17.273180243308552 87.84991929070836 8.231829732874353 41.41977395669857 26.453852711590244 34.008686787666775 87.608849724605 26.954241902047183 31.676664683546097 1.6100087936635532 95.04630908432966 37.12378342861636 78.3749196634569 85.60532196182484 29.34672319441055 2.733660279417982 93.80621164134062 92.45111145010088 79.74498636488306 53.58298618941929 75.22401900767848 61.216065386992554 70.25051618080236 33.984367378224256 43.452034458170516 82.879793065569 84.46317169043614 80.97245596895019 62.43795237507113 54.94771599375341 8.012052669731196 67.4139618265847 21.164310184009604 17.588799596117777 29.379442441991788 41.62614224929978 10.719722996317227 92.20984835096664 34.11059477131913 40.130423865499566 6.3846164288349545 83.71204606910551 12.273143944023435 10.812183794806241 82.26139703956562 13.632540687238537 74.51842904571156 60.02742217907814 44.2797349452388 22.955839415267988 38.210083504096225 29.091472711365807 66.33341194702436 20.586854623082385 1.8236911143778012 13.104428588147254 53.856010883260005 
56.309431253737884 73.18451222561396 58.212611363475006 39.318473214210215 65.51125224868728 55.09854401662464 12.174769710881062 34.93231547004848 67.03804919829673 20.545546002507876 57.496360146470835 29.268148645493753 95.2470262861527 28.840849985474016 26.41475698755018 16.54980776100039 12.661527313463905 44.03611340221866 82.66270875663449 90.06030823512651 80.58589991384439 17.317448867495223 56.20699958611425 14.396557371080664 61.621647780859625 86.27259749200698 34.05370248423755 15.235494120472936 90.23290253910913 25.637183605800963 42.731016998839934 89.82522755826099 75.34133899136268 56.49326304023424 6.205153937022501 46.590394833666174 92.38766245078477 83.88176589422969 26.754322156836086 28.041853000641638 81.37883243774505 86.40361156073268 15.720347132280054 57.60650606323573 92.14722189268461 25.622651479188153 96.07703450321726 78.04392132493993 8.37992734859425 77.94679362986794 9.39886809030549 16.792136505707024 37.93351921478334 17.15201151165403 86.08321396835484 21.885833706107128 78.53147065361233 91.82717847610344 79.57369792466123 61.01586262540473 55.14865034880577 48.755947819128686 22.851980503333625 65.84987238442802 78.21917514406996 50.615234858585964 38.60966307395025 33.909554394614716 90.26103861872649 24.3580601067239 23.2815974490859 71.10083759165788 52.592922906581606 55.26183888078084 29.51641517837257 69.41912277099446 73.52563779886874 10.861513702230486 91.67960500400478 66.40242287296445 94.7426597576454 38.85011134667001 74.62901065885367 25.58108341723844 33.54129370482014 33.51770765871389 77.2721470497798 10.473503962216657 25.187994229500475 6.4129517145477095 89.3092617569588 98.60308816494644 21.848391465027884 28.649682143730303 82.0856126159855 96.56243329418743 82.38467165479675 34.64436008005578 12.620952190181844 72.32652245299165 
30.769902582420205 90.05839100574006 33.653721087062905 16.817489234180314 69.95099443232058 30.332674755416654 31.932058633442495 83.14931800716221 12.698979050484171 70.43995087966385 62.00315529588912 29.03157285370549 31.31734635528418 71.34388020644063 3.397107689225176 5.487091657360144 34.036190006695165 24.142009858493896 45.370912585768295 93.33931697893374 47.50194349342848 78.98306895584015 95.27277304934842 87.85074242279603 21.979556383366926 2.587356778660177 14.106441477194242 71.44471151642527 78.71591959155701 95.56221146936997 6.0198447459725575 94.61862446698568 87.37047978387538 38.6928791283355 27.21173774650828 5.957349433158865 95.50089157255071 66.00234669058955 34.14472809395663 33.581427307929445 31.798718809150927 81.61201372317893 60.97249213971862 22.41546817587401 70.10211385253916 47.298325634083405 1.733536421888715 74.33788312045425 72.16950980745074 68.12881231480452 74.13343596145646 21.573870790183857 23.78036035075539 94.67422293810986 58.631950840120005 87.61943475127333 40.935983037131265 42.031738709327016 39.07099836901898 54.53485905616229 50.765645136924284 98.25755102168779 19.223967022481492 60.62198502880196 45.199974940722875 57.79532626679362 53.41640149490695 98.30032027033351 64.55591836353739 69.10040143284691 8.762619548568562 68.42283789148395 92.884386774969 29.89782651495686 71.58232287402595 74.3230783840837 37.26385811161887 98.37562195601895 21.205856682394874 6.560983954164112 19.180185079724932 14.102963592094431 20.6462401230884 77.63562952173942 27.71487915111629 38.57618759290803 15.510655389242721 14.858837310970973 71.47120987659807 32.033933447969595 90.04360895506915 9.134410586293296 18.999487440159502 80.54585088801767 2.338512958666261 47.563545646864554 35.939864473541114 75.36775283188356 9.523951478290426 28.59769489898991 
11.183117010540645 25.169225987882406 98.12544154331981 69.8860169641584 14.056846060757412 50.97810370243558 54.82303492025362 71.0152628356938 39.87653857558142 73.54942245256204 48.469599746393285 86.01576487960313 82.15805430406485 53.354786283581056 45.50422592143208 93.80796897340112 16.370018976049927 84.50135117094983 47.78965254959845 28.68971952363083 92.31175441963308 75.6279047949197 24.422171481878184 47.51531571185574 10.034294723261194 73.18882212374295 7.20703916302935 65.3931052522897 97.67916546385327 95.52492217760373 33.26189096080084 87.5291824507795 18.69154993089458 49.73358242265861 47.6052155019248 1.2705433793391507 10.571580869635177 97.58869666792734 23.6064801308566 69.45181358215487 97.6594551891397 21.624383822363725 19.819039695785513 83.82546400269902 26.407137573652783 17.984620893768287 67.98645133760772 95.65619575161813 43.171455437529815 8.754234839224184 78.90740235260229 39.48597842720123 71.77038323414259 23.225018814251918 60.36393386269025 5.626967136478833 50.87638797699021 44.91395573060566 64.46223943626762 97.11535064707533 59.77773031662744 59.13888466996384 20.50477865771303 27.659952686578325 95.12057918938356 64.57014602029064 63.90703916568186 78.54514413925243 60.95197262420234 31.415114048675196 41.6917550395858 34.49848372172247 99.71552420187957 98.75570741065947 60.73798600903256 61.20921744864795 22.808932933187222 4.047350721983511 46.231915551793875 70.48458912637906 95.89430924030162 28.901042943070898 94.66084349600368 42.956673873771635 96.35940762502858 27.008564340104723 38.211287525053216 42.803230691477836 88.15985334162963 72.43404618982586 85.57672860714767 64.12188285447112 52.72951497321596 29.48349083585772 67.95000106947607 94.39764972743619 73.72814928637962 98.97702592606568 98.36988020823544 66.92971487800232 
98.10258093859841 39.987060310831914 47.610982974416636 1.1340131444677382 86.26957073528429 0.9686673990014549 50.450554172249674 97.31410079971022 20.185681797854148 19.69693456902434 82.41533444376572 60.79342835947086 59.6514202155884 67.53917638788407 89.0061633030554 79.22805217910724 24.4039603221633 20.32828875669159 6.917528848386112 66.46948318805805 32.384821449228674 35.46672579856286 89.91382227056184 16.523249802342242 43.025868358449095 2.8789346867872267 40.79355114874834 81.94943894060965 38.47907031850891 16.043301067152427 55.26735234147424 2.4773600886471736 25.422429433438097 78.57295830469066 3.5950890924260626 61.65717104109406 55.406596390313936 21.678134897171464 11.47195156399129 42.04714855379345 42.66365858668551 58.33093683610211 52.92292987700736 82.73601742503443 4.8816336482538585 41.06677917589898 34.85959487630169 16.925582065641652 64.65527403100893 22.094929680492992 35.47266418744296 81.84964021123493 27.155739687795112 36.75399192832488 56.77831540799716 48.48098533952647 93.01881474967739 44.33628847441867 65.40582075100664 14.279028866149911 74.53329406126667 63.9185534646076 25.10849328407424 38.65642329199244 57.91828149246345 37.07449156395421 69.49959068835973 77.89377345230898 94.8100755397203 34.20812028901621 24.159263712565128 93.90739183695814 12.036450297633683 96.73506395677892 63.52820594430837 69.57572649392661 0.33808101603004515 73.4522495527212 79.89818482157308 62.25598501753416 79.90396333599865 66.17474701497716 49.32916609447388 66.67318130605099 43.41967166010673 47.08174508672056 2.467273301462214 38.53962627297855 45.78432310729794 48.20201993727486 47.00737557629095 51.0637069270648 43.73419787474171 52.082397447562926 42.938555023499816 17.932514597679994 88.31792235218923 31.921127606023692 1.7303744646832486 18.40372801281517 
38.50022368068434 99.3112950891861 66.26222602471404 2.8178890378716237 95.12824092552349 18.227683320040168 29.56773303646958 40.14301739933385 51.07646110127425 35.00379771998442 67.3605792259036 93.08927196872037 15.59331144679501 55.78404643715349 91.82777312728247 70.88219192759911 98.70456125226502 75.2993169209267 82.3208019583174 14.95875808964997 34.98560658013198 23.802536742046165 12.344730483478228 18.651365081197024 85.09687047198608 52.61401073005738 71.63977805925656 68.35054310815518 78.1834490146581 22.96465054551299 77.16947417416237 20.68805224574024 48.572282551260045 97.68853056368029 77.47401078798805 97.9577568147911 76.15708433160418 60.804369387986476 81.11692334284147 92.29247543537944 61.44331402467418 6.138956236821569 81.8478070277449 18.04076248209857 53.4325409258 42.88372262816416 10.623267678070636 41.33838788218135 1.357520916635857 63.33899859368495 17.77283529991157 46.045035718923565 19.73638960077695 6.088710435805056 77.36614454859476 66.0175422369087 40.29638464886871 26.461661390050082 10.232171979137593 25.116754165510923 74.024538180983 55.373694080292246 42.10086055590118 78.39591607145367 21.934810089695755 87.50842480199177 48.98200560494884 40.59419700472727 54.09819536702394 90.28242634419645 93.16581864532043 21.359840038143652 23.064320983456298 66.15411612583885 20.12405928936092 60.55312516287076 90.01010564981982 32.57378648512781 69.11024970446394 71.53014610146138 19.783112876738496 6.23557698240822 48.40190931170256 55.48422105885466 44.46419025464883 91.28040822133026 39.8973881834513 45.72244021920483 4.156085287619327 74.71225161223946 27.174303858579563 77.18075057958383 48.411735419044234 26.528274850060452 86.13621227239976 53.531665317402975 22.04794543431039 86.92683165189774 38.01859965048372 1.9145373161822299 
65.04722497755606 98.44542005531544 40.794869544177345 63.61904477990953 27.83255965863952 6.994063351618951 86.9174703318677 67.97840801359983 40.40696377274928 12.487888235163657 82.84892424411109 76.2795432397264 76.68163368489596 97.14585932988713 8.981958917648614 62.67320895401205 23.773611962250097 97.51103106542442 97.31753446866506 19.867969910708094 0.1358643218561828 14.860836471437533 18.664070641270246 38.81752912974032 66.08973576301884 77.9143142465179 41.140703610418285 13.661859011524191 35.661702608105 81.60640194770782 7.411959870835871 65.85825153279052 29.583538661086394 26.187713385405388 79.35071505641523 64.73923091384768 5.896809168649996 72.02150822117255 15.720896262570228 45.66006916179583 66.80986596194613 7.187855823105949 80.9908818512319 91.44937527216872 68.28738574136929 97.36821465880277 31.533079464341828 48.052065466777236 52.30961020199282 50.47203280825116 89.23473595804968 91.05477094307263 80.8204554456525 82.08015798963434 91.93948530333036 46.20951296884357 75.09066021509064 12.018179967577503 5.1587865939054955 94.1222951272523 54.554249674742216 57.23609977906732 90.13681351562806 56.94900095111504 25.133508708675024 11.658988471778775 49.62196556688809 73.24179705401689 88.6498196326779 19.786613666802833 14.592704305640735 16.015004979798995 32.12463208620581 57.558229201399016 92.70487791557821 98.65019832732186 8.60696855753046 31.36209320702671 72.37232583057384 43.43605162001126 39.62078940787305 94.0574619969431 65.16200483576642 58.33925113243632 53.40769194222887 55.49018254582364 73.57946040979215 79.02858439974935 22.847350501082808 34.22121602317594 91.33997048922413 85.22504564175743 82.27018826705462 57.05074744449584 78.8652280621832 93.12665681946235 83.33378744663719 63.4087932152194 8.014984661832758 58.95741346510697 
96.71658955714403 12.796525391615132 36.95754462393302 2.6155815574240404 78.58943274661326 25.200786051824707 58.602616824271955 74.9473579710968 98.6575540002869 6.7675670970757995 64.16447763675961 47.34765645294745 70.0226689472358 26.00848919057762 77.19300089658483 98.1906128763571 30.196814059006726 9.427623757196491 42.80458608314242 7.018106103402033 97.30663141606476 19.694268643265602 1.8645957224408205 44.465483026013466 65.85883199796612 64.3505484257131 40.51739747283838 63.57933954050434 12.394585321501772 58.53105387006147 81.72966686458136 56.48307099738125 52.94265998597264 31.28490834802009 77.40714039471887 39.27167399771411 31.388071179923994 21.829073840223323 67.16453202582424 67.56801737323123 20.705170849731868 59.42485796705077 92.97283313909651 65.34863790019365 87.46097331292698 58.55793910802999 97.67779903704702 70.44788439362657 4.076730561591035 89.71547914390888 89.77790685427864 61.57496509120142 93.04260334481049 5.292215538567802 26.869633501119072 33.72932051844055 52.61248971429065 10.02062414553878 55.81242137420725 31.57544185515164 44.46296127842775 65.80862227946851 48.93522170426726 33.63909910170977 20.382383691419204 11.981476138185176 92.50105888644426 4.112688203830295 27.263270004822527 63.662942243743494 16.16556348645095 93.60818882649984 57.50298227874321 23.393867954336244 0.3099871049752845 75.3720372211735 5.37491523739374 4.074817187891123 61.89868990171544 49.276952826728845 49.014310462604435 14.932559715797844 98.90571229703909 32.3315961682729 2.3699232338570186 6.4485104350161855 68.37444259527378 81.4996304193351 71.80475359340832 5.050540667508685 83.81907715839098 62.295667300117245 7.986097120872316 93.85779666115114 43.945956666944 84.92620209852477 65.28721559905306 11.88152227713145 46.56750376964004 78.66959644951525 
68.12993896920013 50.82307595062121 99.10094743984648 64.73977308903453 36.52957562604009 25.973709561713566 10.188603100455406 18.05422211430282 41.560467258384804 85.70885142207553 35.74594364904669 79.12760069706061 45.54265873177318 2.6830214217426818 57.13831015386849 88.73801620007943 31.457081465743485 59.06970413887122 89.20657268445456 70.06389107003486 41.42877271130935 98.05384023836822 51.50661629857615 75.66505562696399 25.07458416371695 64.27286213712333 87.39705306865258 49.98248836872472 45.09398421375943 97.01544586789484 82.50408395850383 31.956965871505293 99.68847138216802 71.72552038190719 16.611988628092956 36.91757525731546 99.227230190027 7.722238876234922 81.17220999212742 12.066918282766304 78.0336530286896 73.03501072010035 8.39359793165234 55.690521871054564 31.249402809354798 20.86589548143909 87.27081473517404 26.643852791098166 41.43969102670818 86.42997044471218 86.92753380468724 47.72100440229078 99.9355314535154 57.787577673443295 68.29553868541969 24.185022004726374 33.865693867645376 9.77060928424609 41.42035422194679 57.04050587757183 21.413182789779995 56.21829404049373 17.578611137217216 29.55499329493594 15.038014096509468 32.47621821653618 12.911843345911455 85.08635230412987 95.24020923702471 67.47558767051044 83.42597348953032 94.44923243212624 45.89382558736108 42.69804748775141 9.975244758972657 31.854370681386513 76.26497055139819 63.944623560050765 6.243922280165282 39.8803778063744 14.533756185289048 91.0656532775837 92.7585795789896 65.98833025144515 62.97214021945886 80.67184370349513 65.60837031619536 95.76537573343545 35.88667715825656 97.33487689915792 89.82014205401858 91.38426764030572 98.017241501773 39.899283901799976 64.22986487623734 67.69153596092815 83.28975574505421 11.265540328460744 37.21131030802274 2.8878326768534857 
1.6530389709850657 32.36769289629192 0.7674755106785169 85.93968756138949 35.186940043003325 64.05701822653641 54.259801341202 48.66278161838908 83.75087003764885 54.21658139446093 8.444694140803666 16.84253977548845 45.148968365543226 71.66978440534909 95.50649082041596 41.80872551248716 5.120108617997898 23.309303595265362 61.42044880704961 41.556366152263124 68.4180253746879 76.36108023457315 43.24891707758475 88.80628352075064 83.82882085002805 23.811335288751735 75.86838196297542 32.324139646471394 3.1802034286530723 37.76281709631417 30.144596557063032 27.367752659538358 67.22878638561887 52.84983102093418 57.71750584104678 81.30826309695168 29.76885196156206 9.82982536729291 6.3272976970205725 91.27140131492347 15.387975712447489 68.08261620309811 74.00733884816498 62.07099517893545 56.00197259047336 64.98661791484992 90.48935205705043 44.75756727736011 66.63363393662145 60.00472422362115 49.81070182720606 28.78070060798906 1.8567673535541007 51.80073960810942 69.38318022441867 54.064604323380664 80.90907861611977 97.82060538421143 17.67723865442369 83.22207162718405 81.68446722726215 97.51086114490555 35.195112056235104 88.68288565694911 81.6473449396333 22.71014230557237 71.55082883311024 64.68840857698031 67.16858185397352 91.73774159493185 75.24465718327465 69.90492835436078 41.86480446734503 87.31657850782639 2.1139945513308 42.83412967622133 39.22966410030523 12.70616804082687 53.46234035045788 9.249783795378386 85.1778750820223 65.28450598657771 15.512436336511737 18.56558663785467 62.079741553441195 82.3060123638762 48.09922399210793 4.339829005010898 97.44595805271618 79.67601774488836 62.41282883196306 63.04835401260286 37.62954210332382 61.320514301101966 35.12124230274658 84.80808079182499 69.74371017368544 24.093170356989646 29.346980280735767 49.90909198099773 
23.451608348548568 21.149943486406862 31.74147590706966 25.814134079582807 18.36579656659485 75.33484985801634 69.29550288811231 60.71010652857797 22.50245256073986 53.358730976092396 39.54349660527083 71.74689176663776 52.567238814128004 21.416216582965973 73.46410584377057 68.77475515343643 77.80688196297454 3.374223716476521 51.648897141250686 37.69215696250136 85.7424734656839 53.7787946820224 11.205642528699777 31.44179298365305 30.307582727096182 39.66516511991721 13.382133234706227 81.24327803281288 10.7462691109101 97.51938566073652 90.04103635389605 45.8268156494384 23.083139384144136 94.72804105086419 50.88580549062457 62.2329016559054 85.05960737598694 78.46587241726111 12.73220259981268 48.168882611652755 60.137563896637616 39.209423445509586 7.139516622814535 32.96402506725815 96.50365890208029 50.9281147318165 33.360104859696094 61.840492937745054 52.964495440719276 75.492405418118 49.83539956750352 26.518413870899693 5.204984247793298 34.95198852448088 39.36105526014392 24.09901138287973 13.089192085556522 62.07528466452299 40.563472040200935 35.72055647748419 82.51507512881531 36.904722897824335 11.47440078730625 46.657662378057594 73.79140165725701 5.070610622553984 79.75993769877141 0.33525060536953033 92.58737264212095 52.21968637320216 38.55470265689275 90.15424864258512 49.21229779474767 78.15270675133895 66.87152613598413 45.07696086692312 87.31487565274352 74.12869512589799 89.20154286076752 57.5956814753181 64.04854985842249 57.281812446511374 40.18905221418433 36.00907342376456 10.33147673553344 57.21000729391973 67.1601043163719 36.856472736511606 12.03670152313725 81.53296414890528 85.80327131913393 47.91115618579042 30.78012767405527 9.580114163599395 2.4455849910090866 47.30931804301128 26.430921500950035 76.35772812627046 30.136176027938745 60.192370654258156 
52.55100245641455 12.557461759419496 55.144657247281934 70.66586232903144 70.67733028245027 0.6069246021593311 55.50086366723123 23.92915952999347 69.69272624255495 91.62620544557869 33.84703054654372 71.10581976356441 82.48794771562336 3.6424683775041933 3.1430926893781796 67.60530179775985 63.69985090880429 87.52815565363504 55.66026840695023 34.77252800079549 29.517443704410084 3.8664350716562823 53.21764169666315 34.13250932674462 63.37966278054519 1.3110091481009944 99.76099002360492 83.71310055892945 59.84579868572669 24.99549526474073 96.15262703917375 66.7296604234905 13.001453239898918 12.161015748689808 31.435567959308298 44.34126549944172 55.469982406357076 51.4088353538533 34.85486375907956 86.23878849787255 19.431408599813913 91.8481816266101 98.56345305846123 75.50105494721801 22.007806087256732 88.89769026861795 82.20943996313378 27.45598013803616 73.95619852244133 64.61215834855012 27.496250658620525 86.20942840818911 72.81704830104124 42.14460611357278 43.32658269056192 27.055282128444635 69.49842160836332 86.31691655057429 70.2856844676627 98.15599666009913 90.73299400397983 45.26057352912297 96.98897418229988 80.68374562991967 58.927019472053 41.70236310132823 80.21354014355789 33.037932898303765 75.62750567471797 6.708134192308767 15.752633126589089 11.805758464829562 25.16578142228688 83.56098946090438 17.576756982206355 29.808222266017847 10.992750354830738 54.938618385462455 89.15449072962735 19.874742317302484 58.80308161026908 62.66769742877679 12.680763475629654 21.91537444886985 7.7527097390692195 96.07159742755114 39.47975904994766 0.41038590818690546 63.90594617727214 22.29093245546696 37.994190128240376 29.61269756406023 8.5056097763887 19.944714111685546 44.542265403648585 54.559520011901064 37.74160493054096 56.11323420350448 66.41808137051456 47.41529006147789 
60.4003619118924 15.86199207992699 6.930840593394216 30.71875247577134 95.10963625513533 53.38933676751816 17.622734742384015 31.7828689836393 89.85017999792736 84.3687477907956 34.174889319765654 65.79699667614956 32.98781732214828 80.1699364346604 19.405304831892234 19.106530952101686 37.28647916056963 56.38126487019864 19.282280446771694 18.696028708244484 56.19484567044631 70.4192705710712 36.02126363358613 29.077612655988684 35.15617222096138 55.999297131711636 36.10269218562342 13.587171726228675 9.773010694756056 25.854615829829854 40.442874928754655 33.516755405918595 37.365506465581944 68.32958613396279 88.96948653864533 35.562253906426946 88.79397441172092 48.33582616930086 32.49780042901897 95.74128613973521 33.373563070438095 98.64846924680859 81.07331139736274 46.23696899752804 21.290755682971387 53.63305836539918 29.840939406030543 10.549067872105288 5.138534406107242 34.23173801701891 91.02049048053492 11.884736011735642 45.019088442703534 40.4007928406945 83.71266797755565 99.89692228862774 10.119903763793136 45.17984888219129 72.02936448844481 61.67921458794873 23.751211600964595 13.186266946499225 96.43656561659981 44.35175885006733 98.53966582612752 85.56663037739392 13.217693578105061 18.623586736990315 73.80529916810097 83.3004650287044 42.60976897681829 55.39254216462213 98.10571018770312 81.23958366785034 27.43425398831053 70.74472499212986 96.51356964511606 96.37979656961194 20.939083069175567 18.64119101564422 24.400474211574952 15.59994513908116 55.08773817413899 75.13038077171815 37.332278009987206 60.46654638682425 88.67597125664874 63.10059221172909 0.13801956421187755 49.69058329090031 98.42610394581723 12.387527133282973 17.296639030443306 73.43626766951665 55.603535475485884 36.47778911898053 91.49262604914833 37.91990239197103 25.719488677076864 34.09993831689852 
7.523885978311096 73.6002144991411 39.52864465765952 91.67051239614716 94.70205186641164 25.74984823811911 9.799808000884823 70.8632050772278 42.46752465180218 62.31095706773805 10.232281784832786 14.49517165202412 31.14858893570388 40.67615047314763 90.41016474342781 93.47522424362545 92.62593835207483 72.39928443654371 73.8313070365557 47.73441817634555 34.120997590362464 12.82892736273087 74.81721359126756 44.86036970333921 42.40846407014589 81.27054326347609 74.50469181678984 91.58240714931605 35.46050217920039 86.52178226472557 16.139573714933654 85.30539293295183 43.86207541391877 92.48851212678048 15.537398024679018 85.56591492954844 85.29393113819246 9.07749756990941 33.845435588928765 18.585253567579365 41.961766454370974 34.67496061847603 26.63499684174132 2.019377985736992 63.05714358103146 8.258479943400909 65.87248477879349 91.55693632860627 92.1677891570026 51.55300848110297 29.46217532436808 6.192042599446356 63.011859498132864 94.63006040559628 66.8232688186381 84.799428722441 15.952879555782351 81.96239298321929 78.35824221014066 63.06529264940311 62.45903486805422 50.18477998607792 91.68911728380117 36.87796724007896 65.00254412436402 53.67479929522339 78.1827491893537 95.95833342879943 5.8518771642241845 89.5557816256651 29.55576278872648 69.81065568944047 89.79159887128075 39.83737025658994 6.244380028449303 27.00030402140232 63.01166565774691 5.1474591766293765 76.74376630919528 8.315629700438109 33.24003782929632 51.87249143650925 90.26621411099605 54.54700140338397 44.64946231342213 32.51143723758746 63.836889343599054 10.41684346759294 95.15137652696293 67.66202077813917 19.340477294839843 47.62026718998344 83.39685607306299 97.2960632204744 76.05153344872527 51.986631163470165 38.13658809075818 18.84406543398256 89.82594253041516 62.44825521164358 
13.548886672954763 30.09749358174867 31.400354647012364 32.80315857583077 30.726772350444207 86.05042069336108 13.14105812111508 11.184606251817753 7.722220009020642 60.54053698878038 6.103209748591376 96.70089728520232 48.37764355852509 75.9128130975752 37.40597277623083 37.88473993545144 53.631762174731264 26.917320707355042 21.698527928967458 83.39223470059116 78.06902552521947 78.66607679982465 59.88655545392702 81.81732511806203 79.18878195014997 62.71199439025011 33.30825790013605 54.53835450521337 97.20241072256 30.17636577740197 32.193539656686276 33.18909927634499 59.12370428023422 46.33950551532027 83.50949668197384 61.64751647618591 22.49975502270144 27.22254808956841 85.18991327348897 11.36112879760992 61.33669145944336 25.42661967485541 11.26593615559649 48.37883819255897 49.60661752317089 69.85889000403172 25.55971417854255 20.634660552407148 16.17911719130214 51.963317567252965 30.372247561626043 4.829735162778881 29.102768695368507 29.68717246014476 80.99128190031026 63.684670803751445 16.869086747815278 89.6526636616724 16.864537889885977 16.38512412113696 49.623394935503484 67.86636184784707 95.92818890058882 17.719252151548915 84.24411361278909 79.78728956258443 69.84997522666708 74.7065050461004 23.79402349933152 51.68792914169506 4.840868249772489 3.4429393502271144 54.05406783599407 76.98060865156634 35.20875947439115 43.43908550966704 97.68228919435647 43.5450071692861 34.972172413923474 1.9021377949741347 69.99755044065012 91.08090726843027 6.621506452551806 96.21502938302777 29.469683947197332 61.12342715429996 15.509889625541284 99.2907443387161 90.70479197483306 96.59641187270059 43.375201678191544 69.53097935157504 8.046390503215884 32.642842939914495 95.13941306557369 64.79408921750998 43.8702004920197 95.9594573309594 69.40086112519386 98.07796581192173 
7.232334670583596 95.97600712961857 94.92966159919374 91.5493565467642 85.73771442084056 47.957917610895265 42.9959770295534 25.10184787867864 96.32759685396015 15.474350181708896 48.505352670511634 55.8005622470746 49.14204016071611 97.66196814821986 11.68493148844465 5.372377466971024 52.69528227223353 15.327988534312576 6.458814760655485 74.32625207749406 88.30893507885185 69.17436128385519 91.67045517519394 43.339050804893894 47.07999284066818 53.28827181902861 6.95439456584781 65.21801875159117 53.61765523334546 7.532295213426932 36.32928784094316 34.0518361067125 97.36501575813034 83.5810183368302 39.478630653692385 42.08798665801344 54.528671128410544 81.08901835838942 83.20514102191007 99.42492909502046 11.471365074214523 82.83853320810175 53.6893046336533 96.78336241585174 93.87979839361843 80.70331889121739 93.95210993727845 37.4216452192299 65.1017756307212 37.87856656609119 90.3164946612826 50.68620202169606 81.75386531961423 77.06496309289366 26.681650642842513 26.73858014203806 85.03282663050277 19.158299500128773 36.06874305723661 79.67650399455026 62.12103806517643 22.484282194017947 5.166237387942251 54.567173418276994 33.65824281912164 88.73152927399617 29.49749638824988 42.83674872811519 10.458914292205112 8.473966162359636 74.3528467881943 60.010768939830015 15.486584059950514 16.537134820274712 69.77290222395902 69.9760433754978 85.55355447228226 15.451239501263547 56.639362154871655 10.73533761840162 51.29636905298424 3.846970939256411 5.3241291123835355 88.0519365965015 43.684516172847545 15.888508069112017 48.367070670468635 55.4319581149987 90.65182088119349 37.70131318144008 4.2972902626658644 91.56809303993563 48.39706131169093 17.240634847917136 20.98231918415625 19.66919054052968 58.48231813265101 25.1599742750479 33.78413822293583 87.0259120076667 
34.064651606695705 55.97692696572379 16.320513982651597 37.71346948375959 56.428698304066884 81.19722674357199 99.77462668812088 66.50821386268233 6.444832919133514 79.04600903723265 50.46552956514808 37.895638625040604 64.65953523192499 69.0686354384505 24.786474688070715 90.47315685898664 88.43168406714813 74.10167183284638 65.6377125228883 24.10175552723053 14.860499258896043 16.977950278102448 65.1248657986628 84.83646399717246 44.207883869071416 34.817828872238856 94.56354927731674 20.966289607276558 30.09995242909954 59.87216962394335 94.72538558876066 82.42011736808269 39.9995935998923 72.62071242096003 26.78016366082644 75.34582325342541 52.273879224251694 80.19289999769452 7.533348572142662 63.845615234625555 24.637239167902425 11.166436270769731 91.3277496018816 31.651424540078832 2.8332984287489205 46.412148647640564 15.372623092680271 77.94995750979467 38.12532090443963 24.892038155761607 95.28306839068563 23.61775307648164 47.49725589066601 73.18064561088342 43.2570763546186 46.80243923473939 81.4243762519468 7.968135890493078 82.58712994327936 50.0870875578289 60.654551962357196 51.91685934639586 49.09778602419943 85.40042293034267 5.648247830182429 84.98131380747276 2.6202016963424835 27.386358161663217 10.15731158327775 25.66481227167725 19.75911006709916 91.1221612305135 3.879735227143244 99.67438773632435 2.977241453782875 35.87531051832963 8.209512790753559 7.048790987415243 20.41677689414101 83.01485631687036 13.80780162098647 43.07263604471419 85.8969060130253 3.243968589920021 99.05363452043828 63.15314916509753 99.17109269516044 95.99602234761603 64.3894113443379 7.324151688883839 92.79724157783943 92.13745389607489 79.1584940336441 16.155243492738702 73.86839450587041 60.0463202639451 24.739183653376717 76.58242887090718 6.371202570211776 84.68634555740974 
70.61146985101432 33.539693948144055 53.083901766959826 19.471963204281153 38.4499261470959 91.25932211417795 84.69508324141812 81.52067808301106 93.41814998234344 6.722061693997605 68.21904053103353 72.3148373227688 51.54721745291009 46.97646527721506 66.80304669276182 57.84569953295042 7.412612507883887 41.910069554028716 18.6664236240076 34.98843847749169 67.28114658243528 14.543327805368811 14.180811119218662 44.15753541103528 19.481411828557725 12.030502322970204 56.99555868139426 62.21777927059675 85.95833014483823 92.28999648557344 77.63168459197627 24.17685782194525 76.80440835001286 43.54990814427207 66.11244873963838 77.36135722004059 13.017334938147652 27.082819025535787 3.9679999974700397 67.57869854244998 91.81557228741268 37.01721213125151 5.346193810784971 93.19335866170628 43.55065169284107 65.35103423035054 21.98115411489059 40.09654204870229 69.586888180028 45.156395503140054 27.415703731401575 28.224149673529208 56.47630054944148 20.45250796159632 72.14330319482274 58.57879319087702 33.33847217606838 57.337338745721375 93.22968510327267 48.63726512822482 76.56224310170222 67.70672423881908 69.49389592419121 83.57577865394929 68.7780324021123 64.25295599098851 36.47299101010678 90.92094642119945 87.50669425310113 3.4231141606122617 14.164138608482514 67.03537615082462 32.97282098541794 1.630772024636451 54.9324747210896 45.27240545262392 4.277454328983977 29.252883181070988 88.99250863636688 97.685426761324 98.45715067400357 96.80703409808982 30.51547257336855 4.852901918096153 37.91342845282632 48.19245145632634 8.684490778902177 11.681028088526924 28.278655170159894 66.99149877801077 4.914038617850769 10.971786899956637 10.991396259482933 83.56662234839524 9.969599489321435 61.094845019523945 2.686387728966766 43.051025498064135 62.8680614358062 49.27762291048266 
6.961214600113452 57.31962434843262 97.20884759948274 57.82857226992667 43.16389317905133 17.640089478736442 99.9803611237421 77.03451177234155 61.55254238868536 88.9421243702859 82.90579237926666 35.52365644192231 4.510366543611422 41.50633152388301 77.03695124327864 86.56174123258673 29.456223306085093 1.3623643819610343 87.57424857448409 97.04941699062726 30.673044594812193 16.799308768805677 87.78551083436987 34.9149107528415 84.48345798004812 45.12953199188715 88.41583887765712 40.14667606370106 95.03393532394114 61.2105184399938 92.12526693481908 94.88660043329618 36.40587677002238 77.21748342997635 31.26046921206135 78.80503437380081 70.8540234647908 41.77285497604073 91.66135729134848 7.404788961705366 72.67965595104717 55.77696604821066 45.222868736011876 2.9519261656373863 2.57806226806081 2.1476209986422745 49.57683272697927 40.40706144821109 58.25677277954243 37.164444624649526 24.52832739632338 44.03154498867201 73.70310084011942 32.22721001488013 81.77540684794292 84.26880335142388 51.68657129235491 86.57566294937055 66.96074188066166 39.05180537471071 91.9138371273484 53.8815731440578 71.24807902726698 38.86345041385183 20.71070824492406 38.612074033501365 83.38610801312367 10.67743883695822 37.18796746609557 21.676634688950102 82.61676591540463 72.33296473507734 65.55466072566891 69.10824732305518 17.804562247124988 5.947361722640276 43.574607133239184 62.39274127758531 78.80805772929634 56.64661807664301 83.11885963705242 64.54838998401858 42.38413041649907 61.19442600174308 10.34894164151774 2.1712773579245614 66.81022637459424 10.026259232568503 30.272638776063033 0.40011820755201377 16.92928118348088 85.74570617019819 63.246234623635665 55.11760702242172 24.466602397495784 1.3161294231245346 69.4540644496282 64.69355525204877 27.23741924767954 81.98140578291301 
11.47828126878242 72.18840565442848 85.25847389794917 96.37540627107632 4.778819711480297 88.17396742177709 41.796446302092875 44.33054648073047 71.23548456458192 74.19156447022804 83.03059236318062 51.57157384563503 41.86123423302164 67.35595583926437 51.27651064416536 4.781552083982055 51.37763213223885 17.72676646639092 83.61243780824792 84.4527330231626 29.550601857212623 91.80742638701884 80.26906821253617 17.485834737363316 22.01653228144722 67.89484308548805 55.28836171018317 76.67700999957088 66.78590590529403 11.991399634173462 85.72638713334929 0.032544107569920655 11.693604209163 76.60407791013839 55.06973702562898 89.27716453747384 82.77207267868357 8.993819793712332 81.55461482148257 73.97255905127531 3.855587674329053 90.30154658185869 32.722216642195875 95.33852225542093 23.68089334242566 52.465461033709005 53.813533015044925 72.1699058516877 28.331457386899082 35.9576316875442 79.50127351187078 60.168367559999005 4.079723456663265 58.106076032134204 55.976129474253035 5.558648913654862 68.5136739156363 59.13183980800899 73.54908730885916 24.034913332492746 6.29108916664014 81.01891713615862 98.70110948786333 6.883474523399357 29.946936074245933 12.948034884498894 98.90595160524889 67.55398620606445 35.88632198368932 6.263723606502436 73.57147070286346 94.00200089686564 41.02749133945313 21.807236704289423 40.089302914723376 64.8015204483438 66.51636830405127 22.936337345253577 75.25226814588952 20.327003085265126 81.51620427831429 68.66606662378499 79.19350014917042 54.23002983276882 32.28286803082982 93.10304580311283 11.520689226783265 4.98664482138741 59.56843581308312 79.70902583807681 47.46348787591056 82.46714380804605 50.85264174040628 51.91778540722375 15.62157527851008 60.280867877302605 82.98392361516446 5.242662238343698 8.29544733347597 1.074361702851745 
85.51871577634901 0.2503451837382431 0.4015071886776522 59.01202133126818 95.37973359281273 20.639819361691746 73.61759169046302 21.344120960897218 79.41100459557106 76.15365250727015 18.674571560308717 9.267922292658792 72.98944668707598 96.16203018033971 80.60420130975109 57.213336868770234 20.05978347506341 16.498332060393707 19.272949544023778 29.235390994654985 2.791691918835626 9.488227628062418 80.67603687615947 11.371510516733519 17.515043336808468 45.102598328655105 13.235447014461277 39.622465959612654 87.67113849243655 99.77787707910814 17.740261167563297 84.64154680867341 4.224919658787751 48.68564514710636 89.58708066594289 16.267362263416572 49.315097386835106 87.09664977838032 97.62298572085696 13.711405338411431 89.87623880091475 26.972645522951655 45.16285881677909 70.51233613543066 24.548826613308094 6.032777455828442 75.64756050679887 67.2946954011915 29.40037594898093 28.279488742470438 17.928875222512954 49.920555428193126 75.81270770698553 27.332203398547616 14.311751922390293 55.798368504936136 87.34750898363939 6.90537320221395 38.25384649185863 76.91412652748194 61.48436304433458 66.38065605742914 88.01692050929954 34.575599533516524 6.8324080882755105 63.66139910897479 37.584206190226176 67.91137649184117 36.748895709960095 2.3607716377323174 36.802317629952256 5.842007691455764 16.254880420517903 55.86325341149411 78.97589591034374 0.541535776786839 80.72033119060451 56.9123954757098 96.0376430571795 49.33332253841339 31.99800444583294 88.11614377439302 98.93596863004313 21.514934488886084 70.51741058221563 6.124174494554047 54.02698196398632 36.78264698792826 40.307269532665494 20.22009705409278 75.02712452015217 12.72683889847681 47.9968615266228 24.68457575720324 14.477223781255223 10.295411402897193 66.55374125146616 53.52373065843634 58.688322089707945 58.173065743137556 
49.847254095380734 86.02046352584209 65.78413728930187 29.70015501604739 65.08440150468036 82.05464428727237 37.72457514567956 79.25547646375884 96.74657901319227 67.25133184767465 84.08917982418147 18.953283197117955 87.86275338265898 19.75454863135312 17.919055357614944 31.055494120732074 62.28668747596604 32.78735264395287 22.06017547658582 66.67587644530593 15.102851048437028 40.14725393989115 38.220654862825484 77.15377269925553 67.36767407656573 95.39933706689622 60.34902286567423 60.900727195840595 56.09984529139792 89.76764322976506 58.96008474409764 85.57411312249954 70.76537860115177 78.58875743549868 23.679498075278783 63.10769596546017 53.46020728794401 61.679749321428844 87.54769138269367 13.429792189475476 51.57509789492708 29.085920809336262 88.51833792174307 51.62552194746184 48.93471152343633 40.412095492243814 31.106067263688487 72.85039205082795 4.234647052342833 53.304475038984066 34.282677336473434 89.47822502964085 94.05735903997552 54.63836007270106 90.49061066925657 95.76729271410466 91.82988571749144 76.58029886407853 15.03700293566208 96.75419485771215 13.793295887254919 98.93155234340163 35.15114585468492 40.13590848620059 28.385853965149586 49.02297850431796 53.632727107641706 32.57612403409803 56.398922097160884 10.919798056223307 23.287739516274407 5.17283605993768 85.84660598105019 46.80792901995934 85.24351712318249 16.74989225054645 87.69726021545446 15.171855627373976 56.75381844038287 48.186009308579614 46.446912088877944 42.73733681007242 2.249497755294283 46.17052938719877 12.971761574874051 70.14048144232798 85.1597427692239 20.57599794786229 46.17892106785797 44.898007602141355 77.42346563913544 86.06338449313931 34.68159773630951 79.49181523923562 98.62993008691984 65.58658610753324 80.05691531047103 27.244270224242584 67.37221076179107 41.13862346563921 
79.2016711617419 54.14884068086688 73.66667507566845 45.382716562974124 64.88329472259022 0.9340674520470493 23.186113859902278 36.7371875585332 50.7903515674058 36.377103257550544 61.573789002785475 90.03398509767372 80.21890179900537 0.24631791170823814 60.25009946869061 65.04632138083873 95.98815935488162 22.24078607971164 33.8931643004059 85.98175510090597 33.26081111064252 81.90772726954177 64.16910967506848 76.46281965239142 86.650468878742 43.75726535276508 24.307417555870536 46.56804781411634 18.330730654174033 61.65713492473222 34.76118502390231 21.18208722150319 54.81736279643459 97.07828260081382 31.461712449289926 32.20431483821623 66.67711371341044 36.87553941824419 95.07132284552591 71.09117278728783 37.62378252965702 28.025860647315515 72.15790776067401 12.758249060346195 7.29410409625344 69.10991783143756 17.35917784688681 77.04386710637026 15.453084476222667 11.311057950856663 99.3741312380612 89.73672794632112 84.46048417711748 25.318980152389702 43.013808762035936 41.59601346063686 51.53711496417648 84.76373673297233 24.562928174325826 20.843004379124885 2.7016852786634904 1.6689522767410092 98.34850386684658 12.279154693356231 66.20596499616548 24.901422359814717 8.681095169852293 14.48632765157628 94.8780395085074 78.70756065856295 33.228897349311914 25.490616161553724 3.9904946790235485 75.16541227827335 11.404332282535456 86.82205093394748 34.102369092591985 81.74428471091693 34.48744286791958 56.07818541981378 76.78076677989114 63.15223506515033 12.97982478735391 98.9004011191342 35.19004687234276 45.26506114747381 91.07739891998202 52.69749915926475 91.24352177213918 68.1686022437739 48.16990488331104 16.501999403655187 16.344659025025432 5.209519030849719 12.919424389917634 64.02024382768155 93.70179283422421 25.437973543221283 16.739884453422682 60.23829286086111 
16.782374617161334 67.93889619141518 30.393947095000186 85.87131994253814 90.6798341429377 78.28685068738605 59.943227841997896 38.494986109688526 90.99817763733427 29.722746329613415 26.432398483164967 84.37309961974489 28.316422926215267 14.63894348586079 17.4571281877436 80.79662215946811 25.377059412722637 45.572588210603236 78.16045569370544 75.1748580395035 38.849721282955684 49.145304687418786 4.221680863855292 14.170446982664375 47.85330544900648 71.25058316746245 10.046390840971641 63.84557766241393 87.37678282193173 37.27860195498146 71.6357376801924 50.08762717484379 26.32100961571231 27.2813930668251 85.50770821998086 77.50815599837587 77.09084467870066 32.71959883593928 42.56255418737194 74.5600334848447 76.4989325803099 58.795347421498 88.92912533562652 42.79324330856781 96.19953243090633 24.364019792235524 34.59841432071698 58.97063051718177 24.9528202767883 90.03101890480765 75.04507174887355 90.19075370903285 14.727090903731888 14.277882339951443 11.05728586430702 34.21564739169707 97.9783432704512 97.32536202825503 87.63981752098002 89.87721719656787 64.40378105188248 22.929452736350687 24.124682777428198 95.7366464034709 32.04772288576865 49.41950455147456 74.51833297850187 49.097083865728486 59.84554920433444 33.025944771966486 39.63383927267612 32.020590707256545 26.523232526173302 88.90837097299081 50.70106087052044 26.176112819917595 44.22712450444934 8.283053285638298 57.91732027900365 94.14608245869022 84.34065271862566 53.66218967280814 86.79565272195885 41.24495928054427 67.65161879419306 48.45550081966812 70.18719627576601 48.95384486939237 11.365828823759028 62.048087642242635 24.49886163029834 88.75109761262704 31.419816812554537 66.95668977806112 14.896913836578063 83.41960396199227 70.12744943250563 10.779829587438371 46.1816649162445 81.83720047635103 
56.402228721730516 2.3955707047375374 23.53796975246867 52.80749340108218 8.629162352518527 59.22387330448036 50.510781308505656 83.66408872615294 58.717054833209836 0.3589077065894841 70.32453720948209 90.18208975735892 9.944173772438635 98.98983909073972 11.059679170033732 5.756393873527211 40.917194897026135 26.766995758915122 65.2191466748053 19.857233618455794 33.29543931168287 32.633530072634656 19.862214368857757 78.44905444064992 31.889394456842123 99.13101017304594 54.752561770932274 42.35972676738755 42.3245634865385 10.300637722287554 42.862023358124276 23.51275896374939 33.66869863209555 47.04008692212486 20.0909639678148 83.48605264647227 41.25256174878129 98.13922399472023 39.21078548155924 84.03646665907466 58.37129167376648 38.206258225496626 86.8035826472211 25.030242365149658 64.63558896161554 77.30914937579647 21.36850018553308 91.64515203800376 63.44888743958972 31.395386046093765 85.78389107477412 59.760999941947034 91.41875345142475 97.41653305714748 57.95887452749204 76.13085456525282 18.467764781491514 42.572197784711676 29.777477266742146 38.22623362592827 78.99116445855664 33.20140186230215 46.332980818040745 47.575198273179396 61.61560032508704 35.58756012003398 94.96975424547989 99.96309283177392 37.945320949760216 18.30662084578073 6.79427010068403 6.041494463637687 29.139190398843695 73.73611986521735 22.086585142979477 6.691652318421292 93.24396204835051 54.95626889489601 75.43811099226812 58.914535040908376 65.91622576861774 93.51242022274886 76.46098690137156 20.07035730151617 2.4975354734925292 23.371539590033485 97.5589358628387 50.96622909523798 50.36421019011102 86.89363695460445 31.51901410686806 91.59138081535922 27.055358796138407 39.752329908096996 48.57815121196878 37.225188045336196 91.88967376896858 3.477051045059909 65.13797702023209 57.193974977102435 
76.61364703934468 36.65263800308427 34.44591731707426 53.728396313147044 84.08078033670235 8.800382256615634 83.33006926323438 54.173972684285395 73.04350452730345 64.57785292726649 48.46993538431803 66.2330780546484 21.846483557451958 60.17309792121234 10.7045838110977 2.9675698272399575 4.142012042505128 38.63212681733592 86.52436143372397 1.9669036255186234 15.705327248477808 86.34684893434694 12.161809886724095 21.387479727402436 63.009531782282224 79.04390272324098 47.59196354241793 94.49464258013423 61.42704239422314 82.35313611839523 35.27174097793234 63.88962043044223 93.75635893897798 19.39774166541499 71.59266924476513 96.77940762779566 48.23004304236264 55.83633582595067 87.79073053192622 3.448434760884367 89.24185506097626 81.4005824478208 91.45160704733428 42.516588149006374 13.737953445106932 86.21020806605313 89.7692039415371 98.61898514068388 11.54915998133963 40.010542794788684 1.35977023100603 60.81863334192121 78.89830216179314 82.96602869010445 64.70356561263573 13.363937234532209 30.8986390779762 27.756391613779662 68.18044936646577 74.32876646545455 21.066495369463034 54.46044731366063 59.185417922895155 82.22356175836664 3.703158926791661 52.075835969779995 37.95451924708881 35.841807385499024 68.45819541170448 23.51120729549111 5.501219685429071 38.40687968973416 35.468354817269585 24.50070712491772 14.457748272141801 83.5101737148746 24.173238439141276 51.12885552712717 66.6355121033583 47.38207202084155 99.24098244687845 25.517224246735804 11.763219709598605 19.71322657758794 52.994201525627794 54.712568668534956 28.130827162842508 13.544285998466032 5.308483736135628 53.92940151226093 7.762018715391328 43.66807524644736 89.16276279928844 32.03819601598716 26.257419116617186 52.5389612267325 42.85291645019773 34.55377944647711 50.59527975380141 92.85994484479431 
48.33697018786465 27.366688106078097 26.94592730005031 46.81878746036377 39.26233510049774 83.07356931914268 94.95075053098535 73.37026680993833 51.93252282943222 1.0009970858530504 94.93611018670047 27.012443541442 7.802785478285468 51.88034002955385 70.17698124244318 84.18058662330155 97.051244077887 88.61959187596474 17.59477010126218 46.683212170952594 79.35399805841784 5.7313936726640975 7.1682438374182205 65.53043434875686 30.19980917606826 61.71470917455647 72.85597794949939 43.05564306494849 38.911955291242236 1.0509301588979558 75.97337578271313 26.40728005131372 8.001895350046762 25.463467682565433 55.73675538101392 1.2883107578320452 12.561402374700247 67.7031344150817 11.081567347233756 31.2466697187457 53.106862845988864 15.359964362971802 2.881314058695539 64.87088803136653 75.62147279920475 17.065317086209987 26.33832190747465 50.92073006848139 38.49809070469789 78.93648682020937 79.58697890331926 59.723589427553094 77.66752433444998 25.22922810936744 46.44464480310283 8.093087943462363 58.40409889204382 53.9019628474378 18.76493596533034 24.577121632424337 5.132324713210535 65.1586703542344 6.992619462337868 72.0184023650449 69.0155798353249 79.02576409155667 26.288914655947227 65.2112987519608 27.189705778089124 86.63153195643764 99.9904747550587 82.86457953356503 7.211459807900955 99.0950005298806 92.18492934340323 75.13041530875589 95.6238171506303 67.79437124369743 66.83029409769667 10.635830846682426 20.49711544731625 50.273432394110785 72.11522208395425 90.25350890360332 94.38709744370192 87.15768107667088 65.6514605820904 78.77468520431617 66.35789043616786 37.190105688141315 28.609512867021436 70.19764485871025 59.55008737103883 89.8599329768302 65.0529923776524 7.521070221746273 64.23099069227942 38.08585358155502 46.49668200776106 23.732340630606462 
15.346230341999089 47.02857331181715 41.107872364777656 57.10660714730659 8.29894407562951 99.3457973924956 61.99003800508805 20.98326454462718 97.01474093700156 32.06604285334824 79.63250762239247 75.86224230188158 74.30770072342045 5.74593803276453 69.87924706967151 59.96331099282085 56.144718889191516 62.68898527258939 10.664438373793516 83.31732034855555 78.61251010184688 37.74199472562918 98.28209924661273 80.00921421430736 69.2236016337904 82.54874345522266 27.101429778500762 43.368242326194476 72.65473507751024 52.128606456106894 65.40921192423956 39.70179013395114 95.09307568120575 81.2612950450209 64.45505201817122 7.594833871876405 81.07266235605879 47.39701496625042 57.79478381390907 1.8479512420391808 52.015603205292436 76.67472088274624 43.67191559190995 33.802536018570336 16.649498648263506 0.11936487176665844 94.44654415067771 93.10261453820905 10.054655045576766 8.202358494246543 3.9756143699030244 9.868558149082606 30.301639478257535 83.68773002673979 66.36803180641452 30.808616974936285 19.471795338963993 15.049741000088057 77.68259472971482 37.97010623772873 79.3103441147952 5.736011398545426 65.90629020563017 34.63279195143897 20.84373356665653 98.16348179623724 83.94498767795523 59.27281627499498 21.99994898879991 25.572820795133 45.37814030274541 65.5763011767414 7.602478055932627 89.73018377144629 43.37359173427892 24.15752016275079 72.06573594172161 37.95346366926675 69.42814507821979 59.937353846070685 36.70170001699019 79.05353713614537 40.49409041907946 38.06346279940532 70.75458841303094 34.51917781021191 50.5713749131423 50.804461838566795 8.112456310608717 68.63771964622515 85.98966902504114 38.026108818440306 60.1015481860808 79.23171507042417 82.37412976801407 94.65832190228643 58.85137332131143 59.30519996657748 55.683107808388456 79.98763907326078 
65.42540952595249 59.13141623220665 9.725710388989183 45.660462358610395 42.244431936141936 88.17711532724843 8.21151702505416 41.958287997782996 20.28647450438822 96.74690564996958 0.6543922321299189 45.206804151621625 88.12946270926008 68.34430410050386 8.34682149498649 73.10664056215279 92.10958473874335 35.48451032451523 9.140704014697032 19.32421193474445 64.70050536857437 4.057148805442479 7.915129572435786 43.85699152423936 91.67556898627929 34.325542710970446 43.38114744769604 1.4882140774767016 87.69712162804812 80.26233177514045 61.26808302957042 77.07192816460753 74.68421213497591 33.159570543240626 78.95548911596455 23.43996206909885 47.641814716838546 50.31465675778816 77.25935476875861 65.3982369704391 68.59190663886787 75.08180925131725 81.35072455217654 41.580613417598066 50.82865725489304 70.69202304058388 34.679390125808176 4.854252987797015 82.92704947077448 96.98272821681648 27.29488495912592 91.5212077756333 94.76628610156823 56.54171356348394 13.101525151888026 99.73681563763805 86.28638512850453 24.7580399706932 39.353751608936285 88.36618984439914 23.778344200212366 56.88610521825752 16.09260520357165 18.925899796077527 58.215357022347746 34.46715538286966 73.24365507908202 15.308718077613804 35.4645302804508 73.31592033163633 88.74123946390058 8.665103070647607 49.17562680174108 65.76827767301342 22.313457881480105 68.11583897574106 33.725371458843824 70.99916403585247 56.45679162710826 91.89606775880684 6.80288131839184 98.95820413610032 28.648856666344557 48.0817010104005 49.053838621463505 55.833840448322405 36.99226397658602 9.22499979399143 51.65802941427554 31.945000216358853 15.25211075270162 21.026894674598385 71.7969218642329 16.572619930918464 2.6441713634412722 81.59937434133693 10.67495666056425 18.481669212469875 78.75035179370892 84.92207705251414 
69.09032387253518 55.7475317241347 94.58255262947493 99.77299407365051 41.507921609451756 53.98892636826347 7.085567172573793 13.713969639649026 81.16935349820753 58.22284305071727 16.26421672698608 70.63747712377611 5.98173560789943 20.29519541638063 11.639412682271965 69.93189451259445 17.759181140717438 71.20423251167894 57.882395666146934 75.49834893957102 75.84786114427493 25.62199220849607 88.24595081015205 3.652926403355783 0.2475404258104108 94.53238683177132 28.805860564163012 20.373823233274845 79.04953277894691 1.1427740114924534 46.54546794545292 80.40385036440493 20.34306237534288 5.089150384018371 99.96070049410943 83.39441719422516 19.699043825446317 40.44341239766002 72.13246608576127 5.577967561668706 10.92229750432483 64.14434686462964 83.10783158352936 89.38153011512611 29.970309538779993 93.21239587546006 10.950977145030127 37.94496048831013 49.768597882782906 81.47139435225829 98.96938614179567 66.6830851522831 37.109846252217025 49.48889560201021 90.39032002610169 9.831862371683698 41.90596898770668 35.059853239490145 11.15711706660475 66.34438497669288 53.7692764740753 75.79681746016534 16.534413542626048 96.55333387068332 51.23101644403136 70.25301411442541 27.85590695890131 48.69231754424773 24.862494170422377 89.49296862594578 12.01778696000324 2.6692896006895506 77.1461131261388 27.138668805529807 98.21555221433162 67.41097109980146 89.15061887166961 82.65745222343168 83.94139453471774 57.64808130862528 96.89691395400394 70.02117390279074 55.40390481500135 6.186872874451865 38.757846751941706 31.854432348978435 36.301382527215 38.51330035189399 19.31733565983038 17.802938792484568 83.27453091376485 48.00191282596226 84.82134743576795 55.091382316814006 66.38391134239902 62.05235042435542 20.68513705494063 99.10345720434528 8.60198309092497 82.15209610116032 
62.47831095568718 2.3049397814214667 9.579170097029932 14.164923963628306 58.39122228817097 80.94403591512427 45.83784016016408 79.07026231121755 33.39327945920968 90.70150319545142 22.06770489455171 8.929480283752778 83.12578250896935 44.826283727977255 46.34060469806245 88.03086686987331 69.02888969541159 21.280696983857727 15.832194381338628 94.96587898406978 95.28441854301327 9.03255833009341 29.032623349895825 37.8149900526553 22.86314225315368 37.869795934576054 85.4477648076267 51.672279344337056 16.297342857211195 20.976452774454113 94.43711636077825 45.413656361173175 24.75633922741928 14.99729802625721 91.10403255635676 42.91442274909429 70.58482353847187 68.43143946692439 49.048468718854444 62.84762016478239 55.67079510989236 85.93370862622677 87.31192985535048 20.745442378909207 98.84195738723398 83.4658316356604 91.98889990698856 17.1817233004951 85.94646183521235 47.2276813207575 11.748483009594535 96.73431646645967 48.355914733573414 37.91217047828121 40.90462069122823 23.811970917680004 85.33558544501389 1.0656788936639905 73.69265176817659 23.481077317586852 11.058797466118397 54.1991376140858 99.0546438613804 78.10342454290577 37.99952114508497 21.783197642352004 6.5053626548032035 53.89692741300306 5.019189551655012 80.3741733073948 90.54531488366857 55.457044495366695 20.670827943041637 57.85577591680228 73.60684860173372 70.82736063468649 20.075579533614317 3.1448665616854665 15.66374800725966 74.88364693841241 27.183780817724056 5.6978218749829 42.404437401814974 4.596439187588297 73.3147365224978 97.76728339449652 3.263243470384547 6.163013075246948 47.576402981260415 16.597464203834555 65.62390057339293 81.05032500574232 45.09819159928402 38.60934335119638 62.15384378069251 25.666382084486084 34.96717183122253 23.11548240600635 34.49748652633434 67.67820652764811 
91.3399366922539 19.217359158585523 58.45113824317622 50.92035412776747 18.409488487833002 96.27649879480293 93.26177570096692 10.388757627978473 52.738462300896785 55.71389055461996 70.83644018269491 8.990408948070383 44.9270801598667 69.8805133844366 29.418474862648523 78.52021520124404 6.666278164831385 72.35501154900703 0.6814810521611259 18.762101408668418 58.93340958798733 93.26293625089674 79.21126810720591 60.66224571207888 32.420028565649176 93.0751294849736 38.990707875457474 92.19810745387534 52.23826453445227 98.83123058802703 12.77186485675389 78.86768497260492 85.53431134188519 87.84747676364171 17.114352803065124 84.64921387900397 42.844615724029275 95.70628452627774 88.38836165607712 13.83231773624949 1.8623622239140158 47.68840242544052 93.18536942510877 49.297393353201855 65.73889161814242 25.79664803552343 90.34903942263378 58.620782113531554 77.12670835356946 87.13358966539653 51.23337705265183 75.80908266949952 83.87778450412307 43.63376117505202 89.81472711646673 43.516742302391066 92.64289522581507 98.01431828109185 14.928727728514025 18.276791509631874 52.574710204551046 6.296289895547957 93.17286167871995 99.57546902781552 82.91946914836033 3.3619003653067026 2.9098215322259535 42.5271604430266 95.48905153478101 84.75169044076898 67.32634614778149 53.45692126444792 65.83727549812411 85.26842686858774 77.64681697788954 47.8736140739718 75.42132644009077 32.94315208135199 56.370363368899 71.11747683256915 81.11124071433693 85.53191087544862 64.79480768032026 43.39170197932436 68.11735804142423 75.95001315141536 29.11024497111483 92.93843151817079 7.737754186538426 2.9140166284506774 44.9896709478269 83.79528154641011 72.28463445982361 3.549788944522181 21.873534400915428 27.86938972059567 56.130760607790805 35.83842810637366 45.0396363802051 94.99164950958043 
14.023931923233224 80.50994145740093 66.06936529312553 99.16467447410058 55.64969906793217 44.35803948520161 80.46573468175853 44.393754688392505 28.879351027808397 9.937507931303957 14.948269381526025 59.29087314129611 83.22242702433877 30.21905630586278 26.3442664100653 36.06762480291008 29.709889576301773 11.014711473877947 9.015561306758146 16.583665251269487 3.766219976478691 58.85015465972001 18.404372639207356 35.79310336124693 93.58567280839644 97.4486967884588 44.551409308586365 41.2320197230809 18.11000360817715 72.1048073323178 11.333886746257548 56.116067492810906 25.911962210383876 67.96348225616842 34.690713083050426 43.16793700470375 39.12093083055972 65.58490708004727 46.24653067329064 56.4701966453389 84.98407638504293 45.16228704394534 77.51593429942416 39.439812192228175 41.73842845209739 29.373829507847947 4.263640089119214 38.446474195051174 75.17634889440849 24.088346090570177 70.61597498047908 53.64757454283089 57.61883708459029 76.00702027406581 48.16350340970469 41.288503063886516 41.96823196936985 16.81232619527624 36.564261906957604 15.017720424523906 10.093774226920582 4.5082751676188355 79.05145365290274 67.69177939518552 27.010697075819667 4.374483628154668 48.76913448492808 49.696364568804576 10.145341900237238 74.31981790015686 60.003840554802565 94.98504934020893 66.43603452577075 32.40968468258284 72.1496815709393 81.83842443404555 59.101306541228794 87.9542838086643 83.63900031663572 51.771860969362116 40.614197907755425 11.78341394266631 58.09012096835661 87.07108713266302 28.753373272205163 6.196776151011429 85.56836009526864 65.11046541777638 8.558784349053717 10.566884980400548 58.12590657787422 65.9096580836825 14.601684489818577 44.68508605356741 30.680786410616122 8.310154692202588 85.18582395121321 48.679396881993995 45.81460550657991 29.70392221728897 
82.92865520538987 25.696198834955386 24.213312347815318 4.42218503346149 44.628461215768354 31.52605206311704 61.24475619559869 16.69317277233544 57.40528923477369 83.96725152581043 24.56136837371712 65.50341423959911 57.81067274435745 83.95894822513775 17.635759556446462 80.7479751834613 15.933083455321995 50.37900842926649 59.78164195977966 72.73075490533412 97.48314798857103 70.88999791007015 34.48196723746243 20.37684270547836 93.42465901247323 62.33003816848449 74.74068263528194 27.44458911928086 68.92444827646528 15.883474350192817 86.69410916247652 40.57593373998554 11.226236379281374 74.62967024181854 60.86239479927789 28.199269671334836 49.51057312624815 54.056421423844014 84.19111344942978 65.0998767313542 78.88507005461223 69.73788398455216 45.427513308525036 53.89881531374314 45.35606472029164 80.61505100026744 21.395540572316264 41.73186463454175 38.96500525186287 91.18024297553012 42.378236207304795 58.09594226458218 98.22976688399062 81.3552423882149 61.08566922794518 8.131164309952654 50.61322393515777 48.966012141398586 91.58107459863949 4.53255067303594 0.9483701876793149 56.45529920867634 42.05741479269851 10.836103126592144 32.58136118132898 70.83755495055996 38.501108178926515 98.99978662851355 4.4508587710684555 73.88904487883099 25.049188611298533 95.000744438899 11.40407636096925 98.17917253647104 31.240725061946108 97.59582152979908 24.757001684284763 13.78741575288056 16.382806732128795 7.443292611818986 45.43823254971723 50.413490338029575 36.89599492618603 96.45943884889202 83.01298869875643 90.07667110481893 33.77360923024505 80.58440871212491 20.46578132905077 6.713498217323243 4.183801050097258 33.05760065311174 36.82736306778127 60.721314178748244 3.7628741457036874 89.85354534082835 37.56351458338596 78.85842191311816 24.292831840450337 54.105083175066284 
86.10034746473075 62.8999157624277 5.225687923402489 2.1414094540569972 38.9427588460743 74.06149081216742 66.91158945590287 30.194308345517417 61.54972526448132 34.441880120426525 98.40735712711907 57.87671603648133 42.462201368243846 71.59776127026541 93.38652134635429 22.213525398793077 29.136348809110512 7.853357408554351 3.9415449206255726 54.30530943716786 80.51689589592841 62.06012975552788 73.96340027270175 29.631432957934443 68.59245992024886 88.26036848297278 21.30318803130089 22.54981895723286 64.00665297565013 23.07162128507577 61.06508619472159 75.72638155312572 9.255902494763713 51.597311207932385 1.1493635330155016 16.02795157620609 17.086865009073314 30.282113504634633 95.5587859059355 9.838290939019211 31.413380408669745 24.368928331642103 11.001237904690587 52.80755338874954 53.404967151605035 27.47761689995645 47.96594305812748 31.721385656658875 66.35585174181273 31.313911249621707 58.720174569048964 79.47655828485989 89.52557309968913 4.6302111398732855 21.567878179661303 68.0758943814859 53.34923415490551 22.29823090091513 63.2311867571979 49.10596215072236 16.24749952765606 57.71679603785004 69.36030611485809 56.33682916911658 36.723493805010875 14.766315727277224 86.9468037079227 30.883940378286635 73.51572939474666 29.134754896671843 1.809852723757821 15.797959592995237 11.28328890576017 13.078244681691508 69.34451842087947 93.99921641335179 99.63148839509442 52.54267903737867 87.36570348493086 11.14913141322561 49.24325447450562 91.06102678755781 26.150917010062713 33.35185053923739 50.46354214075539 50.95425202214052 72.67950509560525 38.50502912446399 66.89107776601104 49.10212703926881 3.5856273293557894 29.66952011798265 9.36382055028676 61.913437156779594 74.48663557544046 89.00352084630642 14.18147850202759 82.11335559405575 2.1182040528749613 61.607453780628006 
33.49054185301436 88.57910627070979 20.101978124316577 70.05171545143412 95.46423520072027 19.693236087397036 9.191075215928123 12.410139217295358 7.241909153877623 0.5471825794842733 38.483337337269255 89.29784580803319 54.54934265802762 24.815996098901994 5.361689005983051 38.71291415949874 98.50353036230815 33.2384944873084 28.81558310804959 31.40709536576567 82.31248584334591 62.375278464628046 33.3169552620853 94.06156989115645 38.41270372043047 59.68040046872136 58.56869286193594 82.71952443011779 30.043895145052414 73.91073061884694 44.213152509617416 24.728120839162283 70.34264597329289 33.51034686907528 67.98277521410223 83.86819174771836 36.74374513145945 19.845566935927728 60.79437785250418 80.40080923028357 38.809832983565194 27.029488053414717 82.93324792934435 15.43560167042114 3.5672161519521794 75.56325454982978 21.742694903536364 7.326531892856636 14.00756187090797 13.134454002404938 63.12923316290148 46.72661200882159 73.622336985476 92.6514213471637 96.713099543227 16.48376638568606 72.66884859909553 64.95543725322146 37.598364464857546 2.7359291177110667 0.3237241358365006 61.6411373563717 86.50641174921486 44.364144044541085 80.96180659894227 72.02870142038466 4.411070763033975 29.388291796526577 12.505365038242179 37.56968089497196 47.8332572450549 48.94079704754556 50.120616624824244 96.83162433486508 96.59749678912999 62.12949662433108 9.495568972191304 14.694902699457767 7.12220474210069 8.401587601777615 60.51521480639388 20.50843689602995 41.210176572027976 27.946377488253326 44.35717259543049 61.6893463384538 52.82524562011856 15.225359018362605 74.86283219008008 51.6147386372602 63.485584445291046 35.893856907193445 78.4961887141375 53.64221801715237 20.673703427022204 83.17933838505893 86.284497085752 96.70895035475024 13.057676467480306 36.20721990768434 
15.841954656675306 62.19734693729695 11.33769969366475 9.815792605659556 71.90964170877717 16.618819818048536 14.176581720047587 53.077694526102434 49.80196514077983 90.15524496695481 4.9423297542440565 62.04608018119573 47.73192666802723 17.21108354238079 66.88551689335408 21.169506830453134 81.19447952914088 61.867426900914054 61.8936236592524 77.37023104964604 45.41940765372567 48.49244757997154 51.10910672237038 80.95650869202761 90.36202354318763 5.751072498798271 24.46747641890672 98.34015737106047 56.782175012026734 10.869971683954404 10.606179957318174 12.95650969231168 71.66895058090212 90.25217444539881 58.61462489916459 82.83463130009245 16.600592795394032 92.39902352737701 18.740215235170478 15.941438962591148 63.58613427969823 99.5853152601372 0.4348116498367971 57.7241736110422 19.51725232944851 85.84689254629745 53.02051771314129 59.20146312622825 32.565971626292914 60.578152480106006 96.77328376741714 8.503930357817591 91.69577359087727 59.40020550256229 30.367297104791646 63.9411883762278 93.9107645293166 56.94879910202657 54.39270672243772 22.47272092199285 62.94957614259488 79.84426835299153 80.05371978424391 93.88606019208028 77.83765990164774 92.34416445146857 37.17365839030554 28.03632941596498 10.043756646039515 12.042450443528796 56.278107834305715 60.17709841425578 73.94323628478602 88.46740893705723 75.79679886164797 97.71321310863343 66.87316712964704 43.543757221765766 17.319389741491975 70.63208639574205 12.270870123591504 29.622654598993336 79.35988052606491 7.420700585661089 22.21985860053357 8.146681409366884 23.228909303578792 78.45133481266527 64.18402113271007 90.00502816863155 63.382664948050795 69.61985852714835 50.79297747290722 7.247500434487264 29.011766743077505 10.44616195018685 71.24854229586468 5.0642165464034665 33.65292518508745 82.89711248076543 
48.25427716506543 52.801100379955 75.25075314372104 79.86819539949539 35.32715170415822 73.26962110058548 90.36663210416746 65.5607610250975 65.93233308355654 80.72248605167218 3.1260618891053804 13.917625806216272 28.089187420786878 99.60524375554024 42.01545491797541 65.83050371897671 65.92860621002647 8.557095420966776 45.78386876795898 51.008554113902996 3.1387654419745448 17.12244566117014 43.4747035542505 66.19812744696198 42.318496408451786 36.24802216599525 73.00691301617677 87.8695309054361 18.96448205809451 47.87868384506324 97.74482743333905 24.53744696982456 79.15046286799632 13.82829809354078 91.1402015074719 81.55742854093586 5.913763548453965 89.59036738412846 85.79961838402812 19.5416301340975 40.946383346573135 24.866351832294008 25.224975068304587 36.46277077204646 35.395003768649126 39.32793924225815 13.994210665984486 93.06606538936556 16.406252727148775 59.49275460076776 35.294047953070226 31.384653825675425 74.51060821018599 90.58132903610533 93.48603253441317 6.954855128696025 61.02036051437526 75.83639700808101 43.78163933863842 66.75333818850443 34.32407540551979 65.0238836205719 91.12182243182735 56.929069404087386 9.292048528644559 73.6982188666343 76.00084438207027 37.078712885638595 44.964232023033766 65.30291852092056 16.24382028411816 11.114914312851631 52.27420854171868 29.29060691764778 40.64185699508284 58.702685407678366 15.769751780052388 60.18499784816533 32.86829988493848 65.78989968791748 1.1226054648110328 64.87058468375798 2.2440553712431477 7.9336655519683275 63.677084204164515 38.38407901913033 11.689510377279932 35.9251581527958 82.36918806844614 52.09494883772178 22.59511084823479 49.641243270964864 18.054913685196695 92.40064407393513 61.362199521779615 23.102024761110606 35.6184855109605 72.92542340230156 73.0102020839149 61.389213147257784 
35.188284533866906 18.699936775961014 3.5158322091775385 28.38101959568239 9.370234518636234 86.91201969799246 44.44449885379503 83.18503441231688 80.61549833335592 45.557448893740116 80.95360612594546 2.701337331660303 75.67132878880801 78.68266515802719 7.3920116047666795 47.923887324137205 62.520927495464974 24.899753243137912 13.48941453835314 52.38898688374826 9.300279417359981 84.46727924156463 98.52394797590523 72.60542748684102 24.38685801311985 49.46882763432923 40.875878220560345 42.3516918475441 2.1872250228313184 21.484387131645654 36.01969402785697 15.40136539979764 30.1074881845544 81.63800380978326 17.276565944620025 64.53869261986243 8.77270048511466 69.01841145086158 90.54355021577175 28.652015287628384 99.7682253581979 5.207622187822391 46.73552034257469 64.24356016300241 43.008227557881895 75.01574981765394 63.82033612199564 62.86990548092908 79.2933635151741 36.50858684767354 74.0972301652152 41.82814367137971 72.7018878439478 87.02780604333925 51.76301559017021 1.8286145156450218 52.16532769686145 56.14186804296377 70.83016947297415 72.44581351448971 81.91198982147979 31.329031383771277 94.10542721968834 33.81491553517599 26.418539037158308 47.68214742463711 80.20702317683929 11.342056894570208 97.0919449617228 89.03817568323097 37.49328005779143 89.1223909279721 55.111105033353965 54.673682317508764 11.294723190049815 77.31063155135622 97.68951752526955 43.0708100398634 63.9865165845939 98.8646318221945 73.47737912949475 92.24653580265952 96.20742876456362 31.883329736888687 56.903508688307056 94.75128879275472 61.92619612279707 55.186116569918475 60.96457412957806 74.68128992808005 50.07557154776836 96.83153320585359 83.30106417278554 73.9122564183943 41.11897618046206 77.94894617238802 61.35653833451508 45.250382094245204 98.18409073778577 77.55763901156168 
58.99868912874046 91.30982466830584 19.2923798763331 17.97352854362506 19.187791748401995 19.664157350112188 59.732972167319254 84.95452865740654 95.11012144475272 7.182557573088788 31.77390832962902 51.91133219443187 15.651005008788188 79.44980272325466 2.6732517121234367 73.31115815873713 50.16415394030042 14.782366547854252 41.347173497807496 48.827852643096236 12.200971447823783 76.5912570646848 9.071542464806948 36.842418468182515 82.19557375232249 62.705468870516 50.23816175322583 13.573914370011774 35.05826909507784 35.75823049457871 15.456304929634024 32.42140267895171 30.212310114805586 64.85150655251418 41.18472992145495 37.02341362456194 58.81569804663857 65.4524679076506 17.598875720610707 21.0921765600243 45.741938727147215 71.83897812837438 99.5424954811767 8.25565693897694 72.35060730984216 14.399367527591323 54.182480724043614 45.94120001362527 20.160637635396473 2.7050826188538823 93.38022190336262 68.76039097175709 35.24628819038299 34.51308673414224 8.81228620581831 88.9055042045387 78.50776442880925 60.718117018206804 13.517836242748915 13.743674810081563 57.92549543202955 36.763263288555706 94.81964751441774 74.09578014729226 35.48912657901945 82.13054369665521 0.4601851747117136 70.61269705931868 63.699267960292374 51.27146704467751 12.31367666021127 10.212470834780218 34.37212739024994 91.70086534330785 10.179688197241198 9.717674692953505 15.934155888809986 27.965519957157525 91.9332414833771 89.6330055580215 14.475855662574787 63.8124216054392 95.70097705478355 67.42897100877776 18.540972740677052 39.11979276850125 64.75253035697554 86.74830947881361 77.9592814200885 13.017220462454638 6.440659987081398 86.62751825565157 22.988220521673774 70.10962289199108 22.793321214567953 23.126704008179534 51.61068168534856 62.832960958763785 32.25536020948469 4.686717294410947 
0.04327605024045944 9.70796261724811 59.597034459660556 92.08331689626489 64.34139681212802 66.62135064813302 44.151100917695274 44.023905072637056 59.44451523842056 76.2523909795922 5.309756975141844 60.23314515373072 86.08706743487642 79.37583637577814 8.607219751029927 85.29954067017721 25.70743765158404 41.01061108595836 95.73331306470241 88.6058815146609 98.81946074256439 4.246903159774551 77.46788873245532 28.342195479727327 3.2679821972576018 35.07256102312074 39.79552558598045 40.90063340492583 95.37202197920735 62.633024780316774 80.35440101279599 70.87753478721082 89.16609254558298 51.097251945343395 74.89280494724058 71.45865481177664 26.782275524962706 61.66542903404344 71.55132204405234 60.139342788650815 16.472717916323887 76.24248456400923 24.558151857858856 10.532229704366259 43.854177932483196 57.9147813785275 8.319661293823643 97.44078054344486 36.663336892206885 17.60553602966248 97.90775397273099 89.42781771521649 3.643597191311032 41.14792086688291 62.590147969669744 0.783956467887359 74.14113401416228 6.502966193841797 95.31925263512159 73.10159253668915 36.56998110691813 86.96276029322661 92.98977506104504 55.5859653412361 11.112969717372522 92.91765535770719 9.794826330459106 92.7854993886997 94.85739428258356 52.12949711493394 29.154710813857864 8.599495544735692 86.02125324712692 66.44120684861844 38.4622244250648 96.22195083586014 28.008015647977793 11.466243347135997 45.28272331883713 85.10614336955899 13.734841977054346 65.0398436680036 43.66684937354628 58.08530295650907 56.0112320642196 60.07719342824893 24.87822254416603 34.46057509227269 60.702119237042275 57.97189604383035 28.10804704587642 18.168197614203187 35.99145347688734 29.781497111570243 43.643051337461436 34.06360785350437 33.26933011498856 14.185041168515532 13.472692182017054 39.91096424313403 
42.99777844122845 93.56088709133272 22.466167725519615 6.842411878236621 62.36734298591324 92.52140164133998 37.01922042946957 6.852111018689733 10.638619844829556 56.85426939644429 27.46531501917837 32.31588495683759 92.76993932937677 15.058631858707816 5.565242400385884 99.57813384235439 2.26443827844216 59.52734339663972 19.03382428689041 56.32338309880212 10.12676010065473 9.915108557072038 71.33181148240938 20.75069014850046 8.401687664820312 37.345390163872985 76.84567625173831 29.494875414648327 63.97403580353149 34.84736145738781 19.097539699465994 60.789290711402465 91.14111389074245 16.77738767581762 52.77191874671203 29.540715333582344 69.92622480487249 17.967871391786638 79.11563410173318 21.78764363182042 21.18351179713196 41.9595103929752 28.66161521175339 47.43908801673745 99.251692254244 76.91134131395195 5.247007002813664 42.241761213172104 78.24609393843569 57.64621118433648 80.94039280024018 42.59930148668424 89.0355295618243 2.7775921608055087 82.76256607095425 90.16796465170036 10.532562310071668 96.97695877931484 78.97976334323997 97.07902827167608 31.13267585513906 20.17918971204322 55.26782790658194 17.18889054513214 73.9700446507441 47.886781782238494 69.190304365658 23.93363453794578 23.114436152458694 59.72192386774917 85.20296781852028 91.1656632014999 96.91599173384324 96.98873191519823 21.791860736622194 9.775696802995249 89.41153904693917 4.246297899632689 87.37143229482254 49.95431216570591 41.038166707347855 74.75640187931825 42.21385638340366 96.62287524069079 5.85684577567892 95.15810066734338 99.95024401692008 43.8646026707904 54.070856424060274 50.83460677495643 74.07886100499663 33.112208653376854 85.8308527227157 10.176233511512024 82.4351192075004 59.399365137006896 35.150436566650136 53.306377136888216 45.7225451730817 50.15903364943356 
11.213088054264976 48.825892382120486 54.97352492563833 41.85247875967833 58.43340486311747 10.74436730957461 37.20312181783865 41.138553613413805 16.342560181442977 87.00523742577147 18.53880131500173 59.34361989585334 25.699998550931845 40.87481306246508 69.75343058313224 51.66829204468163 58.190340122324436 86.95367964772541 20.398468223016653 75.8679057038206 43.646551363651696 34.68216973758382 44.62875336278288 9.069462557210384 30.947452594913592 73.9498863248951 54.32986280349652 25.93854300044218 46.569672670667686 9.782540242434813 83.3035361288968 46.58544019757226 8.231155677704372 16.067666823161765 10.03619250289196 8.40063886739607 10.14542863079032 31.894030885996074 45.97008077705167 2.435420763016072 21.112771203421122 68.31783826002888 11.216168669117065 41.9942658349536 27.006583403409678 28.232160017057993 30.292381354254605 98.7814326600974 5.170146467673964 67.50420062848134 6.740331260140964 50.244921038046165 39.82109443405061 41.65843138564427 77.36822278370612 30.686779790119047 74.76793251492013 89.12174690009789 4.387171031713699 68.25950868109229 52.57492656357369 99.41021879345378 36.852624810146295 20.144085217252638 7.768752877942553 2.6252339979942696 61.59221407065356 89.00595167872657 65.76235290081335 95.24005830784273 68.19581558998384 15.251020811121641 48.87839215388272 86.39625282363212 72.66315344638133 91.65459831674642 6.186845205864511 8.792508761388662 79.94883031597118 39.61188442407798 64.82817589564502 88.73689417080661 16.914175710793067 19.559481371644328 47.07569117642849 11.046664145568542 34.08984106953016 22.043119480707563 9.597606381658164 46.21814945590601 57.17260501711795 0.4576350211188407 39.21144659983619 29.65248383599888 67.32438556112315 61.660927363925644 82.88041307682396 95.7111959968784 3.1109805503563237 26.464527728989808 
98.7833649785656 72.98904288422179 6.312588285787246 8.42906225979112 89.99714269734194 41.429636479599075 78.85770717627977 36.44377098836953 22.661926747974782 36.772815414362505 78.77651120684583 64.24498343231659 36.457411184395326 63.31087289145435 59.339382335601286 68.32922543645068 26.79958163680306 42.044153709345146 47.44074910159897 34.64244788488089 15.374913442121995 78.06470914775142 64.80795473651682 73.97761579598833 28.46083895514856 78.36005441830861 18.759413387529367 86.18868485190796 70.93837498467536 89.21731575211197 28.005805206238954 14.129796273404837 17.984829046229745 51.02134839287723 3.382615837535141 89.65426860503169 46.141513780650655 87.47868275395602 73.42190003931793 76.05877414330465 90.78346547123238 56.16244507200512 30.315565455345684 54.03384070316528 47.975168872532905 87.76167273754976 73.09214222109931 81.48263985485013 35.27831998767893 32.53173737566863 41.7234353681734 81.4957616628498 88.2847124882163 14.180830653104282 68.39702094522342 77.32049574356637 97.47934212579605 63.7908300646223 20.335097361538523 98.33886925533277 83.4958642242901 69.35903614736728 72.30970193985175 26.86955329070978 67.90856150034897 30.160665488996095 26.398856326403664 42.03442117157687 21.41204711494066 49.37015296901982 91.54770745029867 43.9814634466201 61.57187709527037 33.24271191812353 46.14332173163254 9.431374674734094 28.286395970526023 90.64578122288842 33.081245691309455 37.81607901745521 86.68205899256573 42.84333084268792 78.69652231487744 96.20312344959459 94.3715555644985 60.174260342761656 84.45139151578508 60.75069798550889 22.836118191828614 39.6294206412929 13.416395889503418 82.61381819151336 41.150367876860706 25.32001589083459 82.35118034836886 77.02297856687233 54.35012305319012 52.443516332479554 74.58578653768593 45.68237698822119 
38.45062546090796 64.59140475909308 8.922780622850734 94.68559201297484 29.454633656255314 14.106409276683573 35.42507587188346 2.8223440745192785 4.646947673132651 5.685164546647615 80.22385669069402 28.45081215540346 41.05383186279291 84.5354568633999 28.375542636860672 17.035696307741553 48.152972479262914 2.1356060421102607 16.31623156028603 86.00306374211118 49.75152359113715 15.006682555893425 3.6066317237022805 18.738717946023066 33.40692430160179 84.89666427077861 7.430008372875152 95.35767550307112 94.84709183512639 52.38881174180722 12.700191850264108 24.298104917077403 79.55374540523246 50.184928409268856 15.656239858228238 15.843844347267598 64.00455085850537 7.17733854660011 19.464868194908014 56.35537967144432 25.026860974010468 69.91180104509111 76.6212994605643 0.2900350223970394 17.297832996737583 34.15678619450081 64.83372488418655 96.01776663203962 16.23274972768961 36.03286908584753 90.59605753390183 0.9898760284086094 86.33539963756833 99.51924638815561 37.79826499487227 21.99364584181358 3.541395446508544 75.14266287257865 17.493008101736606 37.02670086539328 94.16733984978127 33.26736103671459 29.33193861721707 16.750722155362652 52.785803920571816 94.64287462606782 15.204445854897408 65.53485873688602 66.67806238759219 90.72984148928865 71.25627013199141 44.77501043996557 5.473646534249466 46.81221650591905 85.73483813743839 24.475919202174357 31.16769462123291 72.0176565660251 87.00276900893678 33.00878232752724 45.914214257870455 22.105984195812056 18.580523631911795 39.50789266350336 22.82534553017499 73.2490463835537 6.223678538200916 8.545593609352942 58.46375741303762 8.013510020039949 45.80983257499015 12.525593416944814 44.79733662379163 68.37141652607046 20.204754369537714 73.66051471843642 83.09237933761995 74.8015886410687 48.29678331158125 34.450270878110636 
52.55350651690106 45.40832543816528 80.0331652688021 23.253696057171393 2.475563042040041 74.47200942433405 77.56145523381154 89.84662900595602 58.25477274620232 45.95961437525487 64.47362973542538 34.78538241953145 18.81351313901597 64.26133588948527 82.67019365807926 45.945379652419874 75.82500812627286 81.78285329964964 69.50594720056931 85.78050006998915 3.5813735119237355 91.01104174737581 56.64874445137878 43.64940739283851 52.43039809480341 27.284197506657428 96.47702329354048 78.98098064710926 28.413506729229898 97.73613425625518 41.861447883065516 33.10173552330594 57.069405636139194 11.746809742301423 40.82053075982829 80.22386871310707 10.324900885566922 38.72038557233309 58.80963943215256 21.3933670546262 21.976433491822768 60.12493738164903 8.297307753522364 99.12342554608001 29.472893602191164 14.466303573228423 47.802334127186484 24.989140470141102 57.542352715516856 56.231807624967146 10.709638812762757 67.63529015230728 2.6622825926863825 62.82796506464795 37.95239653803173 44.44974187736243 86.45499845687348 27.149426555410592 18.042549298243248 96.58084825550658 20.796967078110974 67.65483465316893 82.95122307772084 4.027964891917934 67.76274168202492 72.68844129016904 68.98521315487936 15.209945491306254 83.48126321819981 71.27468847018011 28.07515736015178 23.717388941004437 6.564317436475109 88.72617416557857 66.78560999206795 23.88002627342307 88.97399090416101 2.1437846563067686 97.87669134882144 16.331551678638355 70.0279550281319 58.25095317039482 12.391578281307602 14.929891929274008 62.69847284450443 53.992391595735754 19.013620143254283 27.19177204379356 55.44302873422006 8.940857253488499 51.83134776748457 41.82612455378371 32.511564896125876 77.79379569319833 17.66925752755396 59.001752552839385 81.00725131301535 61.10503573788881 39.7867120486965 41.66037688463848 
83.93484739621312 72.88493023040742 56.01684660012373 49.48704806696891 95.05264010001055 14.815669058429837 46.31195496829934 41.07558284338718 53.55109719225541 88.56673144848784 97.1812659034611 94.37758252515269 24.413277224395692 50.05875613195728 58.65164036504326 0.6992793598849301 43.76916789054871 72.51237009871848 13.151197410569338 33.311286727204994 7.638091490289134 38.73180973345367 55.11042427352486 78.16210977069943 67.1604062161169 27.311445981673575 75.09485604183298 41.23700811011706 83.75169463447291 92.31660122861413 52.92796857344102 14.779668861595397 53.569723808802415 61.4783242644626 90.53238522908094 92.894819991483 32.26646150710748 94.05509489581738 57.11213231620687 75.97580827349054 78.20445309350494 46.25267799935601 76.81810388236136 92.95184322521173 85.14894574676639 89.45665283832133 62.183521962597574 0.5254990120637903 93.9041087844953 14.52040892797365 85.3856533967975 89.37170997852478 56.44377653784037 33.964694678053284 83.7845551532927 38.695431620227986 75.79418738707395 63.18305942309724 16.20924868149991 12.59579375130403 60.258137707406036 21.61087887572123 22.10613489220198 84.36041722603504 11.527125511442883 45.30381687176798 86.93408259296253 8.114340562196043 12.809971024318589 43.48498614332581 84.08509994032218 31.173758849355092 95.3135292454928 63.35827029038813 46.12907061858247 55.00560381585312 39.24304146546849 49.848568068508925 16.32553265378479 7.8697031185551936 8.946831909219387 99.91802271066237 45.11502319069221 88.02113789228508 30.911945962258656 14.720549612457756 25.697072927508568 72.77609037151296 98.02446934067044 47.09529006983303 7.821382557853984 65.79534477706376 23.840238409971093 26.762864247018925 89.56336641677471 72.61533638899076 76.56871140968644 21.07661324084488 63.1246510818821 52.757423557947405 
94.05477107953085 55.294267924432305 82.59375770017748 95.6718764006927 18.25029925903915 73.07380276002297 29.121641181820646 7.323825302305787 90.4993723152141 65.26045311364875 72.11136326179056 74.404180025114 17.41795469859886 33.02024512307299 63.79064622619409 93.94936984643579 51.23100610634974 79.98857258879622 58.9306386812925 17.579472998911683 28.136959680908802 47.34070436309106 21.493699102602914 61.6151113649288 73.60152969127111 15.554345612764608 65.63759353634273 77.00929447347346 14.439874518971695 97.12271574389577 79.77299913953053 56.33110850612191 34.1281508231418 35.58979436165498 99.26572891787441 78.96400710796235 69.99252795457554 8.017746260562653 25.894667403911065 60.232198627781145 78.7557582253824 0.3598137804438628 40.32088011986019 75.34438203099165 90.37845130103402 88.20017631216447 17.59294010658853 74.844937134455 29.21420376952272 8.935648792640293 35.108037169042575 94.68839154642662 6.204804086991745 55.71230778597798 57.46791469067527 91.10378133407907 76.17369127675461 58.29342915516425 93.31331160008199 98.09134134122242 10.232992482434145 41.52345068298651 45.49000080324971 13.694679070212057 54.90137357280975 68.16586195825613 17.794146728530414 70.11743856295006 36.737052520467905 79.63127936783559 99.06417507918205 32.30417060474796 24.122313442495713 45.475241747400716 18.530900339006273 99.78096105253204 76.29293457596084 20.533503867548617 55.10718523200524 57.352136440336835 93.78789297717918 87.17588199236542 87.6929395092878 31.675117394317333 34.20184828640015 29.39808231988873 93.590801635562 62.7863166936942 72.45484111765292 45.334077961446496 37.77235339090084 92.32673699198513 65.75073806589018 55.26000285933817 47.0042834980289 3.5167011814186577 29.977961650500994 3.2737620954936597 29.73842441197665 21.85492826118076 
46.513058083404026 82.5728185732722 85.18913024489996 0.06797319896865162 96.21972773510862 36.61595523428384 43.165971918593705 66.01180316918031 60.89294442335781 1.4430390671626658 89.99929936863401 8.028062195992213 41.47982596448935 58.040129341273264 65.29070201485689 8.683408447661057 17.115937653402945 57.87551980307908 59.23997104730307 14.87098311325421 9.347807841437117 69.5956364883046 0.9446783629863398 49.928995236487275 21.869336381169912 70.35794306456741 4.338008752449363 31.73205558231612 97.68196520078854 71.39130111984689 30.325049938842973 59.63674289767239 72.79536557223898 24.112554808974206 31.197231166216977 72.71366659710964 8.417543500877667 0.49130875166115695 66.54915869980212 61.874048640859456 52.04022307473649 79.34324604489014 18.69163345209508 39.29963484083026 11.907426651303709 98.84552612143051 89.94913708336992 30.01053669744206 29.06218886788986 54.806137780373746 34.24965308277087 52.45637976536944 96.49841847596504 34.08236582968023 61.05914735071829 97.69190091984167 5.901861224997984 73.03176041480405 50.98265328715814 99.99896180235007 99.04625522353797 21.992332723700425 39.24836002754628 15.742677173593078 63.117708033440714 78.52697544415177 55.81068728260299 91.8001513544422 37.07244218685688 24.530347926461783 58.952818241036745 10.076133159501744 89.58999373689362 65.28477431094308 63.03873647090008 40.42063094398485 88.26607939075501 22.165025761197754 40.45930085153601 20.68933254544755 4.396273867661982 74.93003148819041 72.83648054871492 9.738475501603727 88.03377909557688 84.40297339661177 37.19431255127361 26.821542418647383 3.9615139090101725 51.82939356722179 39.07478898575473 99.15601293667673 40.80080058784479 87.31628771832473 46.47132053427223 88.35409234695703 92.68601625976135 66.49340900583131 35.971997036690254 55.96221518774319 
65.7665221416255 51.90132446692773 35.64938453621669 58.52981755218003 80.2542500390049 43.598987174424884 38.00314456429996 33.428719659534735 22.81740914969236 2.096922343893981 60.65626632081928 48.07020267960237 53.82770119301931 55.960384488841385 52.52526393663882 37.21763347989789 89.30055434960353 66.29014296961174 78.82918552801789 45.768356431546856 58.32489352160213 70.77676826956221 69.5718617480906 27.679210797531407 83.36094541850105 71.1377086497341 83.02631019571841 25.635949195385 42.991697340856874 59.48453897965411 18.26973054599559 70.61755778898285 54.54558131029324 1.5312398123008664 8.962148125359914 95.68221189630377 57.4650279708545 7.542499479119025 44.331166022313504 54.10249359378814 87.3775561011802 25.534391370383624 92.71991175679462 68.40316322299395 5.533091743412655 85.47802289073184 48.07477726101924 13.905649575567125 88.60324587328799 8.120065123573173 80.39402942828386 58.0591448301058 89.7952958745135 67.52231889091068 47.427984127142864 35.138989517197096 53.81569877591976 62.5357847870737 16.815901764134157 34.8188353909292 5.424913586435897 9.162950765758271 55.364314137287586 22.673823462122378 34.15739732180217 13.125363823064873 65.31604104804572 90.84781788873745 66.23769309475466 19.941700810645347 86.22865175712373 57.91848961428359 48.80546400057102 68.43501152268297 35.475699030219964 98.41987921589073 71.26947576825043 92.82592374748731 30.40354128982147 84.53277626366639 13.942477031700196 28.431976965901807 20.821138162633936 65.12910976361555 45.06598003938645 76.48152373604617 61.76970002621075 90.65725591477928 83.91601278765954 74.6638681120261 73.41364202477334 16.280996227659593 9.88786927251808 1.7756551653320463 67.41380780290233 80.23563562255661 25.290013909222296 17.186771725109683 67.28841322870942 59.540550725822385 
73.03422365964606 98.83728801684241 14.03678849874509 51.00823685340992 69.49115552306228 97.09030170125685 27.695456800985742 11.915686588896213 37.48755297733132 66.00375959239705 90.51560565742804 21.754755814581472 14.753275055948611 68.4476828756677 28.095615956651663 94.15388913642437 69.08345909871112 76.98143626197194 91.07177361049892 76.36441384423263 73.06305221178138 8.51902395341747 81.86483665622455 22.63036870201137 78.40808732940863 37.54862118039275 28.499687499936478 17.31161676792451 82.81001429153092 30.035884406657164 80.65981519493064 53.805776257088645 0.6264836569143895 28.128808531491433 91.90787299171019 46.115272302000676 32.84402138482736 94.3952494941477 56.398158114129004 61.33163239002546 81.44498729647688 93.5624299343415 88.42631644893513 13.359858332497353 68.64335355192097 49.591089026330884 68.80615727526222 50.881583517101234 2.4107733879066617 66.40521964720737 33.33297859122991 5.856396365497152 76.29649715528927 41.711550701914476 45.487320562109076 42.786614475545406 3.7516938527825783 35.08130620586256 78.05262633185329 63.52143713365494 65.00080088838558 73.82997779527737 26.464781168250596 77.55233659056722 87.95951562024538 93.21917128801488 90.48109103463385 43.55218657777995 93.78109344539818 11.117844488981877 90.15070581895714 24.336496012801067 12.31968560441572 31.498582695435772 27.088116939532625 74.47590675535074 13.131383460624946 56.0077382809963 62.695831589930386 97.46478789047684 3.590777520976407 58.33666981267994 61.25186702065983 67.65170126839575 17.28280742208068 42.23451032806287 37.672258377630364 11.063141289308732 53.036698516949635 60.74118808428939 57.27827461250148 78.80282795825472 27.800894778935692 21.58274029114956 58.04261252751836 26.884589481676237 75.01480697591889 41.65919227837461 4.558307323119026 37.15763728378258 
54.215330103505934 42.16861046738898 37.36870942000387 75.40883016838778 37.323081312545156 95.14916135317631 51.31631443374247 84.77730222731141 2.385291213148144 42.08433651950071 22.21285957769068 55.292625272329865 96.50942480845978 5.704756696539515 2.4025563410166484 93.64841653824791 26.30350958516774 7.233265233319674 22.684905115517196 41.249148592581975 96.34627238041583 83.05830051332913 70.5830477532438 53.11862641356401 44.04219380991159 67.18378288913655 63.08814823372116 55.43443021324259 12.673586567954287 68.79212558333802 95.77983778379838 45.253401482322545 63.54390057533451 27.870132011485715 29.61727124121103 82.41898285874649 52.8134049061768 76.08591818244575 71.71487131904397 50.69207219553454 88.96052298547625 64.9682867886095 17.061403103751783 32.822773246021576 42.75903416651992 48.92814652999237 44.410509355386786 52.58125364459302 3.2434799610792764 26.77500951314994 1.4654014571667373 85.6916482121818 60.342033514554814 52.11975243447946 71.99989664122118 31.163798555799172 47.68826236868138 20.418180965826448 90.70255946920153 64.69333023933024 97.58009622381083 28.398190304924732 60.30023867218215 66.6013883083551 44.136454644142056 80.22658595323713 29.911765512058818 28.2111376037107 60.4089816804013 84.00995916248544 13.60217861063463 92.6088846067712 30.538337638046542 42.08722084451012 63.752334715004174 78.41350577282078 39.00159018111474 89.05974087694129 65.12831606124693 68.4785826925588 5.57922050621118 72.61829165195576 82.42955153492312 19.377497315221348 6.8773270443437395 3.9642746164330167 76.61409627153927 62.07247755028567 3.0726245090689663 26.98600451817462 3.4441237877779862 19.344364280668337 32.00487610366225 68.33909638126632 21.46408114187388 61.360681757690394 41.82342109461751 34.19328213704359 66.01861782622498 57.18533466908261 
8.101498556043618 13.646268394771132 90.93683880941686 57.08408929859807 21.664083636553134 33.66852659748631 40.15402836768253 58.15570706255143 39.33200778191046 85.93120114499372 87.81147883675717 64.11945602582995 61.36714849675088 11.982556962043855 77.26959661653669 49.01543323451578 36.610505561628074 89.9767412789854 96.98902730140347 74.124988857675 99.13702317703031 13.52184579444231 54.379007087975054 87.59424673330514 8.708039991387418 91.20259014550453 47.481735127011845 57.04456447622649 1.3842707569795776 23.946183693231117 88.7560864628892 46.879515018999825 56.36929212977307 36.63824034399853 5.243452112745817 54.048744862015084 50.48548081562959 50.258884869817976 25.04314009674429 58.704923069672255 2.6414256009301362 81.29748389981162 61.29418011818956 29.490650083539048 7.231870189853595 46.31767102361276 21.755007043545838 47.11810270605241 17.618211401031648 31.282699540052906 4.591953506434743 74.45488026303907 68.66972302222622 57.61435474824499 89.13204148843421 6.505350568397661 20.802568839483527 39.9469734351284 94.1051535972396 79.4775583129888 67.03581419627531 84.15144258523196 55.29505004103103 4.551537818741103 69.29063113627784 18.44221245159764 69.53839405700965 19.015651837036362 80.49089804471214 85.24379609539727 62.655380117080576 15.113371638634144 64.98048033222184 46.98137059152599 65.16508174232436 15.243683787828765 51.354459327695864 75.0734554181978 21.533264111374784 11.084091478989865 39.00865630816352 98.14291413638045 16.219802589746422 73.75596121819014 32.54377632922125 82.82576592443299 72.93751847701502 72.32775491673638 96.61757786441818 8.545642445349944 72.30364824450876 8.752444384072867 7.920468481769271 76.23493105894585 37.459776174747205 88.76122513215118 30.65699183238787 60.22200110200857 57.25559502285488 0.2863847906943273 
57.24764318736101 72.36711633257052 52.23630615888178 63.66199474501788 36.92259040475258 58.01800063391257 39.94309634916906 51.151862635917 61.4607553855678 84.46921787418081 22.930624440567204 47.27995727841851 89.53490446058599 14.347876753991684 5.424956304247042 35.989329145484916 68.95530869272105 78.71143465819782 42.68995710045112 55.831264713592965 59.56160636625223 77.63160907361552 40.93967150287532 60.18729990039341 68.59455264106799 39.65177346463026 55.028717323188246 55.9523801695045 85.08634269442373 65.74341858997668 76.17232458328905 71.158317316992 40.14023704183338 68.25058023846398 62.59209631390653 19.69247236618171 25.92723555748284 90.7993988956322 42.253165117670775 89.56729634260097 77.80962046924289 61.263278314480395 8.752923463567896 80.12226463076601 61.2081528810795 86.61236043465162 38.941017105614115 53.09039760427373 7.6618065554549535 45.83936619612701 83.99489040792879 42.63744859749028 12.98589898009499 75.14204349827178 24.44460639140558 90.28253685807864 44.51655517456715 68.1558724908552 34.035283171166085 32.03482825963986 4.136433958422603 33.268820262699265 67.3349702638482 67.13166678089402 59.10869510476601 59.913343787348225 71.6403341752086 80.43926652676049 83.70324274743457 46.219013994812876 25.002050775118967 73.87794665761271 51.18124277847662 31.52251017793246 19.08634203113041 86.15960516057073 77.91101222343654 58.96993561183936 38.108603490003304 44.67593377057539 49.220387237194196 65.8097422095557 33.21964481661399 98.55166526057252 50.047682829740125 61.962802228599486 55.49453437786936 27.677915769419503 82.53542727440197 11.069449182032187 90.06861934275527 8.966444783578831 77.41805624045494 72.45162819264321 28.984819655525285 48.116505162176026 96.3868097073868 97.29150500978983 30.96078838892844 52.861640384719664 
78.57206199947558 97.81623908476763 42.554107137219276 31.96464128283284 5.865404680247266 24.39186274169025 97.0981912726473 53.15464210164211 49.01078942090069 92.167502910527 65.30112037231251 82.75108734858442 9.22609019792472 96.27446258160846 4.544127300288869 59.89509911220113 88.57344952417883 42.57295205702813 42.68602745682008 29.10959403901868 6.378851083952297 99.55256842731097 36.57440138858431 66.33518497078946 28.70835168353434 46.23085969324021 65.48384737057623 85.63981497528636 93.24043699460395 50.75764000549318 55.34619555884592 6.475703021912482 92.8310485890972 64.92094940351858 80.90706541197366 94.65811647423959 27.649766055686797 60.86389573708229 59.837697829009265 64.16613431912435 47.9727677269025 68.05983377006827 35.350552188716875 41.41641687447512 87.55015377238792 90.95666670514443 42.011599539472435 48.8367843941508 30.9222405068744 0.6893137553889539 63.21192569904277 60.36714491014631 67.14153664208338 97.87266929235369 18.15560083344996 17.941118538327384 57.0640658724116 37.72566514780758 61.240484489461444 75.05249489778906 81.70576788534657 93.64033634843908 37.35303905311375 51.186427785075885 45.11674708783722 10.798037215617773 12.86781491562513 39.196048095458025 76.80814801954098 67.54831284788334 94.03677902718056 6.63096666455365 15.973488618440435 19.0040890878743 51.9732250792942 71.5749298037796 62.578293767266445 44.67026856427664 96.57946287488286 13.725644569495543 48.84892383686908 59.910980811723014 80.5371136834149 2.250599135366438 18.773490887709045 79.67409870387031 68.87327543831816 83.37845427169299 2.934853765078127 42.129855780185345 79.6354092419421 72.73641345505152 41.32761728682799 9.74371643373969 86.85233414398445 40.119696331329656 37.7681698207674 65.79193818580048 78.22818714136368 57.68007410314141 
26.088815522042243 15.441489620649818 76.91082885811625 6.44618517379274 90.51403109175871 82.25436356759262 69.19561116643087 0.6391065800176898 10.448994351828144 63.33948771807195 28.170037672964554 94.42252314332731 93.36747581276826 69.36385642101179 87.07431220245748 81.52746764818303 18.568301938045373 29.24764401656693 95.54734791392535 84.61758136949504 39.27654427354709 83.60643328801848 86.94732613977644 58.31142582455826 80.89769878017668 25.866983548764143 95.58040159913735 97.45431622411434 29.190080166858266 75.4711596152835 88.94073274998074 50.532838266507476 23.702752872731057 83.6960077080488 21.959493896395678 87.05102369679788 59.033297291018506 79.35620063749263 77.78009446273751 57.237938486900866 49.291773989124756 59.018382146896144 32.72134604417638 12.632204425190618 29.61426594948594 14.345192338552915 71.85984649855726 26.889776528143905 52.65142224927707 67.80005999215867 86.05738947725693 67.58709327924994 87.66442905902142 57.18212431891645 1.2787439918290677 21.842410384263246 45.19291606987378 69.32393404412244 26.689659526928054 71.25406125339995 31.216273251640803 73.77281650117317 59.29450340340099 44.955007437313355 81.31195304785139 48.39017607367085 49.767460023197785 53.50894431095985 37.52128956880168 20.54114052393482 16.65075652300353 20.92395097190397 8.465483032158417 69.91037849105582 94.2378949338089 87.23545552567198 96.71133636705483 51.96810277389082 13.229440204692045 49.91109935824147 86.46845214975305 4.723605091608285 42.64339782009044 48.75581786617431 59.406542758894176 95.64191531914194 66.48176174228978 76.04630116312286 46.71363096386148 50.46250116961698 29.299397712773533 11.29970318772714 31.472855522280984 81.14716498817006 61.090836950975394 38.38231452433375 87.01768799876568 96.29758237169449 83.80523505145703 1.5896557552321666 
74.13239238949167 34.121243365394925 9.31915650821582 96.88023777317893 22.79657338037072 5.387801171853224 61.84145064463403 74.62106127493769 92.62967857173311 71.80611143983113 96.49399177629148 51.003583994378076 40.27341033466582 13.865567709081027 40.20657694018384 86.71485540508739 21.656940606045726 61.423569873435035 51.08384723084088 93.49911470369359 22.42195854827078 70.18428885191025 78.04655828853072 71.92103793831276 40.741527675415604 27.702127252106223 3.819132557490479 66.94258693920683 43.348798704408274 63.65660297582809 71.2299212927357 51.85115160829801 77.79865460518357 20.883618659481694 25.310117582571312 15.627501379461862 51.81738489993825 16.011407845634483 51.82183012336091 34.017837162058974 84.05252253056935 81.53767513212613 56.61534682527868 50.374988648057005 89.61703155535015 34.79780022900903 9.610127775805521 78.75960502391341 88.52898536136662 63.51217472957271 72.21361930558578 68.8429832577229 15.480032932355758 52.46408647321197 37.63652124475245 39.82891805614901 65.32286646740101 1.3478256967078606 39.83263812463559 98.91277243457701 30.249979635803605 99.93994914356787 28.686003397786173 8.72174287880152 71.8430750843554 33.48496253306419 66.58749729174106 57.731064060186824 24.004426256132525 88.54991330943808 74.68767026787911 17.826681389885092 41.23861270745118 17.590713642153776 45.882097648730905 43.98571387125423 90.83503189855614 99.0862504754526 45.98001835116796 82.47179748017756 37.20862418799668 99.33466533383181 44.52662583815818 5.9931928246178545 81.9883061485116 1.8694227655143059 52.39388286489187 86.94728709174773 4.399602426742566 20.941114542655026 94.52422467395407 53.17597425546333 93.07004571171979 56.624188221010805 13.10613060917799 44.582090968108304 72.59287232179112 80.84607750353469 78.97998066540521 3.5079239716123256 
6.016653137976968 65.99953166056565 87.21722144888872 86.95259153965877 97.88548894203153 80.78715047293856 26.58534736728242 84.50582597312241 31.536404240573614 81.5604965142227 42.005767705435204 62.30152681991468 49.06767632890596 21.65435620932925 54.13112956194103 30.345200700816854 22.72381315215083 86.08007686398882 60.813237512268124 48.245208366949214 72.39990687974968 34.43011476940254 21.502176003484696 42.67848666315708 55.55022644894149 0.9592831015899472 17.511893425989335 8.847226104433615 92.9927737925422 57.54642241492306 88.60685581092352 7.7337624616447105 96.93375579612933 92.60349647694008 69.5091160720855 51.13670097967014 35.992770681416 96.98743008584347 88.69449827791439 87.27209720050134 6.091682781447105 76.58326394613907 46.24123317449176 61.14927495852663 75.77710327561131 30.46547468712364 57.51389130258209 25.981677243548383 39.87846252608265 43.40762251546695 35.10995680932882 24.56889709949236 46.36067040802339 41.99873303825253 82.76596530588711 42.88681742060314 57.81244260367841 54.738117156177736 91.8146051113759 62.048595951822094 71.21830418830216 98.21862698375328 63.30379434988336 99.34999496055819 47.4944320521322 83.87160223161828 27.03316582508124 34.288315646439685 95.72543562391486 2.735063831997242 92.53303610892527 61.245034370028264 16.121242224390663 99.31997486525583 46.40538612431153 96.9479560056781 30.42030166116372 89.88768606914905 5.465938679877514 97.87953608618987 18.797317126608426 15.31495179782385 45.77098111037046 10.473748429765417 38.29078018835672 44.211209300162416 53.88203215909615 85.2447225712395 19.347586165734953 58.06602847641488 88.61609102324942 34.91608627945018 24.289047204219937 56.94302906917075 99.04863520740884 6.170790951805383 4.334675581353531 21.599725218207343 17.6811250241825 64.81693331703686 
10.277104695788609 55.9011479440444 36.45430868696597 64.96590340242916 95.9835675254092 12.008270367526064 77.68309401732027 84.2449371208635 3.6063711936907383 70.06063257472307 92.00836498450673 59.116958765691066 34.71686914168184 3.9358126229364188 51.10558005434941 47.0563747607825 92.53440664586074 15.156636463875516 54.159570320318196 75.63024457059797 27.00380668567346 58.130343000452264 34.00945894597574 12.460052434270407 26.681946441261406 11.642204865018025 31.38716281353461 4.590104746169599 79.22605413764359 73.88936571043538 3.8174856261368184 90.96428411555335 65.73331994994176 71.3289057422823 49.5173019963716 87.51377211073222 63.26353593637787 75.22753790234367 56.02590285128706 80.78407315254807 4.583411274674109 14.038462228770875 28.31809564474177 43.080436113803685 84.50332893264296 54.59433767147354 11.796158193705498 99.78663452999244 8.134283029039235 0.5934968278580866 1.82631142220806 37.81272992880815 47.974786053577525 22.96989758040904 23.379884695762964 43.05335714664922 13.944576878777504 93.47550840513638 71.85889312768929 94.28871705925914 43.31398964063684 40.1671651622774 29.33025026066618 21.13635798106027 85.93482581737817 81.4782108418175 9.162427041835208 54.462533989500926 94.26070538111497 24.16845389777552 36.452815500396405 59.08773568937351 27.351794147898577 29.68435961269462 41.65367741742738 40.67179213944686 43.39090530778482 63.32456624963479 30.449017782347166 61.339658373384424 86.19498535739216 41.094188453952526 94.20429414041382 81.90987553783697 67.7880211009249 80.24458577410145 42.20539660846264 72.51339231725652 11.308425660298171 41.23358461910615 69.42284811477884 97.94125311967265 46.356041615815215 21.204456563164776 21.68171904657461 89.23543995867509 42.34085073118518 22.070121163064094 83.88730410337828 58.83793833706065 
24.477588302822706 69.90250440658087 96.35107936954621 3.038852914705381 41.77744438139419 6.565074007539473 99.28105901079351 62.515212753949754 46.72007871786826 9.389996320740668 16.14514726813965 79.42788609293547 2.2462187020128033 20.18956532460473 12.885657575508558 97.84474556893454 53.293109555221704 81.00486973663008 11.857652949319297 3.1841190578776324 87.3021747419714 80.73292150353534 96.88334549496034 85.92322201131918 60.96018802686813 14.136773442472439 18.95926783968803 44.992136922460745 88.89239061316299 42.731410334538865 0.922535442921324 17.07462820083482 74.10793631486968 25.651519535804745 43.77695952001343 29.462924501735653 9.705126172488221 57.84545536026937 57.39936611933232 26.164289769984528 96.6758941956755 12.803093695984169 73.99100419745778 9.633101016354695 3.6060859573205373 37.513457010994664 53.908417126057614 73.80281556469946 40.650028916585036 88.46133122751507 60.402724165597455 78.01809469370923 32.3649839135313 29.21036541297405 62.315770984551165 26.018048937686654 51.82310350034937 32.48340245990258 21.926128343439334 69.29740616097 21.875486772518617 42.639105428649856 38.90749626477684 49.9731652841651 98.5250192636381 58.057209739016656 50.75652706881007 34.71006817355266 26.071713143992692 87.18298317199118 35.06669322248148 68.309036960822 94.02623082623471 16.844838850614618 19.66929402191937 93.2384513183116 31.744388277760937 6.947208085205691 82.93224669467949 39.688994551931124 48.31741421673852 91.75419020780593 18.401875511737543 89.65850609864884 62.45977568191133 24.717660565216125 45.49236879086084 58.1241004080588 69.9684513339079 51.1669006056105 71.07217455244691 14.534597746363831 64.78451013755333 31.165004208388403 45.566102206813554 88.65706416635727 63.76990913424835 63.45068608980089 11.586433059406975 66.23704875434676 
85.0194868251272 80.62229873894012 13.125876384327073 81.98293033397432 94.86009394131547 95.58424878067633 18.98974778753161 60.060488105470625 69.64589012424823 79.76421045434225 15.414258286403404 35.58465944794026 15.040842111001352 44.722838710881376 39.712342596460395 14.52119297230048 47.68650115587707 80.51597848831678 59.30801310804218 93.96171724684172 71.98514607472556 76.53262767402063 48.66469615757715 69.91147641443327 78.18543840929844 13.5202195686402 80.3826055163558 5.529820934791674 47.03975985846408 69.12200625974997 26.13469760614777 19.189295672215977 71.00940421253226 23.489734785761986 58.13027685664823 78.7699383465538 92.32588831494373 86.39791562355367 52.4399150975276 56.28119642347416 14.17360256453013 92.77442712647982 21.78478644990437 5.20468536903993 62.84111385269024 29.675373595662226 47.288122203561855 71.87669384125105 65.89544355609083 64.47044485990709 36.205996376748914 41.780252445767786 64.26565223327046 41.36828805086843 5.799185734581025 51.79225126773077 94.57914550860923 1.3996975279354062 82.27737222710248 70.23195113025945 62.176088985242636 59.58969255678072 8.141486000146948 57.98295659728758 74.93438209508898 42.28784845155658 71.26956356437475 76.01154802281236 23.36970514249076 47.489530749884004 4.735930625641805 97.28002514633846 73.43207588677848 41.46892976018904 57.62316862091883 14.354480781914036 85.00253416970206 46.15812967235327 3.980742623610767 7.932264120669674 81.30047888433806 3.4446831103149167 39.60380748550939 56.065090017119125 72.24425654748934 24.923449030913247 14.45012183491141 19.02961628204349 78.26467202427825 48.626766885166205 62.2826507678783 30.59801167355034 10.153055253466093 27.870266727256865 18.519892638297332 62.886906748885174 35.23258324138394 71.5899516682181 62.29549149322536 9.01380634537131 
