100
2
0.61268774591207 0.11225170058761325 0.6668693493588854 0.6452733762368981 0.03572803240368505 0.5560655306770317 0.503370228507676 0.11516905313364734 0.7083789580970886 0.6334480677428975 0.26233887315732307 0.8762045915793383 0.5821985591821144 0.07255554724262914 0.06558181059093493 0.6022953471995954 0.2338143529939487 0.863201534042502 0.724623270830464 0.2349683081431947 0.2666380658886025 0.7634299622089589 0.19554553017236576 0.07034754986145497 0.5647193513622145 0.7577837110623111 0.3021827117625957 0.008116662114383444 0.21480993699591355 0.29530207334014247 0.4368049804761024 0.8124637899328143 0.3629033206931105 0.9057883208523487 0.35075047815599714 0.08364891997206625 0.877961933369579 0.9696465161422931 0.2070325086541045 0.3937143479302887 0.4582375021835945 0.9995944573757896 0.7827699961440725 0.7009934843102711 0.7345370566112518 0.7818173716766609 0.08135919587981211 0.7254549750625174 0.999981269663983 0.11963494273417197 0.6426255240618606 0.440552628379162 0.42724790984570415 0.7245120693923791 0.5237639277758271 0.21713367516548499 0.02198771349230555 0.007251134873451193 0.2646974024114487 0.44109168205036975 0.10504625018186386 0.13646239883261535 0.14855271489554023 0.6188323463256771 0.8163197398689496 0.7519153981792162 0.7212733400292421 0.08325362077570742 0.9895187165478448 0.14713382858393254 0.8439597098259728 0.41782465285555626 0.7598083565876095 0.5686025415016464 0.517346916664102 0.6274803257582673 0.4352400928542398 0.5182143196627939 0.33990098377420597 0.9024312337902233 0.4880837768825561 0.5910913381609832 0.7393343815925277 0.5446220256987685 0.003615440362915945 0.43267394346772503 0.051912352742473744 0.2564533727005879 0.5616111688504318 0.8569776187386083 0.11474150217460699 0.5275157934553796 0.31974207923597486 0.03217655854629342 0.28330272593622396 0.29746673418081804 0.018261898173425606 0.9101798947423092 0.6898109235787169 0.4218145409246583 
0.11225170058761325 0.7318228947031473 0.7536248935583202 0.11755367791435678 0.7222561055408747 0.45695175634590546 0.6967189517967621 0.08218212885482656 0.5643478995718978 0.042662342703054135 0.7656199703095198 0.5829972312160079 0.972672503192741 0.5468772829016857 0.6795527355262613 0.5155946468489014 0.26729594563077896 0.8327759375326107 0.05561656441427121 0.9218025286213423 0.08519390263611992 0.10688147267832837 0.3482474248883394 0.09366596383890591 0.43645725425816795 0.14464497633961648 0.9685554511971992 0.045302822987181135 0.13747092918046666 0.14948022248481507 0.5492664557095657 0.0197755239923868 0.5618923087191843 0.5476474245538369 0.2477542610521417 0.5076941120154408 0.15513838832951943 0.5340804580317033 0.31265818801649004 0.7200857753372321 0.5692238457459241 0.8531962924085257 0.8788376099117935 0.580136629828367 0.5921745764622235 0.12392172017319636 0.10092404696824331 0.07673183261010263 0.26987500668277353 0.999616985441241 0.2874881874855716 0.25729030664170915 0.7480887813496342 0.5912718607475961 0.6558478235331832 0.2282107211247134 0.398526883012277 0.8762944003323572 0.6917998488986042 0.27831568408129703 0.7352188907899532 0.265408530208022 0.8690678082539036 0.6440016016611063 0.4760763780285594 0.10662145013580138 0.6600139826074541 0.4943713452801015 0.8594201223983097 0.6679175171117981 0.352172809321444 0.43044826089305754 0.9863759509005238 0.05928014043770635 0.17442055040276527 0.16463914613556585 0.5274260105224801 0.6298392416807796 0.6321033781257313 0.07493505128792532 0.6050363064528573 0.6073862620993183 0.7522046923948372 0.012908657041576843 0.04416298369612348 0.13519469446902077 0.14763930095366906 0.08538742343504724 0.46857329143326154 0.40502924680294505 0.42402065787076204 0.12675179600105868 0.9133000038768528 0.28542184667857273 0.472755015278035 0.23212857001312182 0.7221803362654209 0.7007382138043803 0.6210738282592578 0.03131911458762193 
0.6668693493588854 0.7536248935583202 0.5043140718894955 0.029254158435940814 0.4426238826487313 0.34912319769281397 0.8344075018904509 0.9574055827472361 0.2714924068273219 0.5197889039267654 0.19935328638870276 0.5525722041194085 0.10805231352787381 0.9016397301181786 0.4170287612689819 0.7981994672071341 0.6567698468186381 0.07250035119706544 0.3831783874211315 0.4727594822562128 0.6941259501295494 0.7773623233415939 0.5383782696728167 0.04799591834738237 0.8290593467887053 0.9468021447898499 0.8894642707356794 0.23209418158841832 0.9888478371726998 0.007983661579672452 0.7684372458877364 0.8898627623453119 0.6401016860122946 0.2696474531539843 0.7667424858783862 0.33470757594570477 0.8375510771806066 0.3783101605339978 0.44395258353484224 0.40612566138664385 0.6825675424536889 0.7149669660369118 0.47726627127570687 0.3216407524686885 0.6688663100173672 0.12991055359473802 0.8918684197512355 0.023548015227190744 0.6945956928351843 0.59785084119219 0.8920789977817366 0.6285305618878286 0.22802577568735594 0.21633903368556806 0.5993520114054238 0.6321560260232604 0.22830817023907723 0.46757105900014817 0.6955677005529648 0.7204563985439942 0.9432849482885766 0.8169646338731066 0.5686949598237389 0.3972398654272288 0.6330837713280391 0.5314754229526807 0.06278247386859137 0.14847872120748185 0.6012432840790582 0.06643755011272323 0.3453713502699909 0.5340624529141669 0.6543711897847793 0.4917841794575789 0.7228034609140435 0.42240084042517456 0.25684492998617203 0.20682411160566305 0.45753373539593933 0.5648069109958588 0.1988227731751241 0.627320994102316 0.7714363398055996 0.844284950507857 0.5538409727709238 0.6194413927119887 0.25522846184957515 0.8272941690351905 0.06653047040805782 0.2022090864693341 0.8465176429929848 0.6972539542391194 0.8814943359474189 0.4434226727053848 0.3876113959186678 0.2550017440643466 0.7011450787555611 0.5335639551689424 0.5291112807044236 0.43411014037425144 
0.6452733762368981 0.11755367791435678 0.029254158435940814 0.04330864389923694 0.7380452961078715 0.40644540583553945 0.6979150585610839 0.25865991802153787 0.30021394966729387 0.08387734480069253 0.7603019416355932 0.3635621528423286 0.3958518791201514 0.2341609471931625 0.303742569455678 0.5456405251104063 0.924480038619162 0.9018946605602054 0.7557701387465495 0.4074282692418498 0.26359621371995856 0.484760729118934 0.7290258075524929 0.627681101703871 0.10904575561150154 0.259217991398323 0.43020476056247536 0.7404636137715144 0.17804518002258396 0.8758498896126079 0.1996758773102506 0.15886955416561377 0.860948694379259 0.2544515056039476 0.35624374036683437 0.4032450098618495 0.8736678173102712 0.22007308237783396 0.6904672702957917 0.7330418956353207 0.5847251080941218 0.038619611262272424 0.2751448540623217 0.026936764707866323 0.9692428866763979 0.7342393149579162 0.743020549705983 0.8076075439579813 0.07673826208135237 0.7006163586648142 0.8194619630724481 0.7655692418029202 0.4904161576475212 0.6544161863744002 0.6918050647463695 7.266057848417384E-4 0.5027223255333975 0.4215146281343055 0.7472570057268917 0.4708102791337897 0.635238580365852 0.39527449073897214 0.3176929467874222 0.8126205091285928 0.6905727868515439 0.761016622940542 0.332378677989727 0.7850102211357474 0.7397167172562668 0.7419647530808915 0.198595479031752 0.07179715666556408 0.32041466409424957 0.18932660956328073 0.8053395527776412 0.07830257302806998 0.6504066479144844 0.8128064924970877 0.2767135013950749 0.6569719248145992 0.8439798453407112 0.227727179109122 0.9893223477592519 0.4055406060445048 0.9610825199748425 0.781071980032818 0.4119325325523674 0.29546562873132154 0.21532477829423058 0.8111406054378233 0.5258468897169551 0.9088520637401719 0.820511145958815 0.5941452640482754 0.9408944422153487 0.48886089000617317 0.76491968747175 0.7359560895172396 0.3346291037606123 0.34159245435161123 
0.03572803240368505 0.7222561055408747 0.4426238826487313 0.7380452961078715 0.2683636624005119 0.17833810381917403 0.5112764226479547 0.8666979750508722 0.7991406351616673 0.30640448791407826 0.2021630017797974 0.6394787888188099 0.3062958673171424 0.8676438001935372 0.71080881681446 0.5189915037087691 0.757195701353846 0.5427616651169532 0.6435571101826193 0.7146844953150815 0.16122800645152102 0.04471025857891142 0.2605630513558095 0.10834913332664897 0.007516442361740205 0.5646615982123478 0.4321565422758431 0.8986772432337584 0.44785575101446773 0.23231362325952132 0.7920406729952753 0.812473565669397 0.6156459852969386 0.012800753589580882 0.4414820286744531 0.7095804745327975 0.18742315970592505 0.12361355754726477 0.4775950122404782 0.39782916817958935 0.6656549255666226 0.6223146928320333 0.6940169248308662 0.8698403530345168 0.8897893453909008 0.28947156092012927 0.033716584741601774 0.975254325995427 0.9671162727955382 0.3111083306131809 0.7613738741503886 0.7499788774275004 0.15581964665963866 0.5511134796083166 0.8667135828094839 0.2383008385808174 0.22967087311329693 0.39642109232733347 0.9103717807046742 0.664214920721953 0.5071327936801283 0.2564176390345563 0.3803184407935405 0.2350817083490202 0.03721415832783059 0.8029081931079517 0.6395550754835834 0.6937339493561205 0.40023539756358006 0.9481094639962551 0.7147521770005005 0.9744083594621789 0.20373597030078672 0.3755191444024081 0.5006856694268786 0.9633881325509965 0.6320747534620739 0.16214439497557132 0.4367773244905472 0.41699873104570295 0.34284437810090884 0.660455089735676 0.3497397485395095 0.5476077813754443 0.5940414579823626 0.3445597503982254 0.9502709522661711 0.6525374245608544 0.7330047221611307 0.767485785259169 0.42193993099179405 0.4313054183370213 0.08145289819026513 0.12507732087539203 0.6468489244664584 0.3133690739030197 0.8105254959194234 0.17690793847592257 0.8753543380112205 0.20155384164373036 
0.5560655306770317 0.45695175634590546 0.34912319769281397 0.40644540583553945 0.17833810381917403 0.6155490010309191 0.4357375017116796 0.06607268301527847 0.5256063936405042 0.8723217850790627 0.6044255940784717 0.6975939701851069 0.39581941789675956 0.4850314121980387 0.21284656344902586 0.5847698428971299 0.9484339324002978 0.8204879271224214 0.2872344516539701 0.12013927787916723 0.682531632083307 0.9641774411233829 0.6705181274998373 0.40499978865155917 0.7023888750569416 0.03071047629240009 0.30459082654464475 0.9348275930627065 0.2997704639056803 0.41455982936087066 0.38408997725262395 0.8601954793035231 0.23740024110590807 0.6765528610041228 0.7961468480454893 0.3570321994867829 0.4278526416675078 0.22740392490570815 0.671697919903967 0.3090128514862892 0.4413674876014986 0.09164258793301006 0.19133294150341873 0.3300647755612852 0.4215980372794481 0.8136131483596099 0.012287270606528788 0.13641896091901606 0.5400600354040251 0.0017928491284334713 0.8130689426306243 0.4153321284382945 0.0780575441778778 0.09849417702028807 0.4883438902537782 0.6315501402369006 0.5891188090726645 0.709089304442679 0.4690851811690002 0.6627785438657458 0.36548361976255617 0.22821320219286867 0.4916255198544952 0.7618714250947441 0.6089410781807562 0.559973396435522 0.8941344426341212 0.1061451099030144 0.28932469258571725 0.4450142462171528 0.1801748883323111 0.11316850419007951 0.6632297276428332 0.2793536480469766 0.15637655505757775 0.7775771378967661 0.8210248170642633 0.33823112547638146 0.42489592529921616 0.5149034525772948 0.4319886546120907 0.0027758606142656017 0.3912163976974391 0.38611097175346976 0.06540970889228481 0.9281238745180674 0.23397393724009952 0.12046546666599134 0.07974481604055184 0.08868383388892831 0.4758769370746173 0.05457148027026626 0.09244055137616036 0.2895713442124238 0.8934217119566062 0.9618478826267536 0.4697788852309598 0.042801547981855204 0.5079881394589703 0.7594114118018837 
0.503370228507676 0.6967189517967621 0.8344075018904509 0.6979150585610839 0.5112764226479547 0.4357375017116796 0.10911654940727189 0.6726509008376608 0.31203185091383057 0.2482826593446652 0.02514524263832829 0.13666818302300487 0.2014735365262671 0.36802388367354955 0.8973078075591017 0.3271365739392309 0.3090174806026449 0.9283637492047814 0.7872629686775372 0.5523572517397204 0.5630151815511475 0.418059282475139 0.6932996058812928 0.4879469747330678 0.8326220523431165 0.2851903664865375 0.4728586755536165 0.1354110344758862 0.4623785865926813 0.03327786999825044 0.934829299700155 0.228574146635381 0.3479795993308492 0.5840615692007217 0.5800428682228433 0.08802171851571172 0.9598786239068219 0.6204691548846112 0.5513972075708387 0.1395245579303448 0.8825067489475694 0.04225342491631645 0.844300589544912 0.18449011085941636 0.5042681385045509 0.24196951101201936 0.7236326615365943 0.038803673829725494 0.467107866588373 0.6404098262335444 0.595178181295332 0.3409937062942152 0.364329621790656 0.808309139939127 0.28749635287234343 0.1714750869677858 0.9614742043438596 0.545078368011457 0.814446774537281 0.6216949575561364 0.9074523712047768 0.4855197466765626 0.20910066155803808 0.6053258149488654 0.501758676658731 0.16192265748020696 0.946524303769168 0.0132210749406525 0.5884751952270142 0.9616339441493099 0.8059285438654901 0.7796684832206553 0.05890738217423808 0.08914177644234378 0.7619370234255805 0.5495468205558481 0.7620769173063848 0.46690806109164773 0.6402328823709866 0.4143123669690131 0.8459290840941213 0.49062894469611085 0.8246017921566484 0.6193111700906888 0.6819952521644802 0.6922991079692453 0.2603970888442072 0.23573379424050123 0.5623838353366547 0.6583998580159235 0.36371031953033783 0.5375995680624341 0.3003555704251296 7.274788121701681E-4 0.21603846944498906 0.22747768282281866 0.7143723258908877 0.7838225039538451 0.6009969758588318 0.7142224929535678 
0.11516905313364734 0.08218212885482656 0.9574055827472361 0.25865991802153787 0.8666979750508722 0.06607268301527847 0.6726509008376608 0.7303909222345505 0.5756566576434655 0.02263547795458376 0.361821242080529 0.4983067288577613 0.20717936838149675 0.8341708755057747 5.220656528683865E-4 0.48583420252343756 0.4015207697795732 0.0014602100107574678 0.019731142889680253 0.9867446449459336 0.6650935603647359 0.8272939163319223 0.046737603875508404 0.8602641191481147 0.2205318799866114 0.17059716721583018 0.5561453731332324 0.6045672869814445 0.3053497310376363 0.30888579110977865 0.7519615952064841 0.05968588381510498 0.8603977213065901 0.6128299048573288 0.7176110893514694 0.13378310932027826 0.48864154503610246 0.6285374076956044 0.1387172373114235 0.9516281901686948 0.5774813467556401 0.9961764207469951 0.8693095851517638 0.7352382546909546 0.6467763640908142 0.8728137561411159 0.23418874228759323 0.5440373318906229 0.3099340061065299 0.17285484676375695 0.2384998583352239 0.7255149264986598 0.7168690130985439 0.9912275477745528 0.7901357846671505 0.5572501369501783 0.9853323003732881 0.03246054647556751 0.6314117408824003 0.09729896226049828 0.9210553404256058 0.7330650742153675 0.9235233123972016 0.7023265932055802 0.27735104287007906 0.03513578554494656 0.33062012590964407 0.02149797697370015 0.9112570329805461 0.4458452015702786 0.009897854439553933 0.5290237744396984 0.4560030657266624 0.10051342847041556 0.1299312333865542 0.8193912105253313 0.5485292099231197 0.03619295522552457 0.41154168587575446 0.9566919494815667 0.22597709525877896 0.7782158507204066 0.7138125157813292 0.14309239579127853 0.8365214881368616 0.6439089755615067 0.8724361853259782 0.851374386639203 0.6976050170321832 0.8756900951287391 0.838397152875042 0.352606774082476 0.778584199794488 0.8300159498273727 0.6620653208842654 0.26239204156899065 0.884989870085499 0.9691609458959838 0.021094461240173112 0.3277637012460146 
0.7083789580970886 0.5643478995718978 0.2714924068273219 0.30021394966729387 0.7991406351616673 0.5256063936405042 0.31203185091383057 0.5756566576434655 0.17805095433233853 0.3295633377546303 0.8000908899513122 0.18169435023449143 0.3758255558744936 0.4734827329989726 0.6958377264179624 0.20330593382619766 0.6512285024567754 0.6699717569176638 0.9439305162225423 0.9392573523328486 0.06744002608604005 0.19667136898941728 0.04100019469404936 0.7654169268344769 0.37262565329229547 0.2056979952429553 0.7712697386400196 0.5978103891933924 0.1135924207943021 0.5548978854693143 0.9370110677830891 0.49796737409436265 0.32195192662278915 0.37000224764288236 0.9395394414350874 0.960172817593443 0.4765562563835388 0.8737245167386818 0.7607022000689109 0.5167621513468877 0.052417713687443745 0.19459853672531247 0.9543898483115875 0.0524816929232802 0.7290192315676101 0.45136485867362497 0.9734171554463904 0.880069198556524 0.24986677004375757 0.39796969848802766 0.529192411852931 0.19659179609004984 3.313560498087176E-4 0.30974903857157043 0.7099136884900527 0.01371118122816628 0.6022726425958067 0.5931282729288138 0.26760063493835795 0.034929501484959324 0.21163232033038937 0.8091754910768882 0.8250909717194507 0.23900144482333974 0.7491299213554585 0.41560430050063346 0.7512014309231405 0.1210811824006981 0.9943896845455481 0.5523301790661949 0.10557259643343275 0.6418055863739841 0.3302720595957026 0.6224414761014279 0.3642878880047141 0.9393979864995625 0.9368788122958055 0.2534550110687507 0.6031770637641147 0.7710095240826215 0.40364628788534573 0.46298292229828764 0.43778494767194087 0.4668978341814136 0.053135955984191185 0.4984462270460164 0.2973064879488666 0.9046758434926755 0.7515777307426915 0.8722276534959263 0.544359197935619 0.6407461371758194 0.6189158592064398 0.5716643327424301 0.5432851465147437 0.8721691445555574 0.8450532737491899 0.2875391343102295 0.026743896356670738 0.3445962764720262 
0.6334480677428975 0.042662342703054135 0.5197889039267654 0.08387734480069253 0.30640448791407826 0.8723217850790627 0.2482826593446652 0.02263547795458376 0.3295633377546303 0.7691849325363073 0.7752365406959858 0.013678994254441634 0.6705319521114499 0.48555679067178037 0.1394872199236491 0.09131063963695762 0.777071195350079 0.5016812713906698 0.9166334098793801 0.0896272019935005 0.36339241329930305 0.39398683722845784 0.31760445700012263 0.04891892144902843 0.31566754150750675 0.9810728926924797 0.8903003812899911 0.9092174256237053 6.849942356854655E-4 0.2661882198801081 0.16183841291589707 0.5350746450924588 0.2393631254490255 0.28824530255404845 0.5291259983170012 0.5299355460274409 0.5474652430158132 0.0646284941290789 0.7804808852240674 0.7914290040164429 0.9232094644098023 0.00924980895163574 0.15152747195102556 0.9122215481150457 0.060100270960653845 0.5657506591465006 0.7453554281412104 0.34064910227009904 0.3681903950465695 0.30844363945974584 0.47993556592907505 0.6811623913586333 0.5981158030965917 0.43253367690353084 0.46504459186630653 0.6366911393242837 0.17962796537358894 0.38035321096089025 0.8564593352203405 0.8733536667042942 0.6099813827363256 0.3317913003175722 0.786937722924467 0.522507881503664 0.35741704366317084 0.42479182746605215 0.931512506681117 0.12596054206885865 0.781114573696905 0.8657414122833433 0.6288810119182969 0.5772214009350346 0.5113697430290381 0.5397630114005807 0.2511823407581575 0.015010037172294766 0.5823858567822845 0.33737620363766296 0.6912107486381243 0.6847923646663746 0.3649509429500488 0.17668072213900954 0.41912259170541943 0.4999452863741136 0.0074052503308181805 0.6191651609598248 0.5499511058354751 0.4062172199410793 0.6606862672228878 0.05243771929759078 0.7587515914580112 0.6814733608782778 0.23687176285920586 0.6446217212476466 0.6819577766894745 0.987284416720832 0.8305234345227916 0.6628533469197823 0.6515366797475287 0.3297377485592412 
0.26233887315732307 0.7656199703095198 0.19935328638870276 0.7603019416355932 0.2021630017797974 0.6044255940784717 0.02514524263832829 0.361821242080529 0.8000908899513122 0.7752365406959858 0.2182672514956958 0.292264931071723 0.22278873511648867 0.08392091658400092 0.04442887005214036 0.7920318992059294 0.9771464004833611 0.8898467274974894 0.39917572717883254 0.6815073770298947 0.5080830639730768 0.5371604643691557 0.5004999803659174 0.6621629854834128 0.3312516050277692 0.9217892008637858 0.10250927053261971 0.15000067295040043 0.6992296045903102 0.7797644470074926 0.06987518101954915 0.6182948390016637 0.9467566961248006 0.18176861084230322 0.2819221879902545 0.4319697036105008 0.044106216227330464 0.7065270170794401 0.6597222951949631 0.4926123523267698 0.4942424138811671 0.8019868941126187 0.6456940877895643 0.8070668582649742 0.5736711828153686 0.09029546200142657 0.9075868392556671 0.04275041884162312 0.18740103248069695 0.275909208339459 0.38736381088610716 0.23927759531230575 0.2851878461527414 0.8757371760031147 0.07038159569765479 0.10867434077458937 0.8692458384170669 0.20604092280359654 0.011394725043713305 0.7754084149307771 0.11286392096565967 0.9328845361760517 0.22129829654294264 0.3826583824515536 0.004875483254944801 0.021248101811685793 0.9921533096978469 0.722688737474471 0.23668642943433138 0.102488659774429 0.11792318272099267 0.9368936853019352 0.7565749699455362 0.1206525642365045 0.2544817857207273 0.3750177570108171 0.5302338521602278 0.6152137687319937 0.35483710602263463 0.9032567499733983 0.5670341115758286 0.1511330532991948 0.7141463526051385 0.3073874176124045 0.19824647042689914 0.2167028778054857 0.6639821701397394 0.9497700224608173 0.9264651694234612 0.37546356269206616 0.3664420628673474 0.5080132001828792 0.9047362955645301 0.5805464950557387 0.4760753017037751 0.44828543942693255 0.24940044214128743 0.33812007748207307 0.6612357844273531 0.8677034129442328 
0.8762045915793383 0.5829972312160079 0.5525722041194085 0.3635621528423286 0.6394787888188099 0.6975939701851069 0.13666818302300487 0.4983067288577613 0.18169435023449143 0.013678994254441634 0.292264931071723 0.9424178508432648 0.8411853118471416 0.10635065097895224 0.4779223280592281 0.03695137138252802 0.2857870366638503 0.1527283478221102 0.7959986212112382 0.24424086642936615 0.3287782954051144 0.17791198053288748 0.058791238346782015 0.7503103305713541 0.04959481305532043 0.6622171576465964 0.9836123640657548 0.2878064881053659 0.8380672579698428 0.14597581650282354 0.2605343208106601 0.07127635665599219 0.34611928643676004 0.44214061094752755 0.5807042794665963 0.1934477697156255 0.013269367739993654 0.03628733289362196 0.08021404363843943 0.47558598409860986 0.7041750663966586 0.07968543060123479 0.3105171653872971 0.566756236302981 0.6810286681940695 0.7609896019645314 0.23408131674184884 0.2948306272035909 0.4744331353114526 0.128238293653411 0.2879088973517915 0.8863352804473094 0.21345794432325693 0.6252277862601792 0.25775418338876444 0.6927414092681353 0.6288947137916283 0.704962944608629 0.562310782114406 0.48756197760601583 0.2533022631337486 0.8877694641363322 0.5593383778965432 0.23162324973524429 0.3072522307799852 0.5427839873828213 0.6546431560954723 0.44313849274921047 0.38325516187394304 0.48892234396090994 0.320021170808254 0.9547188172603807 0.3171687163468141 0.23505867256649549 0.607720158496247 0.8912140456913841 0.5714590423125006 0.3090304470820864 0.38666946476266373 0.1602840928166408 0.045506953853198584 0.661218134482196 0.31967413752715845 0.6118593599209943 0.4752209605894976 0.5708303500200899 0.5509636146336014 0.29315656053166084 0.48753952326267935 0.831658671977668 0.1799315675190024 0.9026738694257729 0.9349748121731124 0.24894840951234698 0.8595981065129095 0.6295972711921923 0.35117119893235904 0.6401652948480362 0.27727137493536214 0.054307958492456065 
0.5821985591821144 0.972672503192741 0.10805231352787381 0.3958518791201514 0.3062958673171424 0.39581941789675956 0.2014735365262671 0.20717936838149675 0.3758255558744936 0.6705319521114499 0.22278873511648867 0.8411853118471416 0.24052151122601706 0.5998203448017401 0.8500804126504159 0.6811881611880214 0.44320461759685126 0.26214780945348715 0.6994970369658147 0.9766807548479075 0.001578171364490566 0.1753145701842035 0.8566591643757163 0.49356578987477784 0.7946807469313761 0.18697143445777142 0.6942538201047737 0.7766749688093725 0.7046676412452665 0.9333402126211724 0.7809131463797125 0.26577266206047245 0.23232534607888755 0.12266277904755796 0.7105221126136001 0.3380901705287639 0.28837963293112945 0.30872139369762397 0.9715319191045707 0.9660075891679514 0.35313258344908627 0.261272526357444 0.5903183598318626 0.20463545410633455 0.3190346251069205 0.357618718181806 0.10781981848920763 0.8695561589205592 0.1091170851305896 0.643176272858845 0.4301348319068593 0.31674303712082874 0.5987819951638026 0.33877952611565054 0.231454296281158 0.19468267024564967 0.4592657356863056 0.6085944119521494 0.8816492784218668 0.4029838561101764 0.28816325674964083 0.3448979773518379 0.321029761566064 0.26226465539730204 0.7957204376180558 0.5746125646744262 0.9112359751637119 0.07686641597718014 0.8751720579690265 0.8473661454868983 0.053918534926154504 0.8549515322573967 0.10122309911643101 0.6259838555440069 0.28780923986187246 0.9398002742292235 0.5728420179964752 0.2676975849870872 0.6499797704051492 0.7016281586391178 0.04485398932669937 0.6579940670676482 0.31853064646821905 0.2410052764654207 0.9773934686904585 0.9389044515988758 0.9416479194380505 0.2629649731130709 0.4730948425054574 0.059671008184499885 0.6019113798880567 0.8951479314708142 0.06897076756767162 0.0701096025878879 0.06493165897848652 0.24383587415969177 0.003248006761040312 0.17561948034987618 0.8178408191705441 0.9084858411653663 
0.07255554724262914 0.5468772829016857 0.9016397301181786 0.2341609471931625 0.8676438001935372 0.4850314121980387 0.36802388367354955 0.8341708755057747 0.4734827329989726 0.48555679067178037 0.08392091658400092 0.10635065097895224 0.5998203448017401 0.8870009134490652 0.5776745259301258 0.4158548654326475 0.5083848590664617 0.6762426685750906 0.03476290086157041 0.8240726197057974 0.5143020133516077 0.46220534720388107 0.8961250688917033 0.7668707428969938 0.32352295435321654 0.8758595903593328 0.08427292987880652 0.5786995538001088 0.5684097266395248 0.8372954528363876 0.13215530103086326 0.6877801881198772 0.10663651129812834 0.9714056381141158 0.9169683470010853 0.6581484025283295 0.005509604129199319 0.25838370839677394 0.17499166832301416 0.6656859849719938 0.10328821208313133 0.3908690223527064 0.23046445680179328 0.39022610608078256 0.40717981109894075 0.8691412329289 0.6263979299047573 0.568513739482456 0.6706920165935655 0.08158713285492536 0.5063540680181527 0.8717484282508521 0.9822809811253598 0.4897331946486241 0.6636026243557038 0.34663105136785277 0.09274322402745416 0.5654573316205644 0.14770175047547918 0.39028242423700277 0.5105568976418323 0.3125633853589468 0.19843022011572764 0.11709612368373201 0.10238502091021995 0.045722994368109116 0.06313200466538949 0.01953387054782496 0.050212125579871314 0.596859001612601 0.9459168550408457 0.02506679243580945 0.5370926524173548 0.27236509789397956 0.9357931598146345 0.40791098343676546 0.4602480298817868 0.6941271387940018 0.26569252750052796 0.5269017961785298 0.8032565811502648 0.1231311295477523 0.6654779259368476 0.029795696413846162 0.03833842768321605 0.9865139864771231 0.8894103832493097 0.9894848427551904 0.07524577771838747 0.10723260706579729 0.7221818569103324 0.4190536667988396 0.8250258117650052 0.5700982237806332 0.8975047593098283 0.7503033602624768 0.40493242531641815 0.2487420685973769 0.39938128337353573 0.15431431911610582 
0.06558181059093493 0.6795527355262613 0.4170287612689819 0.303742569455678 0.71080881681446 0.21284656344902586 0.8973078075591017 5.220656528683865E-4 0.6958377264179624 0.1394872199236491 0.04442887005214036 0.4779223280592281 0.8500804126504159 0.5776745259301258 0.3750198167561165 0.7651496850332423 0.5585590388820941 0.03281267565813761 0.1674593689142525 0.05672117134293053 0.20531139878662197 0.6155521027461399 0.0463789774457537 0.7853846082060806 0.8945646581411503 0.36161720262084274 0.5190314198851329 0.5391109747054291 0.8805263778257599 0.7815004280962276 0.10835689189283304 0.1482486481837676 0.08535237109199334 0.37199971735707793 0.7925117945355403 0.4674156663949114 0.780022352019571 0.5874290936268085 0.21869436768221562 0.6582592132001526 0.07547732941075125 0.15833011769960648 0.006605192243089308 0.34921093404695813 0.6082045928031258 0.6128171224813632 0.07113849265247507 0.045437852024968306 0.9968387779671823 0.5558847367417703 0.9144082328724259 0.815508441960891 0.7449803303959677 0.11845141127448677 0.26397005198242285 0.5908643023814437 0.27031604961736233 6.075690992576321E-4 0.2671091242538318 0.38000733984697077 0.6512581190952946 0.7024833109516431 0.6903204788303262 0.3213835465793069 0.4997019207319461 0.8613446375058019 0.2186173166474411 0.7772643451447678 0.09213528914948699 0.09497371363861884 0.0010596635554918077 0.6054966876310998 0.5212143777495192 0.3890828503838589 0.046904575393515446 0.33681357167113923 0.16605471617807777 0.8604582960075895 0.9410356969574422 0.23246729731004068 0.22186848951977567 0.677724302425245 0.6178389215756802 0.10026711716876413 0.37821187460864747 0.02806391776091277 0.609448073728034 0.30667442939696676 0.9899892792638457 0.28092770409890977 0.2672922833017001 0.638428096603731 0.24649387548331803 0.9187076394950465 0.9451352452872299 0.5392432268682738 0.9111469556403838 0.3795477803621171 0.027303344681600228 0.7754469475186148 
0.6022953471995954 0.5155946468489014 0.7981994672071341 0.5456405251104063 0.5189915037087691 0.5847698428971299 0.3271365739392309 0.48583420252343756 0.20330593382619766 0.09131063963695762 0.7920318992059294 0.03695137138252802 0.6811881611880214 0.4158548654326475 0.7651496850332423 0.17823123903848992 0.688909544810221 0.9875582344623881 0.7689848303624472 0.07279582142783225 0.6442041531288545 0.37207703860473906 0.6770525378273453 0.6060441247622383 0.3607503466405251 0.7142610149172666 0.7946765390288446 0.5908978989365072 0.18751076383858156 0.9096014476893207 0.009889267436753224 0.6210639406963683 0.3575055810682234 0.505589419944671 0.850713461709743 0.22181288123356546 0.2504974326355246 0.6946637606716318 0.1289912097933562 0.591811689609093 0.8144871078266452 0.5374494250899724 0.30816325775982634 0.6727352769311434 0.5177542454231783 0.08904636898345164 0.5004249392256888 0.5070143090814629 0.18462343018281868 0.6528864425595556 0.4332546466605792 0.9739602309608587 0.2058305217664148 0.3446844900146038 0.81613185921274 0.030640310979447305 0.9083100525930896 0.5132664346285218 0.2853314123936348 0.526259224361091 0.31941941998431034 0.3355662751492269 0.5080015507889307 0.5074358059914386 0.16706111315141792 0.07984047655112336 0.0863030362159577 0.6866468300264289 0.7198594332171875 0.11415703494189022 0.618207485207419 0.4072423304617937 0.9904935315753319 0.7264738220574155 0.6436230654027194 0.0058198839078920095 0.9004839296685352 0.2181285022692322 0.2328359569704913 0.9463777474646963 0.23617484269400868 0.5343207666634766 0.6588265974699097 0.4805502858662172 0.6133502217732996 0.9031745497564077 0.9358397825145035 0.8743611103577298 0.21186626165726463 0.56922660774784 0.003658069398925212 0.43431258850114307 0.7418792206356607 0.7276947666017611 0.9903481496493538 0.6642633642564776 0.959691741047992 0.19263786996162025 0.29582069412227807 0.8894277744234962 
0.2338143529939487 0.26729594563077896 0.6567698468186381 0.924480038619162 0.757195701353846 0.9484339324002978 0.3090174806026449 0.4015207697795732 0.6512285024567754 0.777071195350079 0.9771464004833611 0.2857870366638503 0.44320461759685126 0.5083848590664617 0.5585590388820941 0.688909544810221 0.06393697422327527 0.1651265585903734 0.20436339563014738 0.594964527800377 0.47176473748018 0.7068019980674275 0.35637866673743734 0.5440043132377876 0.799889317024451 0.16970786932389237 0.6878763895336806 0.46359896988082316 0.3568037533388574 0.885038050853004 0.38084351996085253 0.7169579508561872 0.09016105631510551 0.8714510448962637 0.9584317065993357 0.916469952692974 0.7272677677470725 0.18785921823506435 0.9059756544316229 0.8743912702575204 0.7968306619716538 0.8261094259527132 0.10217350279721316 0.636714496988705 0.32654303219817515 0.715728821859144 0.904332713949503 0.6006143645534471 0.27379181792145046 0.495917986573719 0.9474038509777992 0.8770002698833881 0.16571239709258323 0.19923080757545375 0.5885955555852295 0.12708790734462394 1.3331158154938905E-5 0.8868889557208129 0.4576844245142512 0.07553512641085125 0.1894383391434935 0.577435935611127 0.7577033729891486 0.7825698792726267 0.22042822742242285 0.5184440610609163 0.8015128651085084 0.5436712361471885 0.7404910272540722 0.9652452058100799 0.76682922202503 0.9777470345847556 0.9889835220247104 0.15116423404850088 0.8056051155530793 0.46338437394371423 0.8424527681939413 0.06049143318822858 0.4532270227673074 0.5876325677831769 0.25838200900065766 0.9484385278409886 0.7488151062737781 0.6829101645287018 0.5701297747967202 0.2915804590212192 0.5999815030554685 0.8450111908353941 0.9110471025904197 0.9977928410575226 0.7037226368610069 0.0488182399978071 0.027202858776764205 0.2564530840757687 0.7696921650944163 0.10821268613673052 0.8758420220783479 0.3676804895291661 0.8829211468886594 0.26280564546740437 
0.863201534042502 0.8327759375326107 0.07250035119706544 0.9018946605602054 0.5427616651169532 0.8204879271224214 0.9283637492047814 0.0014602100107574678 0.6699717569176638 0.5016812713906698 0.8898467274974894 0.1527283478221102 0.26214780945348715 0.6762426685750906 0.03281267565813761 0.9875582344623881 0.1651265585903734 0.7006480728432422 0.2536492017511911 0.590122449721881 0.1164954362744598 0.7250747339640018 0.12551500298382223 0.6970364332950821 0.5014907275822152 0.21145868814286006 0.95625500167537 0.8238458280322147 0.5963209883336835 0.3963196817305702 0.992727270770321 0.48150752433742794 0.28748875919507044 0.7311995838634363 0.5295149822920739 0.8039193765794604 0.33180111654169364 0.933587814039233 0.5626275849283189 0.09916098346067548 0.3500505721630911 0.5839254871836982 0.7428895163240038 0.06761658820076988 0.06259828452872318 0.39237582985683195 0.2568542055195562 0.8756100244560051 0.4635453994240628 0.8029942521602167 0.8773397150990494 0.2702505334766032 0.8225611721674991 0.3031261438947994 0.4461895553206644 0.5745095696887706 0.5020692057478711 0.6623063102630435 0.47862034307472745 0.7111185809764057 0.582376175720083 0.33762882614284395 0.41152549742971356 0.36969829749463334 0.19845982008547836 0.45150177172360983 0.25736249129537203 0.05359987326257787 0.30951640469338126 0.07289647498295548 0.07075846761056503 0.02125945872460766 0.3459999924481212 0.014646094339614502 0.6867269175792432 0.07143701267059499 0.8087691809893579 0.9970437619549679 0.6473964439184434 0.7125312775695861 0.43108962118398175 0.821936074571944 0.09840954610328978 0.5032329824747401 0.9566233178821721 0.15170242139472878 0.7066582348581483 0.2550981876538736 0.9351686833669435 0.5939568019068675 0.32778010123795354 0.3471947202044 0.19279790711459288 0.05550314734462902 0.23484692705728816 0.6187944263334514 0.7941716745804315 0.7480213387691321 0.20893552476194632 0.17815445067677826 
0.724623270830464 0.05561656441427121 0.3831783874211315 0.7557701387465495 0.6435571101826193 0.2872344516539701 0.7872629686775372 0.019731142889680253 0.9439305162225423 0.9166334098793801 0.39917572717883254 0.7959986212112382 0.6994970369658147 0.03476290086157041 0.1674593689142525 0.7689848303624472 0.20436339563014738 0.2536492017511911 0.38219288581752986 0.8031557595534121 0.6877783387844082 0.9937510966274717 0.7537951727673335 0.1861240426306826 0.4704489799460323 0.3189001582580705 0.41054374484438494 0.48465858687495345 0.18404605952407105 0.841517780134449 0.6088596230016456 0.19403901692914804 0.832596024580522 0.9478463580730199 0.1270607619827736 0.31916873535673274 0.26890401879631154 0.6422902648470618 0.5650465182685828 0.4710947042983702 0.3568390619093147 0.47507649352083425 0.4973345330394511 0.14806391365620974 0.9245481420807824 0.2952754637664542 0.21129243818724786 0.5601562055826602 0.34835131626906823 0.7687880676633184 0.07978874305453898 0.18172781835195284 0.7525779550766252 0.37922458904104994 0.841121038806213 0.197346032663256 0.3623616584631709 0.06417200720655714 0.18896164516708192 0.1445894910174088 0.5044198804228989 0.730166380237084 0.11119423933926953 0.35103530325176113 0.11510138610806386 0.6367571952786479 0.35889736075138423 0.212948642173583 0.3854929912530509 0.04337099698045033 0.2753639448408589 0.9696358249087155 0.3501344702461019 0.5722517536812066 0.969928296982802 0.39011771906696824 0.8088988092460732 0.45657623301603945 0.4825054687320558 0.7077249050787262 0.9608521722968257 0.21491200336656402 0.1521298923099892 0.21341210889196338 0.5244162617251139 0.3215072058165468 0.8764139569237134 0.15003392299617457 0.9199135351902537 0.12647052735618358 0.32872905304749656 0.9375198728023081 0.2985830203877392 0.6207206795980265 0.4860451339098312 0.30283182225009475 0.8164130327336748 0.6376547640411182 0.012747394708176873 0.5887819180430367 
0.2349683081431947 0.9218025286213423 0.4727594822562128 0.4074282692418498 0.7146844953150815 0.12013927787916723 0.5523572517397204 0.9867446449459336 0.9392573523328486 0.0896272019935005 0.6815073770298947 0.24424086642936615 0.9766807548479075 0.8240726197057974 0.05672117134293053 0.07279582142783225 0.594964527800377 0.590122449721881 0.8031557595534121 0.5716445373842918 0.7368054515456527 0.1443813522027939 0.37223499944649463 0.051556322262009346 0.3243268621760419 0.7201606289375518 0.5349142196143162 0.7671520534826038 0.5309698026447719 0.924204556056182 0.09897453168987658 0.9936256602946962 0.9902766650919285 0.11285526182365746 0.46470317016202267 0.179990722672159 0.9380475993828997 0.829057133396223 0.16915247909255027 0.6430161274148543 0.9886985777906546 0.7346639518951068 0.9222052150210064 0.6186191502977005 0.5349538614532305 0.7276720955442313 0.4705177952515628 0.6081238868175475 0.9643838342693132 0.9537607755372707 0.7899823204924773 0.22730172004338212 0.7896214934840244 0.7701535810028448 0.21379388737564176 0.44286770469928693 0.34865935832176675 0.9746974426655122 0.3659041417088177 0.16411468648248895 0.9474501821889518 0.7741892942517629 0.18858845585952377 0.6466250835954725 0.1891044892960696 0.03336212016730722 0.9280484456178336 0.0605075649760205 0.7622985832680566 0.31957588327637243 0.6734172452061336 0.877364154881518 0.14607665429657846 0.13814155577490062 0.9322308715065907 0.4382008626903886 0.5290514625560895 0.5393383228825841 0.7693726862712728 0.1787526442914602 0.7380775935855065 0.9705684206506501 0.23669545793697433 0.5092016154622936 0.12479264007639257 0.8457252239426779 0.17696889036792807 0.2720250641203774 0.16799088539661555 0.8087345111926421 0.998496921655573 0.03471764762116558 0.015615155627925037 0.07936042782032471 0.685694191271699 0.21338967693241606 0.31222257808147535 0.5867513334619624 0.136106080097122 0.16875222066290851 
0.2666380658886025 0.08519390263611992 0.6941259501295494 0.26359621371995856 0.16122800645152102 0.682531632083307 0.5630151815511475 0.6650935603647359 0.06744002608604005 0.36339241329930305 0.5080830639730768 0.3287782954051144 0.001578171364490566 0.5143020133516077 0.20531139878662197 0.6442041531288545 0.47176473748018 0.1164954362744598 0.6877783387844082 0.7368054515456527 0.43609998885135004 0.8198329476806132 0.8958023901906473 0.9677559001530099 0.7047757279550506 0.45353946324784444 0.5027698277271977 0.46215995063242965 0.19849426811403514 0.8460058767035702 0.9418739965986178 0.6995641359513489 0.5982903601884002 0.44422755697156713 0.16515652885218224 0.452945503646501 0.8386207258429795 0.9843260343343608 0.2376788509633294 0.831498613835294 0.43407992678673113 0.12744268211680565 0.4318186022206333 0.5185861505801126 0.055549163282166525 0.8334150525450421 0.5118711614979671 0.17186496959447406 0.30319566724188496 0.34177282003556697 0.5260028247679535 0.9161595040833461 0.6520614066318727 0.10322382970325039 0.6540483782204767 0.6614135130922106 0.23055004275504443 0.38468312786102665 0.04734059921507394 0.18605772011760735 0.43294101673533303 0.5570307932523735 0.1407050482079989 0.5403896626728474 0.3641304782553848 0.26716701354207384 0.6169482136841421 0.34506937541953697 0.7681188393895187 0.7945660552607826 0.060612874164973296 0.9865924912345483 0.40133469486916806 0.8974132754547551 0.3504695839110922 0.5446101913227269 0.7777060235238813 0.3645420138033819 0.009158544875438768 0.525223047998658 0.8344588745155836 0.306770666079228 0.053591752087246536 0.11988404631356331 0.34594512493723784 0.9448720595499579 0.3711699561610341 0.7613033190693005 0.8473699467344145 0.2812910790433508 0.2845649847093127 0.20575535089377361 0.42111128791510066 0.5788585291194537 0.7617628155983196 0.23544724494514924 0.9453930680584797 0.012132532757005099 0.6782583767692777 0.34511404086148445 
0.7634299622089589 0.10688147267832837 0.7773623233415939 0.484760729118934 0.04471025857891142 0.9641774411233829 0.418059282475139 0.8272939163319223 0.19667136898941728 0.39398683722845784 0.5371604643691557 0.17791198053288748 0.1753145701842035 0.46220534720388107 0.6155521027461399 0.37207703860473906 0.7068019980674275 0.7250747339640018 0.9937510966274717 0.1443813522027939 0.8198329476806132 0.3083941000658875 0.20563116969387774 0.644738242166343 0.4537652466729152 0.6504459044108966 0.6281033511039531 0.17628251409092088 0.7655146723653009 0.9127917476198631 0.9731172042969094 0.3980630933077489 0.3926829709993256 0.8434505558721155 0.723628587755456 0.05771004899038035 0.24987050976476344 0.1390487892355673 0.07182458260587476 0.3459638466411915 0.02945607128959038 0.586054682142707 0.2454202361334875 0.9149259124308499 0.7769840971022756 0.9056683336419731 0.0777192608329973 0.5271657762589331 0.6991619804382899 0.5036928245090455 0.35113213002673627 0.9691380700029059 0.35769558419946756 0.4800304234488686 0.042478207303304094 0.21880810928635497 0.328950038055263 0.06201951989077337 0.10328105453549108 0.3700800606128013 0.7424298734999962 0.0916474775089321 0.8193988953087066 0.48556689518668195 0.8503309505041718 0.3187450165126746 0.11171521821776131 0.374436903213061 0.9259239555292917 0.0305883184925112 0.36324700221737893 0.27351660876377537 0.34028738566057715 0.9829052091315822 0.4879112708365987 0.5475252304781049 0.6249157747647365 0.688101809421929 0.992323158374337 0.8182616456515899 0.6919863456910735 0.863596938637078 0.7243813379559412 0.38275909319820145 0.15457562870833663 0.24647140975949222 0.8510303381124742 0.38686936454249854 0.8658749334558039 0.04020971516306171 0.36247089170649294 0.9834327040764128 0.3794616133187231 0.9751321292814398 0.061222982279114824 0.6231352910506986 0.021940759332930493 0.3361854342120436 0.5618293238497349 0.7013513337338331 
0.19554553017236576 0.3482474248883394 0.5383782696728167 0.7290258075524929 0.2605630513558095 0.6705181274998373 0.6932996058812928 0.046737603875508404 0.04100019469404936 0.31760445700012263 0.5004999803659174 0.058791238346782015 0.8566591643757163 0.8961250688917033 0.0463789774457537 0.6770525378273453 0.35637866673743734 0.12551500298382223 0.7537951727673335 0.37223499944649463 0.8958023901906473 0.20563116969387774 0.6647800952428043 0.340080706044267 0.30061890070495767 0.015712398233223457 0.08391797076803198 0.9283370778740117 0.9348338839993864 0.8768415158490721 0.0037328655649360165 0.38361062823669734 0.7965556773198224 0.25863526492928723 0.5362204568208067 0.17375779927837298 0.25924854365460726 0.07467202010644913 0.7467316202378049 0.08140314659870107 0.9733724400775546 0.5237704383446223 0.5043833515730838 0.9863515537241764 0.932399052401291 0.46041659341665286 0.6082616826832122 0.6340053086049654 0.24169836821721702 0.9147245545501749 0.41979400869091377 0.3450166224730489 0.28014526264799855 0.21178990573259138 0.8771757403868233 0.8997267347889232 0.667929193903691 0.6217408951213058 0.8194939211820244 0.7655130808913467 0.08393210101159165 0.10948793189218786 0.006199011786170772 0.425985788425132 0.5121729739172698 0.5471163284676366 0.08183248296993395 0.8180458176962725 0.9392003446755028 0.7020639301393623 0.006427174069520869 0.7861369111001767 0.8729462915778208 0.42066915761749346 0.14875420788703997 0.022593881320977838 0.3084387671002162 0.6893713009090199 0.32259811800760263 0.17881014046833532 0.9269022316283216 0.6747898006553473 0.5355004889724873 0.7040178570109512 0.38215819301070486 0.419104583384835 0.11491891258987486 0.4967939941263152 0.5018714298243798 0.5986050118407172 0.17850713369752558 0.638976281634708 0.11106960073510719 0.6409699404708747 0.12322923185184342 0.3224931903887147 0.9714971152714471 0.540787308836616 0.9222788846640304 0.5766823006321832 
0.07034754986145497 0.09366596383890591 0.04799591834738237 0.627681101703871 0.10834913332664897 0.40499978865155917 0.4879469747330678 0.8602641191481147 0.7654169268344769 0.04891892144902843 0.6621629854834128 0.7503103305713541 0.49356578987477784 0.7668707428969938 0.7853846082060806 0.6060441247622383 0.5440043132377876 0.6970364332950821 0.1861240426306826 0.051556322262009346 0.9677559001530099 0.644738242166343 0.340080706044267 0.022746819269967244 0.9130161736190142 0.5392824254994297 0.5569921440293585 0.7097459464452369 0.18054047053819722 0.6960223327622492 0.9655320434704215 0.6860555334632269 0.3046577001095764 0.5629255080686434 0.6397559536393214 0.5935753875737038 0.13629273367677752 0.6808183950805461 0.4676356612596432 0.9366294054606177 0.2909206161835326 0.5679593450841084 0.5659994535883381 0.29203903143532073 0.431628694250928 0.0181154739805629 0.09328261465799037 0.22667507796070263 0.982443256271955 0.05346024389947057 0.15875638251654345 0.3301114571676207 0.5879911470790345 0.8603247453020507 0.03737225257558052 0.7123868301713132 0.08576228976467148 0.8063442351338145 0.30267918918917347 0.1655131425216484 0.36368432401043815 0.8142988187706616 0.5498408451230758 0.9422525104516014 0.23841574321207337 0.9509552896400232 0.09660125196969094 0.7668175034440246 0.40870956292387917 0.07847477898869892 0.4221166403066198 0.2595316729946431 0.6133942501723445 0.8114586898639822 0.13189245742706113 0.43112075178562614 0.3549648307974528 0.8244632151605642 0.9216338620451878 0.28218749038074953 0.9374715366184537 0.7628207930799799 0.3536394598472222 0.8295558766087815 0.11133917023170414 0.6238640914707073 0.2564371072534962 0.07355334700468152 0.3179456899863389 0.4961565916257221 0.2116820216498949 0.518932386115718 0.38323345545716503 0.9710911780245282 0.9019072458310307 0.867015767163309 0.5223222719326878 0.37422609155547526 0.05853643610580872 0.40778255687662013 
0.5647193513622145 0.43645725425816795 0.8290593467887053 0.10904575561150154 0.007516442361740205 0.7023888750569416 0.8326220523431165 0.2205318799866114 0.37262565329229547 0.31566754150750675 0.3312516050277692 0.04959481305532043 0.7946807469313761 0.32352295435321654 0.8945646581411503 0.3607503466405251 0.799889317024451 0.5014907275822152 0.4704489799460323 0.3243268621760419 0.7047757279550506 0.4537652466729152 0.30061890070495767 0.9130161736190142 0.6860386687689944 0.2029857229066797 0.37164033345440184 0.4579945157516844 0.605470577014586 0.8028608328783675 0.0012374100037482183 0.915095819929452 0.37210300146363684 0.36600127153173767 0.2645103653421076 0.6265013539907217 0.028784238920465 0.7941019676811373 0.664129847246752 0.8100221868920952 0.4407188486591289 0.8317402020829787 0.6699475820545866 0.20355878732334676 0.6658775982233341 0.14683092872971293 0.5696412181228709 0.9708265021211502 0.15066121814080813 0.7116238012578429 0.2634631629492228 0.6447596844052828 0.3393488470212116 0.9206740377936874 0.09406661833149454 0.5513740291771794 0.7048085257565024 0.3714767545896285 0.674451906594475 0.22424954391159302 0.7831413718863186 0.1289622725525884 0.2053967331240707 0.2934293736975758 0.5263772602500547 0.5968075700901919 0.958303905126147 0.2124121912275967 0.17503446695014702 0.826527504075103 0.44022105650938903 0.9730493924978698 0.896301601815969 0.20956590634074557 0.2548566106842962 0.650540271963346 0.6337947863918977 0.01811634177377186 0.826736692640964 0.21935177062769118 0.9712893953076455 0.18715821201681826 0.9652183977713422 0.5857721364735653 0.32551952189288613 0.06320303938734273 0.7108944560373334 0.1939402365771622 0.4520854655244436 0.5845031024598899 0.028995101626260733 0.8795757745170871 0.07370284568776653 0.5029823530241393 0.6927134843719018 0.8692677322814942 0.42147401078616686 0.8099073363893785 0.13395043528974981 0.9530616252056793 
0.7577837110623111 0.14464497633961648 0.9468021447898499 0.259217991398323 0.5646615982123478 0.03071047629240009 0.2851903664865375 0.17059716721583018 0.2056979952429553 0.9810728926924797 0.9217892008637858 0.6622171576465964 0.18697143445777142 0.8758595903593328 0.36161720262084274 0.7142610149172666 0.16970786932389237 0.21145868814286006 0.3189001582580705 0.7201606289375518 0.45353946324784444 0.6504459044108966 0.015712398233223457 0.5392824254994297 0.2029857229066797 0.6175567463362016 0.4853240655889557 0.129795611096568 0.894218992407298 0.12155063753711559 0.0555438854227176 0.940131936818605 0.0824050033326873 0.9131174327673806 0.2134700164727672 0.9150704508654418 0.2851933801818052 0.6897959435516535 0.9333133990814578 0.6504933567747716 0.10765991507732386 0.12166873919481624 0.09425513476093272 0.4858029740141141 0.43096968011767056 0.12348156266072419 0.6168700438610689 0.5100449809851199 0.6682449073174774 0.18001356489279408 0.5116336352141436 0.27089438149975487 0.1496337321474539 0.9919398558649439 0.04059338412082625 0.06556299986308556 0.32838289491022876 0.09712478888248299 0.4012916592109568 0.03350773618253411 0.7858503020466487 0.6662287801518967 0.9562870971069412 0.26788908401209466 0.20577557292004378 0.3717068350801116 0.05212746775210375 0.8160495120309316 0.5867606165517394 0.08572297832222764 0.8983860781066118 0.7488518361954611 0.9667939930753818 0.17519899267909578 0.8103808039915398 0.4445383606692369 0.8447863694562858 0.3311623007671938 0.3584531527292485 0.8548407504014532 0.30146667884348866 0.19475210690277378 0.6121922120194582 0.7993924431143199 0.5456219474664844 0.5236892122842018 0.719746438222487 0.2690644300446031 0.2415460909943138 0.28070943942583093 0.5203738027023659 0.3096662610415244 0.509695808759074 0.8194061831142827 0.7526388762930493 0.304524165418534 0.9349351533194464 0.2931233657551344 0.6911728717036333 0.3777686259994084 
0.3021827117625957 0.9685554511971992 0.8894642707356794 0.43020476056247536 0.4321565422758431 0.30459082654464475 0.4728586755536165 0.5561453731332324 0.7712697386400196 0.8903003812899911 0.10250927053261971 0.9836123640657548 0.6942538201047737 0.08427292987880652 0.5190314198851329 0.7946765390288446 0.6878763895336806 0.95625500167537 0.41054374484438494 0.5349142196143162 0.5027698277271977 0.6281033511039531 0.08391797076803198 0.5569921440293585 0.37164033345440184 0.4853240655889557 0.26538223403181316 0.5189843310235177 0.7216710910987748 0.1997339593397055 0.7397548813450086 0.7918388355279311 0.446809256992586 0.6916927828695708 0.14224506099223044 0.561854525371075 0.40501871490227037 0.999218525780447 0.7513341308004048 0.464675017148968 0.37956790802077844 0.6317898715058698 0.3225941675894607 0.924512391349225 0.577155461712372 0.850820268474291 0.12540339530095734 0.4382363283959708 0.6632279487542861 0.22911737614862604 0.839636411792415 0.6924683433816065 0.7554934564823167 0.8018465780274626 0.8107730218058148 0.8658841924586548 0.9976094012668555 0.3823931877545691 0.7605018006696753 0.8253736015773739 0.2617816606065613 0.4260888643014705 0.5547778403643875 0.4374005347761857 0.8620187403240352 0.2905871449049583 0.04242663382727019 0.8848541770442663 0.8990439534392113 0.8637442677198821 0.2947690013957939 0.7048745464027824 0.0033747660380962774 0.30818090940063503 0.8003745653230718 0.2445832062635208 0.7948380011486406 0.10627147371481083 0.29893453272682935 0.36934384102508844 0.33479577875934974 0.6801274983140538 0.9743767852215877 0.5521236277802536 0.21161615225629737 0.6082119241434851 0.6697296555021032 0.9227211215790678 0.6704294911296036 0.8635419470052391 0.6348729280095626 0.46207184218255204 0.37496964763647167 0.5580075742189448 0.07319828923546956 0.2895379678777943 0.9723068924313673 0.3931540597932658 0.4143333949461008 0.9100341772595459 
0.008116662114383444 0.045302822987181135 0.23209418158841832 0.7404636137715144 0.8986772432337584 0.9348275930627065 0.1354110344758862 0.6045672869814445 0.5978103891933924 0.9092174256237053 0.15000067295040043 0.2878064881053659 0.7766749688093725 0.5786995538001088 0.5391109747054291 0.5908978989365072 0.46359896988082316 0.8238458280322147 0.48465858687495345 0.7671520534826038 0.46215995063242965 0.17628251409092088 0.9283370778740117 0.7097459464452369 0.4579945157516844 0.129795611096568 0.5189843310235177 0.6205373619732775 0.389846436631171 0.8074669117762661 0.36303652592176183 0.035001239388224636 0.4975545365256945 0.8034450179426906 0.4469669110704112 0.4103604315068491 0.36856733707417755 0.5736919585903268 0.5801407922594715 0.7838734258028867 0.9232660203334282 0.3001406998927769 0.4034113693407698 0.019463754097008512 0.3296548173815642 0.5627422028007669 0.9298384007297927 0.6126851957609867 0.6736699003280052 0.6497546535724597 0.9031553938108225 0.9434460219102052 0.9063558116517368 0.7208971290251501 0.039504373985856045 0.43636104300519907 0.6198204517816951 0.6645843583197025 0.9958521540592946 0.3278590864934726 0.8259489496089087 0.3078428244104242 0.23369806750694078 0.3846805666815467 0.19017742321889763 0.3611405213375022 0.42812787509901307 0.970158279288298 0.10719820943863445 0.11024625834120272 0.7099643140126983 0.3126819696002864 0.5962881686714723 0.40336625968595163 0.8227095054222603 0.6950047481184713 0.2410216476841216 0.9241896902896171 0.22617048027391362 0.5535584617626559 0.30145100822120297 0.09010673765458266 0.28510371152720737 0.15370099312055618 0.6864067719798789 0.16974596552360777 0.9439102281673064 0.5898284564615502 0.6893905351024148 0.37511061714095195 0.7073583055599578 0.34854108733413947 0.26360388770597376 0.7509762220750412 0.3225054460994191 0.568560986431282 0.13997661954317542 0.6578444439681488 0.28843757405989356 0.43285660895831257 
0.21480993699591355 0.13747092918046666 0.9888478371726998 0.17804518002258396 0.44785575101446773 0.2997704639056803 0.4623785865926813 0.3053497310376363 0.1135924207943021 6.849942356854655E-4 0.6992296045903102 0.8380672579698428 0.7046676412452665 0.5684097266395248 0.8805263778257599 0.18751076383858156 0.3568037533388574 0.5963209883336835 0.18404605952407105 0.5309698026447719 0.19849426811403514 0.7655146723653009 0.9348338839993864 0.18054047053819722 0.605470577014586 0.894218992407298 0.7216710910987748 0.389846436631171 0.2766283808424307 0.5246314466873552 0.20813767163831076 0.8364375030259746 0.9690178201675153 0.3334013203166063 0.040742443079497814 0.5875397481397985 0.44710339476691285 0.9908384569203839 0.5126399722892059 0.9204314784511667 0.9391611095992909 0.3397849489499919 0.3023071637331851 0.024824488639306752 0.9914739899350881 0.0690524549372229 0.12648102993591337 0.6298867579613344 0.29892855803490315 0.19085058567507407 0.5242032224783156 0.42010761781417516 0.4236243559455313 0.07255652898510756 0.9604720010033895 0.20577617890546052 0.5569224269400755 0.23318381435198743 0.8526822421393085 0.3225902491970418 0.9149288296524378 0.24479019594110207 0.26072802452313226 0.6929216941059999 0.4482302926639634 0.11519870324653458 0.2755888834518372 0.3455216781638314 0.2937684899936751 0.47078732368166887 0.5914153152352302 0.960956987462147 0.8000607357043862 0.706736398601978 0.35257485003634803 0.18682635182834895 0.016544150252673195 0.027005683109109113 0.12981509551056258 0.04981413963772163 0.25364156559474216 0.9574453342423507 0.7986456249760754 0.7808954234794756 0.6922173023548431 0.4828283717363956 0.16823575771239152 0.7655155328902541 0.04941122890510474 0.43222462717479904 0.440570796039633 0.13232411228251373 0.9924100797861853 0.1170192469046798 0.9673043096151662 0.7020519196022361 0.3325351244589012 0.5120116070349899 0.3156895902727761 0.632376196999647 
0.29530207334014247 0.14948022248481507 0.007983661579672452 0.8758498896126079 0.23231362325952132 0.41455982936087066 0.03327786999825044 0.30888579110977865 0.5548978854693143 0.2661882198801081 0.7797644470074926 0.14597581650282354 0.9333402126211724 0.8372954528363876 0.7815004280962276 0.9096014476893207 0.885038050853004 0.3963196817305702 0.841517780134449 0.924204556056182 0.8460058767035702 0.9127917476198631 0.8768415158490721 0.6960223327622492 0.8028608328783675 0.12155063753711559 0.1997339593397055 0.8074669117762661 0.5246314466873552 0.029095592569098994 0.462413005415766 0.3551686211596494 0.11512853647511256 0.6857778085338013 0.49819484817741677 0.932642422845349 0.9089566781865465 0.5319098275429257 0.8421213845521616 0.717141398502318 0.32355979406620994 0.8467623447616363 0.1089339428272813 0.9635602969448502 0.5108741089834422 0.4071162960208846 0.010536843973313892 0.27031738128640403 0.5640943714751125 0.8166482508825549 0.10566722763359426 0.8872425988323085 0.9771735768036269 0.510255002050542 0.26241471917290404 0.7676950094674952 0.47545167054277604 0.8172589915944328 0.0380887988977181 0.35285522170945005 0.09232193289525947 0.7145064439628963 0.6233153773491618 0.02633354153099865 0.637350885675183 0.8036905516091273 0.34587605116873577 0.2836798977889775 0.3780261850242096 0.6068023639982522 0.9846873291201693 0.9240773398209652 0.8403140832390859 0.4894321350141424 0.30544879880838915 0.9904457706966876 0.12246641928581259 0.3937143982782181 0.2968729088925033 0.7593779546402915 0.01202441998177095 0.09103042819374851 0.5600415802954194 0.8137752126349193 0.49772472508681953 0.8491516341068478 0.18331732085299246 0.11874590910630878 0.9760208273671653 0.24932840535289547 0.22137006331101983 0.06527422553206286 0.5661908262037406 0.3858985472452239 0.5892627900518087 0.6463630622909384 0.4685102540273157 0.834310270360157 0.7811729790118822 0.28679942315704254 
0.4368049804761024 0.5492664557095657 0.7684372458877364 0.1996758773102506 0.7920406729952753 0.38408997725262395 0.934829299700155 0.7519615952064841 0.9370110677830891 0.16183841291589707 0.06987518101954915 0.2605343208106601 0.7809131463797125 0.13215530103086326 0.10835689189283304 0.009889267436753224 0.38084351996085253 0.992727270770321 0.6088596230016456 0.09897453168987658 0.9418739965986178 0.9731172042969094 0.0037328655649360165 0.9655320434704215 0.0012374100037482183 0.0555438854227176 0.7397548813450086 0.36303652592176183 0.20813767163831076 0.462413005415766 0.22672639114776527 0.5830246912209515 0.32820859319492723 0.36038662561497503 0.08907894968375307 0.5905834319966575 0.32091085370983385 0.09743228360078993 0.40136861398374823 0.7511969035117073 0.6394187011635944 0.4104767456563807 0.11108399449648332 0.8305291435801231 0.7579025714837753 0.1476923785309774 0.013354718458479908 0.3679259445566927 0.11975783023057962 0.42107808014163994 0.32750596859924874 0.6321525773911376 0.11618138612020357 0.9505205293923505 0.5572484757746303 0.4647781928741046 0.643137432825173 0.814987228125993 0.35804461397931353 0.24866418093758214 0.06035125944583808 0.608563157374674 0.311950128095263 0.2985840514681549 0.13085284949980092 0.7617370744309501 0.09323822699822482 0.6868228843186633 0.18072498798644288 0.7072894106199783 0.4973706516531171 0.8886741730914883 0.28609277297061086 0.6453291419351009 0.20138834313915932 0.6610731174832182 0.768025330291488 0.8934716425871287 0.9255519974187129 0.2521747497645962 0.65590219373083 0.1958454960743614 0.8740707130476291 0.38050627369892465 0.06593038079190594 0.9085613391354644 0.9470143698613476 0.4193931007779489 0.6338805965074437 0.679471093981996 0.23601409419825103 0.8756781980474967 0.2397443652776845 0.09649107569610893 0.7431116825681418 0.561324975941796 0.2668957798478703 0.7914583088890726 0.09512789450725989 0.8223140152653275 
0.8124637899328143 0.0197755239923868 0.8898627623453119 0.15886955416561377 0.812473565669397 0.8601954793035231 0.228574146635381 0.05968588381510498 0.49796737409436265 0.5350746450924588 0.6182948390016637 0.07127635665599219 0.26577266206047245 0.6877801881198772 0.1482486481837676 0.6210639406963683 0.7169579508561872 0.48150752433742794 0.19403901692914804 0.9936256602946962 0.6995641359513489 0.3980630933077489 0.38361062823669734 0.6860555334632269 0.915095819929452 0.940131936818605 0.7918388355279311 0.035001239388224636 0.8364375030259746 0.3551686211596494 0.5830246912209515 0.5494753199293886 0.6554340283979943 0.26517666103712934 0.811314502835553 0.9790954182844681 0.1465642763465287 0.9584599910577911 0.06893119774182421 0.4656005384177082 0.1530522836188738 0.37123681336594216 0.612898366185077 0.5764970597385177 0.5114929493516975 0.4898659912256105 0.32541249346870205 0.7158014799731252 0.07476513455223899 0.961082284666666 0.6758652747796221 0.14543796980635548 0.17387244188524864 0.8351712072182571 0.719559786115836 0.500949015489214 0.42456872101912213 0.16046713630338238 0.8725618942748413 0.7081662382956236 0.09229973420590565 0.490606425050758 0.17866009724500664 0.36862050339599384 0.6479380893569946 0.8552251179370388 0.6564768600871724 0.7488540902677314 0.721983043737414 0.6402990295435248 0.8430951381132605 0.48242975863136195 0.3963430956699665 0.12608127230848498 0.8351336538452029 0.973314898910881 0.6605138529387348 0.13860042480456036 0.9690254497138715 0.27545138409528336 0.9029092814265599 0.38494053760186586 0.7793238756469635 0.9157049989619456 0.5082996355994173 0.5630311851217155 0.02718070986997756 0.7260204608595427 0.9887550478317156 0.26343479907791767 0.40071212027184133 0.25549170114400477 0.5881882671227436 0.013625106695121403 0.9547869405550723 0.7441890590671515 0.9695363697180159 0.554509264246715 0.479843743726901 0.9579685839860831 
0.3629033206931105 0.5618923087191843 0.6401016860122946 0.860948694379259 0.6156459852969386 0.23740024110590807 0.3479795993308492 0.8603977213065901 0.32195192662278915 0.2393631254490255 0.9467566961248006 0.34611928643676004 0.23232534607888755 0.10663651129812834 0.08535237109199334 0.3575055810682234 0.09016105631510551 0.28748875919507044 0.832596024580522 0.9902766650919285 0.5982903601884002 0.3926829709993256 0.7965556773198224 0.3046577001095764 0.37210300146363684 0.0824050033326873 0.446809256992586 0.4975545365256945 0.9690178201675153 0.11512853647511256 0.32820859319492723 0.6554340283979943 0.4188157041309838 0.5844534386733464 0.7676624252234269 0.4071207520587312 0.9817301891182645 0.7578298144350906 0.17658654201179025 0.6015994709424763 0.08620809031870824 0.6831105607809501 0.9895133002926181 0.03170429018616261 0.4981879453312459 0.02979233367814571 0.805037919054662 0.5054721766287951 0.9081694045019166 0.6239423338469176 0.6054599227560821 0.32266777331301344 0.052490284785258856 0.5889153772174314 0.2049285731538697 0.5201434971473322 0.035986128163898456 0.17079835326874648 0.4968257007741891 0.08447467962771027 0.4416343702583396 0.877397336997409 0.29155398830522383 0.5951564016590152 0.8879799068845492 0.9550893689745729 0.5642191688467907 0.2352827544928403 0.9265848253091921 0.02961950369567312 0.616265109926857 0.4865110417355817 0.5594397202069646 0.9449312136768134 0.9959408975581876 0.11124715420945297 0.20021988993993167 0.4483760262163553 0.01954926039348448 0.21737037918704483 0.6034646907902277 0.39115625711055413 0.3887463100701143 0.29944915389355 0.1422036817836293 0.5396123097432202 0.7087325770345595 0.15528216065679856 0.8272487121260814 0.9259739739193225 0.6779957047810437 0.48773149396866855 0.6303160568813757 0.9064529501394216 0.3423355420981744 0.8191980918334908 0.9983383311422114 0.740061516221601 0.08422277239424603 0.06972180113161697 
0.9057883208523487 0.5476474245538369 0.2696474531539843 0.2544515056039476 0.012800753589580882 0.6765528610041228 0.5840615692007217 0.6128299048573288 0.37000224764288236 0.28824530255404845 0.18176861084230322 0.44214061094752755 0.12266277904755796 0.9714056381141158 0.37199971735707793 0.505589419944671 0.8714510448962637 0.7311995838634363 0.9478463580730199 0.11285526182365746 0.44422755697156713 0.8434505558721155 0.25863526492928723 0.5629255080686434 0.36600127153173767 0.9131174327673806 0.6916927828695708 0.8034450179426906 0.3334013203166063 0.6857778085338013 0.36038662561497503 0.26517666103712934 0.5844534386733464 0.9277712102110103 0.5533003360084976 0.9531122242335306 0.7795717235051793 0.6053948787053132 0.013865811465496036 0.5331527205483901 0.4933251657458477 0.41605627906424025 0.900785530293632 0.7918051809734412 0.2648161183717339 0.067992396105377 0.028898277770593395 0.2562015401222816 0.590967333871269 0.6928213502046116 0.6623522125524746 0.42364678333071903 0.3374027139834539 0.03998237288610895 0.6348035656057086 0.5284872655972035 0.37986946922510867 0.30435173902228607 0.8832553310374507 0.6596383382952082 0.752882487974766 0.7009565982337599 0.9979833658474967 0.7513848455448425 0.07063604014018188 0.6321542768942158 0.6927555064891708 0.1546384185458255 0.865110773905746 0.18033956597237477 0.8075566409145668 0.33665561718529713 0.27243688367272156 0.703188482416247 0.5702905312990699 0.7542914398882402 0.19095691583671814 0.5086412957934802 0.36443763939703133 0.09918287442327911 0.633064756056964 0.943274047241941 0.17640496869598188 0.9228278286773356 0.49777999818996355 0.7404021821315755 0.22931274540232982 0.11534447115294244 0.4021496526266485 0.14320581766844886 0.04921970970283962 0.8337670656042391 0.526952129596437 0.1433610536884098 0.3552975304878405 0.25405400139351475 0.6558111095430735 0.15710760584668038 0.7172217996142137 0.9555547022379045 
0.35075047815599714 0.2477542610521417 0.7667424858783862 0.35624374036683437 0.4414820286744531 0.7961468480454893 0.5800428682228433 0.7176110893514694 0.9395394414350874 0.5291259983170012 0.2819221879902545 0.5807042794665963 0.7105221126136001 0.9169683470010853 0.7925117945355403 0.850713461709743 0.9584317065993357 0.5295149822920739 0.1270607619827736 0.46470317016202267 0.16515652885218224 0.723628587755456 0.5362204568208067 0.6397559536393214 0.2645103653421076 0.2134700164727672 0.14224506099223044 0.4469669110704112 0.040742443079497814 0.49819484817741677 0.08907894968375307 0.811314502835553 0.7676624252234269 0.5533003360084976 0.716709958487978 0.5983774664215462 0.8810552456656312 0.8375016396071965 0.17102967359232235 0.10255591489855465 0.029156846226292332 0.2141648825701954 0.5376165920369115 0.6046397482763191 0.010157905283026958 0.13862598159582595 0.18801899826045942 0.08200503847844387 0.7518042843171153 0.06469926478877297 0.30391402250881683 0.5346898706307514 0.6524714908369907 0.6723480214818416 0.5488795362824729 0.6950446414133403 0.7364175627395051 0.05401397238428762 0.5740484337960378 0.03379656787499152 0.7533461061510257 0.487598657324102 0.9508153241266682 0.8610210956943415 0.20460980429598796 0.7064053431563087 0.503648827473839 0.7082077577430917 0.48639264922550074 0.9171708236211931 0.30219495527015894 0.7215537902126934 0.9544667141855069 0.8143863659948094 0.764240573736979 0.4968135869611421 0.7356272568732015 0.4924277103080076 0.4197380067591586 0.6424778747775016 0.5376678012812791 0.46658434303364493 0.8909751535730528 0.3707515199080309 0.5427645137563016 0.9798980249371957 0.5551083064823655 0.5847443215322239 0.7083970249279273 0.39479173410806534 0.17265716853915114 0.2554843701697519 0.4454408980033949 0.7467898396076581 0.4891951193866301 0.36380889096692215 0.694824311496849 0.47220075836560504 0.44734995155341517 0.31988289384920376 
0.08364891997206625 0.5076941120154408 0.33470757594570477 0.4032450098618495 0.7095804745327975 0.3570321994867829 0.08802171851571172 0.13378310932027826 0.960172817593443 0.5299355460274409 0.4319697036105008 0.1934477697156255 0.3380901705287639 0.6581484025283295 0.4674156663949114 0.22181288123356546 0.916469952692974 0.8039193765794604 0.31916873535673274 0.179990722672159 0.452945503646501 0.05771004899038035 0.17375779927837298 0.5935753875737038 0.6265013539907217 0.9150704508654418 0.561854525371075 0.4103604315068491 0.5875397481397985 0.932642422845349 0.5905834319966575 0.9790954182844681 0.4071207520587312 0.9531122242335306 0.5983774664215462 0.8821497455954258 0.9124540612880666 0.18236352830448366 0.5670410570067436 0.09393916514665857 0.44485353859903587 0.41684123504764325 0.026843911567628664 0.08966873631258065 0.9928289702400367 0.2189554676023333 0.1486842474056097 0.44051749665270523 0.22833878783381978 0.34324959149434 0.5899754364586047 0.16876142930013882 0.9948968279360327 0.5343222159323217 0.9718985209808071 0.7510030512146918 0.3517662202417202 0.24105363164558646 0.7308798421459631 0.24393381379244128 0.16818399172605192 0.16267023097974986 0.817417134775008 0.5930845963592984 0.38105021490422986 0.9278244296279614 0.8815664362478365 0.8930275595151681 0.8703358431219695 0.9940009313233887 0.6283480407250266 0.48175025829742146 0.40353369843063736 0.5469431527803124 0.22652483847665883 0.27243068643592505 0.2537974826658542 0.7784260624314141 0.010651668066293474 0.6526000113907355 0.9059836333933591 0.42558458144544387 0.22898994028145525 0.6136872266246193 0.7306317888237794 0.8661398554073212 0.2588262322180276 0.5131978804505429 0.627989279751034 0.3812480123147822 0.5359303293899823 0.017287126884848014 0.4225058460255029 0.42132914612197647 0.42633179971821955 0.32324474876491105 0.2227947428818785 0.8401169830457254 0.406290933845314 0.7194175849381693 
0.877961933369579 0.15513838832951943 0.8375510771806066 0.8736678173102712 0.18742315970592505 0.4278526416675078 0.9598786239068219 0.48864154503610246 0.4765562563835388 0.5474652430158132 0.044106216227330464 0.013269367739993654 0.28837963293112945 0.005509604129199319 0.780022352019571 0.2504974326355246 0.7272677677470725 0.33180111654169364 0.26890401879631154 0.9380475993828997 0.8386207258429795 0.24987050976476344 0.25924854365460726 0.13629273367677752 0.028784238920465 0.2851933801818052 0.40501871490227037 0.36856733707417755 0.44710339476691285 0.9089566781865465 0.32091085370983385 0.1465642763465287 0.9817301891182645 0.7795717235051793 0.8810552456656312 0.9124540612880666 0.05287713812586525 0.09830265589558052 0.21028441700863132 0.9043534284346094 0.8075965358135442 0.38052848473628953 0.057021403815985305 0.25745691136028603 0.9884106390681487 0.4181208323336989 0.6699515251883443 0.4302069380679099 0.7353380641527466 0.5648336885726299 0.5714211571376431 0.20999249003062426 0.3866581746735054 0.3340075036351995 0.04857969286458019 0.597881234632829 0.1700316793445219 0.17293077127766 0.2643329868449248 0.43714383243678656 0.6570311500837944 0.7238243053919973 0.21808647781519208 0.7311139033104236 0.2976398734882517 0.20075139628976824 0.6487156425614553 0.9969720676273653 0.6920981583429675 0.7978895429803784 0.5161469206003292 0.6162998211797154 0.2545469840466319 0.23698223251198192 0.3981273063584233 0.16375709412259443 0.5762382889728598 0.6604225007178689 0.9952066223987036 0.12199511231334437 0.10565221426492422 0.0813022554472912 0.949650933743172 0.22392371322458138 0.7286818531942023 0.5128944064000017 0.3529521262727999 0.9027107304894927 0.45411571761627545 0.7174177862551891 0.6417925682749817 0.9753978731790532 0.6879695458143902 0.23756745727172124 0.06377023376349011 0.7377766965265316 0.5147884850352193 0.004175842181787015 0.5318843380769571 0.10617433617977434 
0.9696465161422931 0.5340804580317033 0.3783101605339978 0.22007308237783396 0.12361355754726477 0.22740392490570815 0.6204691548846112 0.6285374076956044 0.8737245167386818 0.0646284941290789 0.7065270170794401 0.03628733289362196 0.30872139369762397 0.25838370839677394 0.5874290936268085 0.6946637606716318 0.18785921823506435 0.933587814039233 0.6422902648470618 0.829057133396223 0.9843260343343608 0.1390487892355673 0.07467202010644913 0.6808183950805461 0.7941019676811373 0.6897959435516535 0.999218525780447 0.5736919585903268 0.9908384569203839 0.5319098275429257 0.09743228360078993 0.9584599910577911 0.7578298144350906 0.6053948787053132 0.8375016396071965 0.18236352830448366 0.09830265589558052 0.9948611718369537 0.34950309369603705 0.480727162282909 0.30605852761161334 0.733357984420822 0.6980375676340457 0.2875228180581033 0.8778771137344087 0.880725516607811 0.5553206956066657 0.9275991677554734 0.44730696758604616 0.28323994099429595 0.6701925801208037 0.7965744884662442 0.790093691810343 0.7184422267829316 0.40698808917295015 0.0504855305253189 0.21092208617209474 0.022248200541965968 0.4315958438689502 0.39027921945502864 0.15126459244491508 0.4428473330865509 0.7889250015108915 0.9485353725178448 0.24291341489759144 0.7410736676254377 0.3292081065030983 0.8239831919107112 0.7319091814798587 0.39775339390327413 0.22670070930755237 0.853319524048607 0.31183703124080697 0.7856034188742456 0.026721176320981588 0.410032444992274 0.9259692765549888 0.3165755702982449 0.2556073544687937 0.37637857299112154 0.02449080426654915 0.38511166144566644 0.1330492767186059 0.9473583786741903 0.0960516959889357 0.39359493188368333 0.3373897181721852 0.5944785605659807 0.03214952538922511 0.2683532269850408 0.09186783725376368 0.34228631978900836 0.02835089290002113 0.6528902966753858 0.06341323190885906 0.49210531490181075 0.27812048933332056 0.39959136802883677 0.6954809653525243 0.06509854691428407 
0.2070325086541045 0.31265818801649004 0.44395258353484224 0.6904672702957917 0.4775950122404782 0.671697919903967 0.5513972075708387 0.1387172373114235 0.7607022000689109 0.7804808852240674 0.6597222951949631 0.08021404363843943 0.9715319191045707 0.17499166832301416 0.21869436768221562 0.1289912097933562 0.9059756544316229 0.5626275849283189 0.5650465182685828 0.16915247909255027 0.2376788509633294 0.07182458260587476 0.7467316202378049 0.4676356612596432 0.664129847246752 0.9333133990814578 0.7513341308004048 0.5801407922594715 0.5126399722892059 0.8421213845521616 0.40136861398374823 0.06893119774182421 0.17658654201179025 0.013865811465496036 0.17102967359232235 0.5670410570067436 0.21028441700863132 0.34950309369603705 0.673032986558437 0.07196962868601176 0.6325511137536933 0.530728864278732 0.08740134578458314 0.9165907781517967 0.8362985185630546 0.8368828453481357 0.5958627153024312 0.16713251246558603 0.8420719986656615 0.3643691819751713 0.1492211667819704 0.6026071781173094 0.3592045801549244 0.19119818868362615 0.8168539301056646 0.9975947655889438 0.07980933103734633 0.9709942799455942 0.6932460511547519 0.4744049481258895 0.12809814620954418 0.8050882978512808 0.9617256523173453 0.7954065816406787 0.055893716932098325 0.7192823279331003 0.41023063573791907 0.3183334406157521 0.6698874619214418 0.7439747411951705 0.9019443072117224 0.6781953019502229 0.2623295414807434 0.14027843526483774 0.917896514295325 0.2564940423062321 0.009219180334470445 0.014960661727997038 0.3091336278773228 0.15176418627587818 0.3986970563268979 0.42347815191379323 0.8228190456424211 0.6750285081793252 0.557223714177434 0.07307645985448064 0.7996337128004438 0.35957840735029634 0.25226123514221555 0.9068680504034289 0.6791037232613623 0.0965603902209431 0.1675579018691552 0.17499840594977967 0.5949900387692902 0.2861694085182308 0.770768579748884 0.08045537808349812 0.39463323772306014 0.8288202698816712 
0.3937143479302887 0.7200857753372321 0.40612566138664385 0.7330418956353207 0.39782916817958935 0.3090128514862892 0.1395245579303448 0.9516281901686948 0.5167621513468877 0.7914290040164429 0.4926123523267698 0.47558598409860986 0.9660075891679514 0.6656859849719938 0.6582592132001526 0.591811689609093 0.8743912702575204 0.09916098346067548 0.4710947042983702 0.6430161274148543 0.831498613835294 0.3459638466411915 0.08140314659870107 0.9366294054606177 0.8100221868920952 0.6504933567747716 0.464675017148968 0.7838734258028867 0.9204314784511667 0.717141398502318 0.7511969035117073 0.4656005384177082 0.6015994709424763 0.5331527205483901 0.10255591489855465 0.09393916514665857 0.9043534284346094 0.480727162282909 0.07196962868601176 0.7230262465987638 0.7247719059630148 0.8741538752003637 0.37148909524821616 0.31621313761779013 0.8728176107400898 0.8856667692874077 0.4714865202210773 0.8660621699261976 0.006070267772754545 0.24317566892329578 0.2432449475949343 0.33785315914883474 0.24020323396655852 0.030572351423610256 0.6132726419714842 0.7363501141255969 0.9455203859907332 0.9981719142031583 0.524247248722441 0.9527592606210408 0.32771523145890413 0.22347404378752023 0.30129231088938746 0.828870284893876 0.8016265729202667 0.10734771033579282 0.9217999114457832 0.17217578198925854 0.7221080031652277 0.07859471814501073 0.11473363511584977 0.3356469208012146 0.9238237969034448 0.08785520122022605 0.05616583713086165 0.7619762575691769 0.5657297214440511 0.08607590520564079 0.9248736183530184 0.5844812180040799 0.9761915781153078 0.20327016629893946 0.7351384602734203 0.9754944727206037 0.5511406469954507 0.2700560497480302 0.6734643648310039 0.4379507726235812 0.2703597061815384 0.6574671882380588 0.6317502715359874 0.6470120916259537 0.0659390625425037 0.14978824202158803 0.7515219846193609 0.7659559466034495 0.10213720104122959 0.7106752718574595 0.5721499949153913 0.38418451553841837 
0.4582375021835945 0.5692238457459241 0.6825675424536889 0.5847251080941218 0.6656549255666226 0.4413674876014986 0.8825067489475694 0.5774813467556401 0.052417713687443745 0.9232094644098023 0.4942424138811671 0.7041750663966586 0.35313258344908627 0.10328821208313133 0.07547732941075125 0.8144871078266452 0.7968306619716538 0.3500505721630911 0.3568390619093147 0.9886985777906546 0.43407992678673113 0.02945607128959038 0.9733724400775546 0.2909206161835326 0.4407188486591289 0.10765991507732386 0.37956790802077844 0.9232660203334282 0.9391611095992909 0.32355979406620994 0.6394187011635944 0.1530522836188738 0.08620809031870824 0.4933251657458477 0.029156846226292332 0.44485353859903587 0.8075965358135442 0.30605852761161334 0.6325511137536933 0.7247719059630148 0.007325979326350596 0.5545787504542689 0.8105495638940564 0.35509522061611964 0.2363955845737129 0.8934946898601412 0.8906792937760627 0.847685770332243 0.035939894412758355 0.0933276397178402 0.0882256728042271 0.8681501409968843 0.9347379067627478 0.7446565200889362 0.5591805249595524 0.3563539858720389 0.2884927762252325 0.32945259801465776 0.5805891422502617 0.7169615740973083 0.17048449705951096 0.7483062831592535 0.04756676588276598 0.3061185864085183 0.8187385190496584 0.961977533308914 0.6427519621971187 0.9619781656105172 0.9255069666740713 0.3965925267977354 0.12268514954760579 0.14099044904377822 0.28630530469584126 0.5635666376832635 0.8501711296919641 0.6017584723903877 0.7134417081282716 0.5533420265058504 0.042505022947162074 0.8643963357380346 0.6629228661917652 0.6762858148199169 0.2025107255153331 0.8657080890003486 0.7238137994015141 0.5446024861311981 0.8526619712417288 0.32913887825267574 0.9755760693441988 0.31587223684233223 0.0021258150447027724 0.3733326330167914 0.23160295388314212 0.6518343856138119 0.742389215739202 0.794263071324246 0.35611600820714495 0.18529350083350182 0.9891990424777456 0.2732882764012481 
0.9995944573757896 0.8531962924085257 0.7149669660369118 0.038619611262272424 0.6223146928320333 0.09164258793301006 0.04225342491631645 0.9961764207469951 0.19459853672531247 0.00924980895163574 0.8019868941126187 0.07968543060123479 0.261272526357444 0.3908690223527064 0.15833011769960648 0.5374494250899724 0.8261094259527132 0.5839254871836982 0.47507649352083425 0.7346639518951068 0.12744268211680565 0.586054682142707 0.5237704383446223 0.5679593450841084 0.8317402020829787 0.12166873919481624 0.6317898715058698 0.3001406998927769 0.3397849489499919 0.8467623447616363 0.4104767456563807 0.37123681336594216 0.6831105607809501 0.41605627906424025 0.2141648825701954 0.41684123504764325 0.38052848473628953 0.733357984420822 0.530728864278732 0.8741538752003637 0.5545787504542689 0.1667826693320733 0.9335327179292034 0.6668671672828151 0.4871110228508093 0.9168598440272454 0.14837757595005707 0.5655612085203469 0.72551087323085 0.9883636135603501 0.5510604785622698 0.6930231124673496 0.15884578972543195 0.22171072526867086 0.7642948102825131 0.18922740849181352 0.339704886813488 0.25747272041622915 0.024474478170455338 0.7758113449001959 0.8717257575255901 0.3723288767255756 0.9336732256337799 0.2716795515657777 0.4334734868521519 0.5539992796526318 0.0941254386278374 0.9220060393033674 0.5064106832658858 0.9788853219845164 0.9571283768168402 0.15992687535212835 0.22337095262964424 0.6313390099688424 0.11381301016375112 0.9485370838152971 0.7275808668734579 0.534929319794335 0.5569890408966258 0.035375358494857845 0.3121587156252438 0.9537676297792723 0.1512772153022076 0.2924010565298102 0.3961503843289559 0.9659008221437114 0.6629998118113166 0.8115376827440618 0.08554636379902925 0.010975041657047768 0.22180787373713462 0.5791778224014212 0.6663560194958166 0.37081913146143497 0.01278227558002365 0.36261452051710874 0.8816985609758271 0.05429139913707959 0.33075244841666773 0.9071844820689358 
0.7827699961440725 0.8788376099117935 0.47726627127570687 0.2751448540623217 0.6940169248308662 0.19133294150341873 0.844300589544912 0.8693095851517638 0.9543898483115875 0.15152747195102556 0.6456940877895643 0.3105171653872971 0.5903183598318626 0.23046445680179328 0.006605192243089308 0.30816325775982634 0.10217350279721316 0.7428895163240038 0.4973345330394511 0.9222052150210064 0.4318186022206333 0.2454202361334875 0.5043833515730838 0.5659994535883381 0.6699475820545866 0.09425513476093272 0.3225941675894607 0.4034113693407698 0.3023071637331851 0.1089339428272813 0.11108399449648332 0.612898366185077 0.9895133002926181 0.900785530293632 0.5376165920369115 0.026843911567628664 0.057021403815985305 0.6980375676340457 0.08740134578458314 0.37148909524821616 0.8105495638940564 0.9335327179292034 0.25600265621735907 0.2266792808064374 0.8678354019478293 0.6649789260670874 0.04678947923597587 0.14913640279437135 0.25070457477667685 0.054297886333980805 0.6281469837712742 0.5750869493841864 0.3958569990384976 0.6835946435264514 0.23988580950358207 0.6882227739072585 0.2091536612426944 0.06447656122735601 0.0725001655023153 0.960663504311708 0.5201671276361486 0.08539970016203602 0.6004396278644916 0.7600457071067505 0.9123773386526896 0.9210139205015019 0.9248311225570903 0.1407523460462865 0.28701474797150506 0.1116867761122019 0.6416723690691675 0.017188855440897877 0.5813577651180445 0.2635534242174601 0.41265164133530774 0.835957738618178 0.05154900972406429 0.19151123465454212 0.9831311474997968 0.9389787908163885 0.9255031541932444 0.35589737400011134 0.8654641444680892 0.04104736913760931 0.033236346357096935 0.12815831172548475 0.28569874411204055 0.6330185454003563 0.22995568933382982 0.7616403240050281 0.27785419075447193 0.6657499890797545 0.0415045088253424 0.9407005648070692 0.0023384325755239077 0.5701321098893835 0.9822671552602206 0.43465841819111806 0.46370799997432965 0.5249792551580904 
0.7009934843102711 0.580136629828367 0.3216407524686885 0.026936764707866323 0.8698403530345168 0.3300647755612852 0.18449011085941636 0.7352382546909546 0.0524816929232802 0.9122215481150457 0.8070668582649742 0.566756236302981 0.20463545410633455 0.39022610608078256 0.34921093404695813 0.6727352769311434 0.636714496988705 0.06761658820076988 0.14806391365620974 0.6186191502977005 0.5185861505801126 0.9149259124308499 0.9863515537241764 0.29203903143532073 0.20355878732334676 0.4858029740141141 0.924512391349225 0.019463754097008512 0.024824488639306752 0.9635602969448502 0.8305291435801231 0.5764970597385177 0.03170429018616261 0.7918051809734412 0.6046397482763191 0.08966873631258065 0.25745691136028603 0.2875228180581033 0.9165907781517967 0.31621313761779013 0.35509522061611964 0.6668671672828151 0.2266792808064374 0.4223950797519126 0.6926770724516448 0.8078548811670974 0.8972505761850668 0.7142234119540559 0.18148607252665128 0.28983700095360954 0.9480152340485302 0.5270053274427924 0.8899252237894493 0.8209524750043155 0.22277149490932113 0.9845991536633687 0.7026109774467207 0.7272902128901749 0.5261744280044177 0.25250108239647984 0.27959680535665554 0.9818721834144571 0.018922753696984485 0.678624056291499 0.6697188466403086 0.7086359889295741 0.7685001209009078 0.45648142862192875 0.13238926184174304 0.1988884138840833 0.035661943201867 0.049941509676902474 0.5459191184530052 0.029494237472829865 0.6850037452866221 0.2954769594775619 0.34002368162559293 0.1269468209222594 0.3706426583148382 0.18084140321720887 0.10598295402717073 0.7826001510166679 0.5669888688154313 0.7883623232892928 0.9100005252741944 0.6917245634365067 0.08977896230042015 0.786548094289462 0.8636245671022287 0.0626813254180838 0.48398898492398945 0.15546471160277575 0.6896644019901998 0.722394224823767 0.542939319789445 0.5393446330391228 0.8628572817509467 0.9304287405901192 0.26685025164245635 0.7341494698132396 
0.7345370566112518 0.5921745764622235 0.6688663100173672 0.9692428866763979 0.8897893453909008 0.4215980372794481 0.5042681385045509 0.6467763640908142 0.7290192315676101 0.060100270960653845 0.5736711828153686 0.6810286681940695 0.3190346251069205 0.40717981109894075 0.6082045928031258 0.5177542454231783 0.32654303219817515 0.06259828452872318 0.9245481420807824 0.5349538614532305 0.055549163282166525 0.7769840971022756 0.932399052401291 0.431628694250928 0.6658775982233341 0.43096968011767056 0.577155461712372 0.3296548173815642 0.9914739899350881 0.5108741089834422 0.7579025714837753 0.5114929493516975 0.4981879453312459 0.2648161183717339 0.010157905283026958 0.9928289702400367 0.9884106390681487 0.8778771137344087 0.8362985185630546 0.8728176107400898 0.2363955845737129 0.4871110228508093 0.8678354019478293 0.6926770724516448 0.40160927726066686 0.3063724795935132 0.7693009208604427 0.33831479767286265 0.5404556137447158 0.8738434184655209 0.9964905794708728 0.5216637901241282 0.3224551708380651 0.7293349516932884 0.6368962907431838 0.20048412558643636 0.6165545706580058 0.2552398923368311 0.26786613025223427 0.6460201806679645 0.1870278102482722 0.11377843031019219 0.6108826826939489 0.6991408909656346 0.22041720563468792 0.4821874167904855 0.7486766801287941 0.31570057388311445 0.14997217230276616 0.11941167225176019 0.29506605171840206 0.12511878788630992 0.7084022383245919 0.8906706111370158 0.802340960666707 0.04896253701186759 0.8868315938755768 0.31865606843846406 0.1412106356828624 0.7968219938799947 0.881162234020606 0.5787505773136432 0.1947732747733497 0.23352888739776678 0.16662322796001028 0.1105374557653429 0.9706654423009508 0.1947744549474928 0.557104296065715 0.6790076710712944 0.15449270265810544 0.31744166135754337 0.47794151881512903 0.28625029971092686 0.20283882499859818 0.8464741042398642 0.7091440978364163 0.8080473474019416 0.30559584428366215 0.18186202987823163 
0.7818173716766609 0.12392172017319636 0.12991055359473802 0.7342393149579162 0.28947156092012927 0.8136131483596099 0.24196951101201936 0.8728137561411159 0.45136485867362497 0.5657506591465006 0.09029546200142657 0.7609896019645314 0.357618718181806 0.8691412329289 0.6128171224813632 0.08904636898345164 0.715728821859144 0.39237582985683195 0.2952754637664542 0.7276720955442313 0.8334150525450421 0.9056683336419731 0.46041659341665286 0.0181154739805629 0.14683092872971293 0.12348156266072419 0.850820268474291 0.5627422028007669 0.0690524549372229 0.4071162960208846 0.1476923785309774 0.4898659912256105 0.02979233367814571 0.067992396105377 0.13862598159582595 0.2189554676023333 0.4181208323336989 0.880725516607811 0.8368828453481357 0.8856667692874077 0.8934946898601412 0.9168598440272454 0.6649789260670874 0.8078548811670974 0.3063724795935132 0.5406206584815161 0.609675372488774 0.9350525579031029 0.13733362442118746 0.6217845760725553 0.6813501323584236 0.24312494254983474 0.496597251475851 0.7849874079036623 0.02613248739590779 0.2683064066947063 0.47348889061561206 0.7755506557524044 0.13174728378368383 0.7703619238750241 0.10913581588197596 0.13073549080766644 0.36264919808663687 0.5234847620285679 0.4722563090723153 0.4158111867219959 0.019802887627778043 0.06758023767023091 0.7679723233799969 0.6474528020105534 0.6330268967661761 0.24253626521038485 0.10602033001190658 0.01301923130953353 0.7743842876457112 0.3117852474375715 0.7310029628847486 0.9288327798709342 0.3109855255063547 0.11915797048179366 0.9753323572384728 0.0714022333111839 0.5517014833957514 0.5169747793167327 0.059773230444858605 0.2626009833916344 0.18466823782028252 0.2535150257528622 0.1370024447395194 0.9931329468087472 0.2510971186597949 0.6144509160874397 0.6503587587120717 0.9281883503438862 0.6557870086314236 0.3755273192802664 0.16296480169232253 0.9550127520630596 0.875868268900138 0.04271423266944008 
0.08135919587981211 0.10092404696824331 0.8918684197512355 0.743020549705983 0.033716584741601774 0.012287270606528788 0.7236326615365943 0.23418874228759323 0.9734171554463904 0.7453554281412104 0.9075868392556671 0.23408131674184884 0.10781981848920763 0.6263979299047573 0.07113849265247507 0.5004249392256888 0.904332713949503 0.2568542055195562 0.21129243818724786 0.4705177952515628 0.5118711614979671 0.0777192608329973 0.6082616826832122 0.09328261465799037 0.5696412181228709 0.6168700438610689 0.12540339530095734 0.9298384007297927 0.12648102993591337 0.010536843973313892 0.013354718458479908 0.32541249346870205 0.805037919054662 0.028898277770593395 0.18801899826045942 0.1486842474056097 0.6699515251883443 0.5553206956066657 0.5958627153024312 0.4714865202210773 0.8906792937760627 0.14837757595005707 0.04678947923597587 0.8972505761850668 0.7693009208604427 0.609675372488774 0.30166090650748334 0.20418222907777628 0.5966907458407831 0.9312542007883249 0.35569847374720587 0.004698318900012377 0.9774010761795244 0.36647191130536827 0.37189792687487544 0.9175865933333153 0.12863696868288566 0.17690879158671347 0.2959846019858682 0.8335029989638806 0.17089974563262555 0.6942908207092824 0.8240734000039879 0.6169224060569547 0.9345482707981222 0.6750326271035857 0.1487811133352137 0.9328041531240051 0.9609909742675667 0.9144268409040464 0.7112027717656633 0.701199727802432 0.9695350727963976 0.8373624816640431 0.4029965940120992 0.09108781776126329 0.3654851250199801 0.018361763899508055 0.40207960228531126 0.0867926474794748 0.682465606568177 0.4089201114821055 0.9709441178230638 0.43866156604308537 0.0755754180038728 0.03157894017593954 0.09836253665998163 0.24424813184034866 0.11186450945798987 0.03785668373973672 0.823256669135746 0.49706739259654276 0.14075626561727617 0.32110887446481673 0.4437643116728526 0.6870604600636457 0.4694213505361029 0.32558247125888207 0.5850451186105698 0.940225321226076 
0.7254549750625174 0.07673183261010263 0.023548015227190744 0.8076075439579813 0.975254325995427 0.13641896091901606 0.038803673829725494 0.5440373318906229 0.880069198556524 0.34064910227009904 0.04275041884162312 0.2948306272035909 0.8695561589205592 0.568513739482456 0.045437852024968306 0.5070143090814629 0.6006143645534471 0.8756100244560051 0.5601562055826602 0.6081238868175475 0.17186496959447406 0.5271657762589331 0.6340053086049654 0.22667507796070263 0.9708265021211502 0.5100449809851199 0.4382363283959708 0.6126851957609867 0.6298867579613344 0.27031738128640403 0.3679259445566927 0.7158014799731252 0.5054721766287951 0.2562015401222816 0.08200503847844387 0.44051749665270523 0.4302069380679099 0.9275991677554734 0.16713251246558603 0.8660621699261976 0.847685770332243 0.5655612085203469 0.14913640279437135 0.7142234119540559 0.33831479767286265 0.9350525579031029 0.20418222907777628 0.41674225441496415 0.29937627606753436 0.2761241011830642 0.24444197474684848 0.07439019141193703 0.0017136923987850494 0.7690802350472105 0.024339273512743564 0.2646687141416906 0.7938794021256832 0.8231444171871558 0.700121942326937 0.7521616304848092 0.1183675152687913 0.5717797137861639 0.8935964567351038 0.23985530978300795 0.6022333108421932 0.8925737872736529 0.62920421698767 0.060288291514545844 0.4083363384791088 0.40778187638328534 0.21869145877132434 0.7584140217102133 0.0021081387384540573 0.8576164627199622 0.5151154042152617 0.9552453618697372 0.20167273259818042 0.6088867910296217 0.875206137059277 0.9799823462794535 0.2355935793624594 0.4883505195141543 0.47867461294185487 0.7632071040832795 0.5452162811990068 0.9631464162803381 0.6188769735619508 0.39486346194114597 0.23752087869876348 0.9299353904839549 0.20131597834845205 0.5681207300061363 0.4195937280148192 0.019885046556287533 0.9647806475388143 0.8538543049784579 0.12727371095981133 0.37839027277190806 0.8744952603335426 0.38035900077321927 
0.999981269663983 0.26987500668277353 0.6945956928351843 0.07673826208135237 0.9671162727955382 0.5400600354040251 0.467107866588373 0.3099340061065299 0.24986677004375757 0.3681903950465695 0.18740103248069695 0.4744331353114526 0.1091170851305896 0.6706920165935655 0.9968387779671823 0.18462343018281868 0.27379181792145046 0.4635453994240628 0.34835131626906823 0.9643838342693132 0.30319566724188496 0.6991619804382899 0.24169836821721702 0.982443256271955 0.15066121814080813 0.6682449073174774 0.6632279487542861 0.6736699003280052 0.29892855803490315 0.5640943714751125 0.11975783023057962 0.07476513455223899 0.9081694045019166 0.590967333871269 0.7518042843171153 0.22833878783381978 0.7353380641527466 0.44730696758604616 0.8420719986656615 0.006070267772754545 0.035939894412758355 0.72551087323085 0.25070457477667685 0.18148607252665128 0.5404556137447158 0.13733362442118746 0.5966907458407831 0.29937627606753436 0.19822319969986224 0.33643092437454347 0.7274695055210423 0.02904280074209875 0.23361895943678723 0.2547245754989058 0.2573118114777958 0.6992326512996789 0.742854350299941 0.09234087146615066 0.9290878367534274 0.5438557979971965 0.6720887139354793 0.9282016208870488 0.17437713755467044 0.33264380135582905 0.7801753235883622 0.7468983790543204 0.03250044723637968 0.26063842325829234 0.7444450980711718 0.2895170244543508 0.03596124755976604 0.5871619064244094 0.45401776097373614 0.6656673894309358 0.7064646715988318 0.46404679760899414 0.6797583811312933 0.7246726620784484 0.21244808336398946 0.19180323902505925 0.19769133973113417 0.8918821420493674 0.5798770402639704 0.92853466151897 0.48663059127686337 0.2903279401144738 0.3451313526232316 0.5687952078405468 0.3209788829985535 0.4884548170825641 0.6921260168100948 0.10821567879146954 0.9360950922420435 0.1414091497043799 0.9253818985874374 0.3146068406057517 0.9563233847291556 0.12638210217306334 0.5965818367240074 0.9373824345406301 
0.11963494273417197 0.999616985441241 0.59785084119219 0.7006163586648142 0.3111083306131809 0.0017928491284334713 0.6404098262335444 0.17285484676375695 0.39796969848802766 0.30844363945974584 0.275909208339459 0.128238293653411 0.643176272858845 0.08158713285492536 0.5558847367417703 0.6528864425595556 0.495917986573719 0.8029942521602167 0.7687880676633184 0.9537607755372707 0.34177282003556697 0.5036928245090455 0.9147245545501749 0.05346024389947057 0.7116238012578429 0.18001356489279408 0.22911737614862604 0.6497546535724597 0.19085058567507407 0.8166482508825549 0.42107808014163994 0.961082284666666 0.6239423338469176 0.6928213502046116 0.06469926478877297 0.34324959149434 0.5648336885726299 0.28323994099429595 0.3643691819751713 0.24317566892329578 0.0933276397178402 0.9883636135603501 0.054297886333980805 0.28983700095360954 0.8738434184655209 0.6217845760725553 0.9312542007883249 0.2761241011830642 0.33643092437454347 0.944723721904646 0.5117584948030047 0.7242177739795691 0.004526611434077066 0.2587381177010971 0.8453319757396262 0.324254825196335 0.9799633991428567 0.8774728117036784 0.7986038805319717 0.904308726282055 0.6840688714870623 0.003971294435290429 0.16219176551191739 0.6646534561241818 0.9161991040295313 0.5397991711867105 0.5516307757152286 0.8964456432030309 0.6604901754205834 0.9794562181549147 0.9533591556375481 0.47087337350832426 0.6048189428263716 0.878577319410243 0.41743730326254613 0.3725068072209987 0.4576966656558624 0.8125783414829509 0.7865567465474829 0.9459485554539595 0.20899953823288941 0.6613491592345729 0.34015405851929814 0.8969519326633052 0.047823918667382226 0.13079054999117123 0.6279521762002553 0.11749595372092547 0.12438618500481846 0.6534376817101369 0.5690094590715515 0.08887527542351836 0.7227702290714142 0.19810781262537347 0.10036441434157695 0.9576849603957618 0.6974585105986361 0.06245535270444713 0.2736223868951102 0.37664898993878226 
0.6426255240618606 0.2874881874855716 0.8920789977817366 0.8194619630724481 0.7613738741503886 0.8130689426306243 0.595178181295332 0.2384998583352239 0.529192411852931 0.47993556592907505 0.38736381088610716 0.2879088973517915 0.4301348319068593 0.5063540680181527 0.9144082328724259 0.4332546466605792 0.9474038509777992 0.8773397150990494 0.07978874305453898 0.7899823204924773 0.5260028247679535 0.35113213002673627 0.41979400869091377 0.15875638251654345 0.2634631629492228 0.5116336352141436 0.839636411792415 0.9031553938108225 0.5242032224783156 0.10566722763359426 0.32750596859924874 0.6758652747796221 0.6054599227560821 0.6623522125524746 0.30391402250881683 0.5899754364586047 0.5714211571376431 0.6701925801208037 0.1492211667819704 0.2432449475949343 0.0882256728042271 0.5510604785622698 0.6281469837712742 0.9480152340485302 0.9964905794708728 0.6813501323584236 0.35569847374720587 0.24444197474684848 0.7274695055210423 0.5117584948030047 0.21896496667525311 0.4225124341639068 0.7183377392108815 0.8555626099484323 0.9725216775765343 0.2697390446380806 0.8178030380962528 0.6771882992037079 0.9586529152156404 0.3788012528999536 0.7758648651481584 0.3987662184233671 0.9556042469792243 0.11824233684219243 0.9926432568450659 0.58186924265995 0.5209759820773123 0.24140592184706533 0.8125399333204939 0.6716542860712604 0.13354404911666828 0.2764165929205954 0.7596778275426598 0.881130619892091 0.7061335676997628 0.7717176688124846 0.8339231543966394 0.5268872534125703 0.23654335234748025 0.4476121825212611 0.30489765164587856 0.5097912898497527 0.8059027529951593 0.25444765128600566 0.7118980761593467 0.5374891680071552 0.4824744155267666 0.4445308014148689 0.4543963651471803 0.24511401884346495 0.9437997052442131 0.0275541301255543 0.44080273589256613 0.5864214272379032 0.7912168562541791 0.39826042864861033 0.7524313454850392 0.7396471487929178 0.5981632596272609 0.5002680324726556 
0.440552628379162 0.25729030664170915 0.6285305618878286 0.7655692418029202 0.7499788774275004 0.4153321284382945 0.3409937062942152 0.7255149264986598 0.19659179609004984 0.6811623913586333 0.23927759531230575 0.8863352804473094 0.31674303712082874 0.8717484282508521 0.815508441960891 0.9739602309608587 0.8770002698833881 0.2702505334766032 0.18172781835195284 0.22730172004338212 0.9161595040833461 0.9691380700029059 0.3450166224730489 0.3301114571676207 0.6447596844052828 0.27089438149975487 0.6924683433816065 0.9434460219102052 0.42010761781417516 0.8872425988323085 0.6321525773911376 0.14543796980635548 0.32266777331301344 0.42364678333071903 0.5346898706307514 0.16876142930013882 0.20999249003062426 0.7965744884662442 0.6026071781173094 0.33785315914883474 0.8681501409968843 0.6930231124673496 0.5750869493841864 0.5270053274427924 0.5216637901241282 0.24312494254983474 0.004698318900012377 0.07439019141193703 0.02904280074209875 0.7242177739795691 0.4225124341639068 0.17511590150124623 0.3007002280774912 0.7073080323606622 0.6214239566292634 0.7526807160366102 0.7208753609315156 0.6714422184183959 0.8037475541842628 0.22448007098276546 0.7870885538700014 0.019187578193021526 0.89497299565084 0.3234772746162663 0.43971076919295626 0.7189676602760295 0.4688937372925672 0.43184171150141437 0.3763940981285401 0.3133174495969897 0.19815780676443562 0.0178007231637497 0.6998556408354943 0.20049100444559664 0.7758577547356477 0.6104907131587634 0.3334045588776092 0.9514587607189471 0.15120476764803537 0.8088094752228375 0.05006786677090369 0.8677698450141073 0.6697713684840021 0.9657799931967532 0.7394911745501539 0.2093865802624585 0.6902327053535173 0.7416933215367117 0.9713605313078615 0.6514820690642561 0.38723179249471984 0.6773063987118948 0.004912136133715661 0.5653239032645587 0.743939075905513 0.3026279993929384 0.1411668602389632 0.6607500727021167 0.188072285057306 0.06733435770747742 
0.42724790984570415 0.7480887813496342 0.22802577568735594 0.4904161576475212 0.15581964665963866 0.0780575441778778 0.364329621790656 0.7168690130985439 3.313560498087176E-4 0.5981158030965917 0.2851878461527414 0.21345794432325693 0.5987819951638026 0.9822809811253598 0.7449803303959677 0.2058305217664148 0.16571239709258323 0.8225611721674991 0.7525779550766252 0.7896214934840244 0.6520614066318727 0.35769558419946756 0.28014526264799855 0.5879911470790345 0.3393488470212116 0.1496337321474539 0.7554934564823167 0.9063558116517368 0.4236243559455313 0.9771735768036269 0.11618138612020357 0.17387244188524864 0.052490284785258856 0.3374027139834539 0.6524714908369907 0.9948968279360327 0.3866581746735054 0.790093691810343 0.3592045801549244 0.24020323396655852 0.9347379067627478 0.15884578972543195 0.3958569990384976 0.8899252237894493 0.3224551708380651 0.496597251475851 0.9774010761795244 0.0017136923987850494 0.23361895943678723 0.004526611434077066 0.7183377392108815 0.3007002280774912 0.7178468732354804 0.376376226798268 0.9315877046089743 0.5556132217157277 0.10650180012354127 0.15855586447761572 0.8369494709949177 0.031243538320880226 0.7871926177926554 0.4312478190064005 0.5518286423570159 0.3479751742854751 0.9481512171228544 0.6263288180177483 0.7292789641541829 0.6557814817651496 0.08615432505435106 0.11752087890514928 0.38188217217084675 0.13531477631293598 0.7679204525275597 0.28098673673186014 0.8060502235921382 0.20090290840618907 0.05365934811081863 0.19177908614444172 0.05661760321974507 0.22668310762880528 0.08097296256371067 0.6577120296618609 0.6520522660475173 0.8709764762502124 0.9606281318607355 0.39085655189903556 0.04705846186979756 0.5007650369457329 0.44529072746313425 0.12174380289772524 0.4220410712473811 0.051140579504095784 0.7981320023174262 0.3724935583186406 0.5078450373843237 0.8938524619041279 0.9102874032535855 0.42246749426779173 0.4893802206799349 0.9345894209686968 
0.7245120693923791 0.5912718607475961 0.21633903368556806 0.6544161863744002 0.5511134796083166 0.09849417702028807 0.808309139939127 0.9912275477745528 0.30974903857157043 0.43253367690353084 0.8757371760031147 0.6252277862601792 0.33877952611565054 0.4897331946486241 0.11845141127448677 0.3446844900146038 0.19923080757545375 0.3031261438947994 0.37922458904104994 0.7701535810028448 0.10322382970325039 0.4800304234488686 0.21178990573259138 0.8603247453020507 0.9206740377936874 0.9919398558649439 0.8018465780274626 0.7208971290251501 0.07255652898510756 0.510255002050542 0.9505205293923505 0.8351712072182571 0.5889153772174314 0.03998237288610895 0.6723480214818416 0.5343222159323217 0.3340075036351995 0.7184422267829316 0.19119818868362615 0.030572351423610256 0.7446565200889362 0.22171072526867086 0.6835946435264514 0.8209524750043155 0.7293349516932884 0.7849874079036623 0.36647191130536827 0.7690802350472105 0.2547245754989058 0.2587381177010971 0.8555626099484323 0.7073080323606622 0.376376226798268 0.9944694885080609 0.7236801796674216 0.5131859290776077 0.2103882922163297 0.11660555107724468 0.653082952581766 0.96168597146297 0.7165701934191363 0.41819236462542986 0.024969284339876996 0.45082941098382645 0.05686251956527366 0.12912925276908682 0.22913250717954947 0.45800791105800753 0.7808733115372658 0.3741125442125318 0.209039943828224 0.5935861639852518 0.9498416173309386 0.3352432165356848 0.7491701153283157 0.7920764615148036 0.5545962687799989 0.5493213195133784 0.7017925764649309 0.11793452673773908 0.8989123530303821 0.9903698230270097 0.8508528128459907 0.4561486695689393 0.9569629340888551 0.11625192130806028 0.08425711278584669 0.08923950986377693 0.015321681227746464 0.2428151932900492 0.4257358609673624 0.04998330540799378 0.6179790341877512 0.44981697432186374 0.2635953836777012 0.18311673220169156 0.9470933453146235 0.7199555724346112 0.8060527030722682 0.0494765350656704 
0.5237639277758271 0.6558478235331832 0.5993520114054238 0.6918050647463695 0.8667135828094839 0.4883438902537782 0.28749635287234343 0.7901357846671505 0.7099136884900527 0.46504459186630653 0.07038159569765479 0.25775418338876444 0.231454296281158 0.6636026243557038 0.26397005198242285 0.81613185921274 0.5885955555852295 0.4461895553206644 0.841121038806213 0.21379388737564176 0.6540483782204767 0.042478207303304094 0.8771757403868233 0.03737225257558052 0.09406661833149454 0.04059338412082625 0.8107730218058148 0.039504373985856045 0.9604720010033895 0.26241471917290404 0.5572484757746303 0.719559786115836 0.2049285731538697 0.6348035656057086 0.5488795362824729 0.9718985209808071 0.04857969286458019 0.40698808917295015 0.8168539301056646 0.6132726419714842 0.5591805249595524 0.7642948102825131 0.23988580950358207 0.22277149490932113 0.6368962907431838 0.02613248739590779 0.37189792687487544 0.024339273512743564 0.2573118114777958 0.8453319757396262 0.9725216775765343 0.6214239566292634 0.9315877046089743 0.7236801796674216 0.2927053905052285 0.16565163726196808 0.3914789660013589 0.16247279925276104 0.19140304218167603 0.0077953563692974015 0.7867611168415041 0.5594896586459517 0.14693027486633914 0.43649423353951167 0.018123843316793953 0.37975308144915854 0.5849929942487424 0.6059278989758191 0.5961365488000343 0.9453998589616883 0.8400215365689686 0.7937351393788156 0.22026298974129954 0.8239283006257693 0.5234074326970332 0.18993037492557507 0.17819429248462726 0.4879053708333103 0.580740602597294 0.871165429897746 0.6913382271163168 0.4817511579902837 0.7098299481293557 0.2632241111781488 0.40022135563446615 0.4556163360070309 0.581798832223804 0.7979566086545523 0.0321924858661401 0.03281407669848424 0.48430439876649034 0.5304313568918381 0.04869952117966492 0.23996249316791152 0.588937888168324 0.19790231774813083 0.7305439612849146 0.14793979151802739 0.03412014614113856 0.5742598526318103 
0.21713367516548499 0.2282107211247134 0.6321560260232604 7.266057848417384E-4 0.2383008385808174 0.6315501402369006 0.1714750869677858 0.5572501369501783 0.01371118122816628 0.6366911393242837 0.10867434077458937 0.6927414092681353 0.19468267024564967 0.34663105136785277 0.5908643023814437 0.030640310979447305 0.12708790734462394 0.5745095696887706 0.197346032663256 0.44286770469928693 0.6614135130922106 0.21880810928635497 0.8997267347889232 0.7123868301713132 0.5513740291771794 0.06556299986308556 0.8658841924586548 0.43636104300519907 0.20577617890546052 0.7676950094674952 0.4647781928741046 0.500949015489214 0.5201434971473322 0.5284872655972035 0.6950446414133403 0.7510030512146918 0.597881234632829 0.0504855305253189 0.9975947655889438 0.7363501141255969 0.3563539858720389 0.18922740849181352 0.6882227739072585 0.9845991536633687 0.20048412558643636 0.2683064066947063 0.9175865933333153 0.2646687141416906 0.6992326512996789 0.324254825196335 0.2697390446380806 0.7526807160366102 0.5556132217157277 0.5131859290776077 0.16565163726196808 0.7269007379988849 0.44694907976586773 0.41031541767875646 0.001953659440857347 0.5675231242718284 0.9104353445975787 0.0361432264411814 0.6679466975972191 0.017436174857626163 0.09029211748172428 0.6219769233910181 0.5310792424577754 0.4395540260968517 0.12974131668214894 0.5318744733328276 0.8052923914651382 0.5230400660478088 0.2804641972810794 0.875195482411334 0.5564810698412211 0.8338610722837632 0.5670072923757452 0.08601602905203565 0.2803163633081309 0.6488697342942847 0.05418242017082664 0.48146037974288447 0.2941977018896397 0.4458825338294614 0.34212480019631764 0.5293273713534988 0.39856560179079126 0.23960289709714921 0.23886927432996485 0.2008958004099013 0.5411259228183798 0.676872112407333 0.04174907620140278 0.8365521366433845 0.1521071105062093 0.43461373893304445 0.4966179780696761 0.4098910412819855 0.40949197959277484 0.9999696117068375 
0.02198771349230555 0.398526883012277 0.22830817023907723 0.5027223255333975 0.22967087311329693 0.5891188090726645 0.9614742043438596 0.9853323003732881 0.6022726425958067 0.17962796537358894 0.8692458384170669 0.6288947137916283 0.4592657356863056 0.09274322402745416 0.27031604961736233 0.9083100525930896 1.3331158154938905E-5 0.5020692057478711 0.3623616584631709 0.34865935832176675 0.23055004275504443 0.328950038055263 0.667929193903691 0.08576228976467148 0.7048085257565024 0.32838289491022876 0.9976094012668555 0.6198204517816951 0.5569224269400755 0.47545167054277604 0.643137432825173 0.42456872101912213 0.035986128163898456 0.37986946922510867 0.7364175627395051 0.3517662202417202 0.1700316793445219 0.21092208617209474 0.07980933103734633 0.9455203859907332 0.2884927762252325 0.339704886813488 0.2091536612426944 0.7026109774467207 0.6165545706580058 0.47348889061561206 0.12863696868288566 0.7938794021256832 0.742854350299941 0.9799633991428567 0.8178030380962528 0.7208753609315156 0.10650180012354127 0.2103882922163297 0.3914789660013589 0.44694907976586773 0.2978407801707368 0.9401969786438259 0.9402358846140806 0.3545086245163238 0.9421934790762352 0.07372346890812675 0.36680392704510145 0.43302220292043603 0.8562590503771421 0.530943795069421 0.667929304004768 0.48230316651126803 0.9796003339179253 0.19995521497661828 0.5383160955716569 0.6064374631898929 0.4049370333825403 0.14547636049806278 0.8040794826888434 0.8525214111375131 0.2517487104235875 0.6983851709864766 0.47903701435587454 0.16434919073533705 0.681171252538654 0.09250295868667346 0.2315346857032532 0.4114988774116226 0.8477497890680435 0.8233374451099125 0.8723120969863577 0.48737774917382093 0.6275558100682191 0.01775592585429908 0.9709809732540255 0.16217031032451235 0.16237193263188954 0.6240673287414009 0.8620121765465942 0.9752656988816032 0.6160931514847194 0.15874951191862163 0.11069562297092006 0.9566235335203723 
0.007251134873451193 0.8762944003323572 0.46757105900014817 0.4215146281343055 0.39642109232733347 0.709089304442679 0.545078368011457 0.03246054647556751 0.5931282729288138 0.38035321096089025 0.20604092280359654 0.704962944608629 0.6085944119521494 0.5654573316205644 6.075690992576321E-4 0.5132664346285218 0.8868889557208129 0.6623063102630435 0.06417200720655714 0.9746974426655122 0.38468312786102665 0.06201951989077337 0.6217408951213058 0.8063442351338145 0.3714767545896285 0.09712478888248299 0.3823931877545691 0.6645843583197025 0.23318381435198743 0.8172589915944328 0.814987228125993 0.16046713630338238 0.17079835326874648 0.30435173902228607 0.05401397238428762 0.24105363164558646 0.17293077127766 0.022248200541965968 0.9709942799455942 0.9981719142031583 0.32945259801465776 0.25747272041622915 0.06447656122735601 0.7272902128901749 0.2552398923368311 0.7755506557524044 0.17690879158671347 0.8231444171871558 0.09234087146615066 0.8774728117036784 0.6771882992037079 0.6714422184183959 0.15855586447761572 0.11660555107724468 0.16247279925276104 0.41031541767875646 0.9401969786438259 0.05218846068664473 0.07906643490179743 0.975359413112069 0.37767022203773104 0.010012066851498469 0.5900773213856314 0.5242031100143247 0.04970077586685395 0.1829489569662971 0.840047735618082 0.8434215191705041 0.9113935089850851 0.5828246650888427 0.010030554614005482 0.20786547158128355 0.7769284924037196 0.7127045959989432 0.761392287107048 0.1763057290433978 0.15233250078775085 0.5641532118967272 0.8693183335056727 0.3204377386934143 0.9700571956207528 0.7052193500043376 0.6408384071364219 0.7000837036937495 0.9404289246528814 0.3318583812373026 0.8926711758819211 0.2566201798572104 0.9734921908922558 0.9181980765211106 0.8471949369295371 0.01247875974524193 0.7859012480639159 0.019999878000041438 0.294109222971494 0.33663818104051846 0.37489693318461137 0.8608625952608304 0.7608595829550456 0.564346383129767 
0.2646974024114487 0.6917998488986042 0.6955677005529648 0.7472570057268917 0.9103717807046742 0.4690851811690002 0.814446774537281 0.6314117408824003 0.26760063493835795 0.8564593352203405 0.011394725043713305 0.562310782114406 0.8816492784218668 0.14770175047547918 0.2671091242538318 0.2853314123936348 0.4576844245142512 0.47862034307472745 0.18896164516708192 0.3659041417088177 0.04734059921507394 0.10328105453549108 0.8194939211820244 0.30267918918917347 0.674451906594475 0.4012916592109568 0.7605018006696753 0.9958521540592946 0.8526822421393085 0.0380887988977181 0.35804461397931353 0.8725618942748413 0.4968257007741891 0.8832553310374507 0.5740484337960378 0.7308798421459631 0.2643329868449248 0.4315958438689502 0.6932460511547519 0.524247248722441 0.5805891422502617 0.024474478170455338 0.0725001655023153 0.5261744280044177 0.26786613025223427 0.13174728378368383 0.2959846019858682 0.700121942326937 0.9290878367534274 0.7986038805319717 0.9586529152156404 0.8037475541842628 0.8369494709949177 0.653082952581766 0.19140304218167603 0.001953659440857347 0.9402358846140806 0.07906643490179743 0.515039510645058 0.5621610190465238 0.23665615761015824 0.943881290488849 0.8132497125997163 0.2654073432485333 0.20292379960443951 0.22397957265075885 0.14384445843820348 0.9396681334002341 0.33728017170903324 0.19263267750840563 0.4776354380248319 0.366865545383547 0.2786451559448 0.13127013034141466 0.2177921258767368 0.6542362868219614 0.2678432856696136 0.45792000474826666 0.1600534574196546 0.6359173330180364 0.3110687891105772 0.7987570639256555 0.10600514857635346 0.6945727056262371 0.7528401175324516 0.3495192536812499 0.9755226401187699 0.8591710531609015 0.7905790886874956 0.6665935535370342 0.9881121235906823 0.5164687269765665 0.5147076206042702 0.962142614574601 0.11276529297964377 0.7114488507271698 0.5161624919460699 0.5684636107505407 0.522076143789672 0.8059118367794055 
0.44109168205036975 0.27831568408129703 0.7204563985439942 0.4708102791337897 0.664214920721953 0.6627785438657458 0.6216949575561364 0.09729896226049828 0.034929501484959324 0.8733536667042942 0.7754084149307771 0.48756197760601583 0.4029838561101764 0.39028242423700277 0.38000733984697077 0.526259224361091 0.07553512641085125 0.7111185809764057 0.1445894910174088 0.16411468648248895 0.18605772011760735 0.3700800606128013 0.7655130808913467 0.1655131425216484 0.22424954391159302 0.03350773618253411 0.8253736015773739 0.3278590864934726 0.3225902491970418 0.35285522170945005 0.24866418093758214 0.7081662382956236 0.08447467962771027 0.6596383382952082 0.03379656787499152 0.24393381379244128 0.43714383243678656 0.39027921945502864 0.4744049481258895 0.9527592606210408 0.7169615740973083 0.7758113449001959 0.960663504311708 0.25250108239647984 0.6460201806679645 0.7703619238750241 0.8335029989638806 0.7521616304848092 0.5438557979971965 0.904308726282055 0.3788012528999536 0.22448007098276546 0.031243538320880226 0.96168597146297 0.0077953563692974015 0.5675231242718284 0.3545086245163238 0.975359413112069 0.5621610190465238 0.9674866861847972 0.48384164537391117 0.22875066636773467 0.21460802721083194 0.354163405995756 0.8154795766087062 0.431273815557935 0.04474906199889206 0.7096171822921555 0.49465713116637033 0.3503798378757208 0.7274291315413952 0.2903135928248385 0.8550920560835342 0.49910614724133384 0.14843285382919003 0.11664749637145377 0.5375466474810829 0.39659270741668173 0.36110242806313286 0.7008171450557875 0.7120430407748899 0.7094222077570712 0.6953806614912309 0.5846398027081223 0.7936212516419756 0.6841789139399724 0.9648435558362727 0.01827157464570306 0.6683939439467436 0.5210372184670508 0.5174795938610299 0.22505263662070318 0.9437225811025031 0.030573236046273156 0.07616988263807378 0.21820676238196712 0.8896595306698996 0.5146260000815094 0.6712673016411385 0.061881347954125476 
0.10504625018186386 0.7352188907899532 0.9432849482885766 0.635238580365852 0.5071327936801283 0.36548361976255617 0.9074523712047768 0.9210553404256058 0.21163232033038937 0.6099813827363256 0.11286392096565967 0.2533022631337486 0.28816325674964083 0.5105568976418323 0.6512581190952946 0.31941941998431034 0.1894383391434935 0.582376175720083 0.5044198804228989 0.9474501821889518 0.43294101673533303 0.7424298734999962 0.08393210101159165 0.36368432401043815 0.7831413718863186 0.7858503020466487 0.2617816606065613 0.8259489496089087 0.9149288296524378 0.09232193289525947 0.06035125944583808 0.09229973420590565 0.4416343702583396 0.752882487974766 0.7533461061510257 0.16818399172605192 0.6570311500837944 0.15126459244491508 0.12809814620954418 0.32771523145890413 0.17048449705951096 0.8717257575255901 0.5201671276361486 0.27959680535665554 0.1870278102482722 0.10913581588197596 0.17089974563262555 0.1183675152687913 0.6720887139354793 0.6840688714870623 0.7758648651481584 0.7870885538700014 0.7871926177926554 0.7165701934191363 0.7867611168415041 0.9104353445975787 0.9421934790762352 0.37767022203773104 0.23665615761015824 0.48384164537391117 0.5483714178992334 0.31691745811390903 0.4803688521507711 0.8020227001846559 0.9540789679837071 0.900273251428177 0.05932049963415009 0.031838500235912726 0.5281191397145499 0.6246693461693081 0.27368926892079226 0.20210758780131755 0.4920554919354432 0.6239617830196375 0.22138210536763026 0.33835491467622547 0.5763332731477444 0.30904045434337046 0.5747872591604835 0.7849171637516016 0.39279565563954566 0.061279936384987854 0.06475845088228904 0.960182702667867 0.5864483536179005 0.6225435328064889 0.2789576359099094 0.8777968246567683 0.28517957325899823 0.5366295430664697 0.5535178345054107 0.365381693772312 0.4257133298495833 0.7519312952768954 0.4996822203654503 0.4953275990760766 0.24989338482136825 0.1562157064012314 0.6260215043429108 0.7314703867810489 
0.13646239883261535 0.265408530208022 0.8169646338731066 0.39527449073897214 0.2564176390345563 0.22821320219286867 0.4855197466765626 0.7330650742153675 0.8091754910768882 0.3317913003175722 0.9328845361760517 0.8877694641363322 0.3448979773518379 0.3125633853589468 0.7024833109516431 0.3355662751492269 0.577435935611127 0.33762882614284395 0.730166380237084 0.7741892942517629 0.5570307932523735 0.0916474775089321 0.10948793189218786 0.8142988187706616 0.1289622725525884 0.6662287801518967 0.4260888643014705 0.3078428244104242 0.24479019594110207 0.7145064439628963 0.608563157374674 0.490606425050758 0.877397336997409 0.7009565982337599 0.487598657324102 0.16267023097974986 0.7238243053919973 0.4428473330865509 0.8050882978512808 0.22347404378752023 0.7483062831592535 0.3723288767255756 0.08539970016203602 0.9818721834144571 0.11377843031019219 0.13073549080766644 0.6942908207092824 0.5717797137861639 0.9282016208870488 0.003971294435290429 0.3987662184233671 0.019187578193021526 0.4312478190064005 0.41819236462542986 0.5594896586459517 0.0361432264411814 0.07372346890812675 0.010012066851498469 0.943881290488849 0.22875066636773467 0.31691745811390903 0.637466873826929 0.38180747345726684 0.5920264364886274 0.6909774331275305 0.9698551854084433 0.6930993651081249 0.8603184073672596 0.2225226892772646 0.9039717671119222 0.14819132789839673 0.9024150676002083 0.7098387124539535 0.7759655616755813 0.512594286878145 0.6569350268026399 0.12399172974935413 0.35183955304910275 0.5953173100546688 0.6393189316572767 0.3682335895705793 0.29521431451584923 0.776289443537834 0.9585915299258707 0.8860419257248989 0.03207675241236019 0.4989505607423992 0.509383162752643 0.33596822741964116 0.6581740861419679 0.41297817011509985 0.7763751839060153 0.37617070373530315 0.15678412258869945 0.6695000068210096 0.013528877886022639 0.2470171779908631 0.47291270136913854 0.5947752754436079 0.04190286529823306 
0.14855271489554023 0.8690678082539036 0.5686949598237389 0.3176929467874222 0.3803184407935405 0.4916255198544952 0.20910066155803808 0.9235233123972016 0.8250909717194507 0.786937722924467 0.22129829654294264 0.5593383778965432 0.321029761566064 0.19843022011572764 0.6903204788303262 0.5080015507889307 0.7577033729891486 0.41152549742971356 0.11119423933926953 0.18858845585952377 0.1407050482079989 0.8193988953087066 0.006199011786170772 0.5498408451230758 0.2053967331240707 0.9562870971069412 0.5547778403643875 0.23369806750694078 0.26072802452313226 0.6233153773491618 0.311950128095263 0.17866009724500664 0.29155398830522383 0.9979833658474967 0.9508153241266682 0.817417134775008 0.21808647781519208 0.7889250015108915 0.9617256523173453 0.30129231088938746 0.04756676588276598 0.9336732256337799 0.6004396278644916 0.018922753696984485 0.6108826826939489 0.36264919808663687 0.8240734000039879 0.8935964567351038 0.17437713755467044 0.16219176551191739 0.9556042469792243 0.89497299565084 0.5518286423570159 0.024969284339876996 0.14693027486633914 0.6679466975972191 0.36680392704510145 0.5900773213856314 0.8132497125997163 0.21460802721083194 0.4803688521507711 0.38180747345726684 0.8919008236117348 0.9245396990610922 0.5982098083633225 0.5475591177120331 0.8144191781966866 0.022355068031637892 0.7067034693822917 0.555003374945633 0.7343250530998489 0.016497330253295805 0.5597110000913282 0.7018004603348279 0.375165678718686 0.39212611104013084 0.04803017742859572 0.04645110823320808 0.3932838249189722 0.09523191388533203 0.0342139228815217 0.4043114874270599 0.5408632315518113 0.4859058010794257 0.753636115252574 0.6252822320318634 0.6449576595061329 0.8883621294810935 0.5626231922586116 0.8021894644900908 0.8799511786227833 0.1353278642123279 0.6736969547007812 0.1302246128028105 0.11265527614325488 0.6889826127842494 0.3978563286729214 0.02550639218139661 0.8072555064389595 0.7614529577178365 
0.6188323463256771 0.6440016016611063 0.3972398654272288 0.8126205091285928 0.2350817083490202 0.7618714250947441 0.6053258149488654 0.7023265932055802 0.23900144482333974 0.522507881503664 0.3826583824515536 0.23162324973524429 0.26226465539730204 0.11709612368373201 0.3213835465793069 0.5074358059914386 0.7825698792726267 0.36969829749463334 0.35103530325176113 0.6466250835954725 0.5403896626728474 0.48556689518668195 0.425985788425132 0.9422525104516014 0.2934293736975758 0.26788908401209466 0.4374005347761857 0.3846805666815467 0.6929216941059999 0.02633354153099865 0.2985840514681549 0.36862050339599384 0.5951564016590152 0.7513848455448425 0.8610210956943415 0.5930845963592984 0.7311139033104236 0.9485353725178448 0.7954065816406787 0.828870284893876 0.3061185864085183 0.2716795515657777 0.7600457071067505 0.678624056291499 0.6991408909656346 0.5234847620285679 0.6169224060569547 0.23985530978300795 0.33264380135582905 0.6646534561241818 0.11824233684219243 0.3234772746162663 0.3479751742854751 0.45082941098382645 0.43649423353951167 0.017436174857626163 0.43302220292043603 0.5242031100143247 0.2654073432485333 0.354163405995756 0.8020227001846559 0.5920264364886274 0.9245396990610922 0.19995908871862877 0.15477271425556927 0.09157887023409639 0.3549362251628879 0.565647043971646 0.2284057085697 0.10666070402476469 0.29484786117643735 0.2768909683011751 0.7654389847013293 0.6883475464844803 0.13895798377945467 0.19811486765282604 0.5518907768920361 0.7626803624421378 0.3113020567266017 0.08599113067973119 0.18271243840485285 0.5760604230052956 0.931721879301132 0.25338198065233497 0.9028367590482498 0.02670786886434673 0.5902124651942839 0.14153429499670134 0.9442562714516366 0.9156804780482048 0.7498216179359963 0.9845187688893886 0.6937565698228759 0.8937287605140725 0.552668196307265 0.7860365329173354 0.31987534309338206 0.2445204234255407 0.5507168796485461 0.7710991356842225 
0.8163197398689496 0.4760763780285594 0.6330837713280391 0.6905727868515439 0.03721415832783059 0.6089410781807562 0.501758676658731 0.27735104287007906 0.7491299213554585 0.35741704366317084 0.004875483254944801 0.3072522307799852 0.7957204376180558 0.10238502091021995 0.4997019207319461 0.16706111315141792 0.22042822742242285 0.19845982008547836 0.11510138610806386 0.1891044892960696 0.3641304782553848 0.8503309505041718 0.5121729739172698 0.23841574321207337 0.5263772602500547 0.20577557292004378 0.8620187403240352 0.19017742321889763 0.4482302926639634 0.637350885675183 0.13085284949980092 0.6479380893569946 0.8879799068845492 0.07063604014018188 0.20460980429598796 0.38105021490422986 0.2976398734882517 0.24291341489759144 0.055893716932098325 0.8016265729202667 0.8187385190496584 0.4334734868521519 0.9123773386526896 0.6697188466403086 0.22041720563468792 0.4722563090723153 0.9345482707981222 0.6022333108421932 0.7801753235883622 0.9161991040295313 0.9926432568450659 0.43971076919295626 0.9481512171228544 0.05686251956527366 0.018123843316793953 0.09029211748172428 0.8562590503771421 0.04970077586685395 0.20292379960443951 0.8154795766087062 0.9540789679837071 0.6909774331275305 0.5982098083633225 0.15477271425556927 0.9378528026425423 0.4152755624438893 0.2862659679374262 0.3237211810034507 0.9977850278123693 0.3826119370946439 0.7066761069881967 0.1766470182182237 0.3438862846059457 0.5244066521183015 0.1136879855275742 0.2802662266263203 0.31171252983810116 0.6577394868040642 0.7197469320965963 0.34525521420538774 0.305392905725379 0.29849017594113947 0.9120730931080954 0.5271148863978513 0.5283619194876541 0.999919786709233 0.009786023737160865 0.10065782238435583 0.9287798197011172 0.8355745979403784 0.6402127709932233 0.2586302355571176 0.9647743630427142 0.7061084243288313 0.8575790074272631 0.3610376339679008 0.4948323258915117 0.17012677909431295 0.7806029331232269 0.06037555513730708 
0.7519153981792162 0.10662145013580138 0.5314754229526807 0.761016622940542 0.8029081931079517 0.559973396435522 0.16192265748020696 0.03513578554494656 0.41560430050063346 0.42479182746605215 0.021248101811685793 0.5427839873828213 0.5746125646744262 0.045722994368109116 0.8613446375058019 0.07984047655112336 0.5184440610609163 0.45150177172360983 0.6367571952786479 0.03336212016730722 0.26716701354207384 0.3187450165126746 0.5471163284676366 0.9509552896400232 0.5968075700901919 0.3717068350801116 0.2905871449049583 0.3611405213375022 0.11519870324653458 0.8036905516091273 0.7617370744309501 0.8552251179370388 0.9550893689745729 0.6321542768942158 0.7064053431563087 0.9278244296279614 0.20075139628976824 0.7410736676254377 0.7192823279331003 0.10734771033579282 0.961977533308914 0.5539992796526318 0.9210139205015019 0.7086359889295741 0.4821874167904855 0.4158111867219959 0.6750326271035857 0.8925737872736529 0.7468983790543204 0.5397991711867105 0.58186924265995 0.7189676602760295 0.6263288180177483 0.12912925276908682 0.37975308144915854 0.6219769233910181 0.530943795069421 0.1829489569662971 0.22397957265075885 0.431273815557935 0.900273251428177 0.9698551854084433 0.5475591177120331 0.09157887023409639 0.4152755624438893 0.9551144106539612 0.9259149009151412 0.8350820393508018 0.7328494731853125 0.9981625521518432 0.9039188918396681 0.6533831065928856 0.5568011435914391 0.93641394064565 0.16910689990328476 0.3048162757274504 0.39694102522022845 0.6591313599634927 0.4778457611495759 0.8091939686842993 0.3766194459664288 0.1728047960744068 0.3856856896143116 0.8204463042262499 0.6502522912403912 0.5527745989770576 0.260453512038903 0.957984503569436 0.42414906103933603 0.8877715554528964 0.41931339292065306 0.5105740547713299 0.7163747990399444 0.7492650951380747 0.878960720004089 0.1408003574974912 0.6949095018571189 0.823955406437151 0.8848736202669706 0.7777791147663885 
0.7212733400292421 0.6600139826074541 0.06278247386859137 0.332378677989727 0.6395550754835834 0.8941344426341212 0.946524303769168 0.33062012590964407 0.7512014309231405 0.931512506681117 0.9921533096978469 0.6546431560954723 0.9112359751637119 0.06313200466538949 0.2186173166474411 0.0863030362159577 0.8015128651085084 0.25736249129537203 0.35889736075138423 0.9280484456178336 0.6169482136841421 0.11171521821776131 0.08183248296993395 0.09660125196969094 0.958303905126147 0.05212746775210375 0.04242663382727019 0.42812787509901307 0.2755888834518372 0.34587605116873577 0.09323822699822482 0.6564768600871724 0.5642191688467907 0.6927555064891708 0.503648827473839 0.8815664362478365 0.6487156425614553 0.3292081065030983 0.41023063573791907 0.9217999114457832 0.6427519621971187 0.0941254386278374 0.9248311225570903 0.7685001209009078 0.7486766801287941 0.019802887627778043 0.1487811133352137 0.62920421698767 0.03250044723637968 0.5516307757152286 0.5209759820773123 0.4688937372925672 0.7292789641541829 0.22913250717954947 0.5849929942487424 0.5310792424577754 0.667929304004768 0.840047735618082 0.14384445843820348 0.04474906199889206 0.05932049963415009 0.6930993651081249 0.8144191781966866 0.3549362251628879 0.2862659679374262 0.9259149009151412 0.6882520293657155 0.6104413728591038 0.46855381597290935 0.10158424485052875 0.12374763517217935 0.5000407208504125 0.7709465936356895 0.8949370778444251 0.7163021193928728 0.1369347412759927 0.7657373983789382 0.06601970821099801 0.2037770121133473 0.6842551731824056 0.31798017589385796 0.3308467990152927 0.8052443257731442 0.510425484281759 0.22152109217741722 0.38444982243207304 0.3644115147734903 0.854015142497927 0.9729378362530734 0.8871980884600155 0.8329100926541494 0.22555998554158407 0.560224061902723 0.7459016615666711 0.3467745385039752 0.6612472473442479 0.4712049588285384 0.9789109180101153 0.6543205572703222 0.45605961013874086 
0.08325362077570742 0.4943713452801015 0.14847872120748185 0.7850102211357474 0.6937339493561205 0.1061451099030144 0.0132210749406525 0.02149797697370015 0.1210811824006981 0.12596054206885865 0.722688737474471 0.44313849274921047 0.07686641597718014 0.01953387054782496 0.7772643451447678 0.6866468300264289 0.5436712361471885 0.05359987326257787 0.212948642173583 0.0605075649760205 0.34506937541953697 0.374436903213061 0.8180458176962725 0.7668175034440246 0.2124121912275967 0.8160495120309316 0.8848541770442663 0.970158279288298 0.3455216781638314 0.2836798977889775 0.6868228843186633 0.7488540902677314 0.2352827544928403 0.1546384185458255 0.7082077577430917 0.8930275595151681 0.9969720676273653 0.8239831919107112 0.3183334406157521 0.17217578198925854 0.9619781656105172 0.9220060393033674 0.1407523460462865 0.45648142862192875 0.31570057388311445 0.06758023767023091 0.9328041531240051 0.060288291514545844 0.26063842325829234 0.8964456432030309 0.24140592184706533 0.43184171150141437 0.6557814817651496 0.45800791105800753 0.6059278989758191 0.4395540260968517 0.48230316651126803 0.8434215191705041 0.9396681334002341 0.7096171822921555 0.031838500235912726 0.8603184073672596 0.022355068031637892 0.565647043971646 0.3237211810034507 0.8350820393508018 0.6104413728591038 0.4596785131103326 0.9202481708001616 0.06476482912336756 0.6729172693034751 0.34653480070046894 0.6398775160986999 0.40431112243713485 0.5495526897672129 0.2786131626436108 0.23553822498971666 0.6900602916881384 0.9062981268926562 0.41981505197849944 0.08613858168374744 0.36198486149387665 0.7956609770132101 0.0069983920479287365 0.24752661281286537 0.9493411508030885 0.9285076711700319 0.0674366395484367 0.9185246129507326 0.9902756010935371 0.8618717889814669 0.8651339826160518 0.308434914392717 0.8720134885466153 0.5398478231891907 0.32004570465026394 0.2967941847920553 0.013902365428658081 0.5417268705324024 0.22726063229724391 
0.9895187165478448 0.8594201223983097 0.6012432840790582 0.7397167172562668 0.40023539756358006 0.28932469258571725 0.5884751952270142 0.9112570329805461 0.9943896845455481 0.781114573696905 0.23668642943433138 0.38325516187394304 0.8751720579690265 0.050212125579871314 0.09213528914948699 0.7198594332171875 0.7404910272540722 0.30951640469338126 0.3854929912530509 0.7622985832680566 0.7681188393895187 0.9259239555292917 0.9392003446755028 0.40870956292387917 0.17503446695014702 0.5867606165517394 0.8990439534392113 0.10719820943863445 0.2937684899936751 0.3780261850242096 0.18072498798644288 0.721983043737414 0.9265848253091921 0.865110773905746 0.48639264922550074 0.8703358431219695 0.6920981583429675 0.7319091814798587 0.6698874619214418 0.7221080031652277 0.9255069666740713 0.5064106832658858 0.28701474797150506 0.13238926184174304 0.14997217230276616 0.7679723233799969 0.9609909742675667 0.4083363384791088 0.7444450980711718 0.6604901754205834 0.8125399333204939 0.3763940981285401 0.08615432505435106 0.7808733115372658 0.5961365488000343 0.12974131668214894 0.9796003339179253 0.9113935089850851 0.33728017170903324 0.49465713116637033 0.5281191397145499 0.2225226892772646 0.7067034693822917 0.2284057085697 0.9977850278123693 0.7328494731853125 0.46855381597290935 0.9202481708001616 0.991974586719319 0.4767145325379514 0.3104761599356577 0.09246017989990896 0.6672996418791955 0.648995841027191 0.7098595624644793 0.7954768607591837 0.5816634706037783 0.13488107039878894 0.48994138693128353 0.09553218647632356 0.8762122424907304 0.3476788213787051 0.6284113570619021 0.19974231657062413 0.07946704093518953 0.5996618639475181 0.059113737085740525 0.230737431217226 0.7503374061766532 0.6708812234697573 0.9993589718565752 0.44974847439570287 0.4417956065264188 0.9384557895557828 0.9440416371229468 0.5182729212026022 0.4775515863320704 0.15267137471845005 0.4072834636087206 0.9144387568973747 
0.14713382858393254 0.6679175171117981 0.06643755011272323 0.7419647530808915 0.9481094639962551 0.4450142462171528 0.9616339441493099 0.4458452015702786 0.5523301790661949 0.8657414122833433 0.102488659774429 0.48892234396090994 0.8473661454868983 0.596859001612601 0.09497371363861884 0.11415703494189022 0.9652452058100799 0.07289647498295548 0.04337099698045033 0.31957588327637243 0.7945660552607826 0.0305883184925112 0.7020639301393623 0.07847477898869892 0.826527504075103 0.08572297832222764 0.8637442677198821 0.11024625834120272 0.47078732368166887 0.6068023639982522 0.7072894106199783 0.6402990295435248 0.02961950369567312 0.18033956597237477 0.9171708236211931 0.9940009313233887 0.7978895429803784 0.39775339390327413 0.7439747411951705 0.07859471814501073 0.3965925267977354 0.9788853219845164 0.1116867761122019 0.1988884138840833 0.11941167225176019 0.6474528020105534 0.9144268409040464 0.40778187638328534 0.2895170244543508 0.9794562181549147 0.6716542860712604 0.3133174495969897 0.11752087890514928 0.3741125442125318 0.9453998589616883 0.5318744733328276 0.19995521497661828 0.5828246650888427 0.19263267750840563 0.3503798378757208 0.6246693461693081 0.9039717671119222 0.555003374945633 0.10666070402476469 0.3826119370946439 0.9981625521518432 0.10158424485052875 0.06476482912336756 0.4767145325379514 0.9998887887693693 0.8573565109503548 0.6612659866355253 0.8594443171303493 0.36889206896122395 0.2693846168724022 0.047112371794040486 0.7549583465345567 0.27161822461545293 0.15578532893364538 0.9141231452259627 0.18412389288586883 0.8343307344171804 0.8768305304793897 0.8813663912500828 0.9868157443022005 0.6217403073896354 0.2995931260645619 0.9095678312265434 0.7840607578861197 0.6542631951568426 0.7288600276605557 0.6214414962144724 0.5970367652819719 0.4776295905788126 0.3509128794096763 0.41504749684329745 0.8828242425447135 0.8787445474622986 0.9405735497402218 0.17745812716637221 
0.8439597098259728 0.352172809321444 0.3453713502699909 0.198595479031752 0.7147521770005005 0.1801748883323111 0.8059285438654901 0.009897854439553933 0.10557259643343275 0.6288810119182969 0.11792318272099267 0.320021170808254 0.053918534926154504 0.9459168550408457 0.0010596635554918077 0.618207485207419 0.76682922202503 0.07075846761056503 0.2753639448408589 0.6734172452061336 0.060612874164973296 0.36324700221737893 0.006427174069520869 0.4221166403066198 0.44022105650938903 0.8983860781066118 0.2947690013957939 0.7099643140126983 0.5914153152352302 0.9846873291201693 0.4973706516531171 0.8430951381132605 0.616265109926857 0.8075566409145668 0.30219495527015894 0.6283480407250266 0.5161469206003292 0.22670070930755237 0.9019443072117224 0.11473363511584977 0.12268514954760579 0.9571283768168402 0.6416723690691675 0.035661943201867 0.29506605171840206 0.6330268967661761 0.7112027717656633 0.21869145877132434 0.03596124755976604 0.9533591556375481 0.13354404911666828 0.19815780676443562 0.38188217217084675 0.209039943828224 0.8400215365689686 0.8052923914651382 0.5383160955716569 0.010030554614005482 0.4776354380248319 0.7274291315413952 0.27368926892079226 0.14819132789839673 0.7343250530998489 0.29484786117643735 0.7066761069881967 0.9039188918396681 0.12374763517217935 0.6729172693034751 0.3104761599356577 0.8573565109503548 0.3920927821835982 0.05752460104766122 0.7430438158686063 0.8249591522480441 0.7431618873717243 0.9365029341013295 0.5094515951104587 0.4712085191660308 0.5023837651835288 0.8183170220988468 0.6386487502387993 0.7562198085829958 0.8625532117262781 0.7857621633286695 0.25768891074199574 0.7567332392113971 0.7190580260985167 0.07991553834531628 0.8595454197533 0.9424821755036765 0.05774056117456339 0.18890466315722865 0.8090136099725305 0.8430586446060085 0.0889495057734121 0.533215712593492 0.6263734819165623 0.4465264330473335 0.48901821692190617 0.44300608335609326 
0.41782465285555626 0.43044826089305754 0.5340624529141669 0.07179715666556408 0.9744083594621789 0.11316850419007951 0.7796684832206553 0.5290237744396984 0.6418055863739841 0.5772214009350346 0.9368936853019352 0.9547188172603807 0.8549515322573967 0.02506679243580945 0.6054966876310998 0.4072423304617937 0.9777470345847556 0.02125945872460766 0.9696358249087155 0.877364154881518 0.9865924912345483 0.27351660876377537 0.7861369111001767 0.2595316729946431 0.9730493924978698 0.7488518361954611 0.7048745464027824 0.3126819696002864 0.960956987462147 0.9240773398209652 0.8886741730914883 0.48242975863136195 0.4865110417355817 0.33665561718529713 0.7215537902126934 0.48175025829742146 0.6162998211797154 0.853319524048607 0.6781953019502229 0.3356469208012146 0.14099044904377822 0.15992687535212835 0.017188855440897877 0.049941509676902474 0.12511878788630992 0.24253626521038485 0.701199727802432 0.7584140217102133 0.5871619064244094 0.47087337350832426 0.2764165929205954 0.0178007231637497 0.13531477631293598 0.5935861639852518 0.7937351393788156 0.5230400660478088 0.6064374631898929 0.20786547158128355 0.366865545383547 0.2903135928248385 0.20210758780131755 0.9024150676002083 0.016497330253295805 0.2768909683011751 0.1766470182182237 0.6533831065928856 0.5000407208504125 0.34653480070046894 0.09246017989990896 0.6612659866355253 0.05752460104766122 0.46327217000440635 0.8636259200752027 0.44341407313651904 0.5887071345510291 0.5964181458340798 0.46035966129852957 0.9250611184256173 0.14827263784000244 0.0820620858327823 0.4869436216916925 0.7868458759674816 0.7727488166771818 0.9378719473987 0.2125539339036122 0.7990742708985472 0.8464126116658257 0.3486929179694247 0.7129942735888496 0.7206552192816339 0.6285445016725341 0.42881545226488416 0.7523545620481985 0.8570443601734062 0.6109731178501555 0.015757309517568263 0.6499268188628649 0.3284891827391314 0.8288487898709164 0.8191988812615167 
0.7598083565876095 0.9863759509005238 0.6543711897847793 0.32041466409424957 0.20373597030078672 0.6632297276428332 0.05890738217423808 0.4560030657266624 0.3302720595957026 0.5113697430290381 0.7565749699455362 0.3171687163468141 0.10122309911643101 0.5370926524173548 0.5212143777495192 0.9904935315753319 0.9889835220247104 0.3459999924481212 0.3501344702461019 0.14607665429657846 0.40133469486916806 0.34028738566057715 0.8729462915778208 0.6133942501723445 0.896301601815969 0.9667939930753818 0.0033747660380962774 0.5962881686714723 0.8000607357043862 0.8403140832390859 0.28609277297061086 0.3963430956699665 0.5594397202069646 0.27243688367272156 0.9544667141855069 0.40353369843063736 0.2545469840466319 0.31183703124080697 0.2623295414807434 0.9238237969034448 0.28630530469584126 0.22337095262964424 0.5813577651180445 0.5459191184530052 0.7084022383245919 0.10602033001190658 0.9695350727963976 0.0021081387384540573 0.45401776097373614 0.6048189428263716 0.7596778275426598 0.6998556408354943 0.7679204525275597 0.9498416173309386 0.22026298974129954 0.2804641972810794 0.4049370333825403 0.7769284924037196 0.2786451559448 0.8550920560835342 0.4920554919354432 0.7098387124539535 0.5597110000913282 0.7654389847013293 0.3438862846059457 0.5568011435914391 0.7709465936356895 0.6398775160986999 0.6672996418791955 0.8594443171303493 0.7430438158686063 0.8636259200752027 0.6300894129929834 0.4488745646814023 0.9216735207729624 0.003593134646071472 0.9155659251275445 0.19847590909041524 0.4574355796669084 0.9441050770960753 0.7434109313430448 0.7631839156518996 0.4047666188320057 0.4629178548294136 0.5582693426258862 0.5082743636621949 0.6663599304074266 0.32657569524205765 0.8689018989046596 0.5565524709581305 0.27145892115656167 0.1649167291894953 0.6416647996499303 0.34871038513679087 0.16604452050583074 0.2582815072490531 0.648576062115905 0.1779936164627639 0.5364213718154828 0.832065649831988 
0.5686025415016464 0.05928014043770635 0.4917841794575789 0.18932660956328073 0.3755191444024081 0.2793536480469766 0.08914177644234378 0.10051342847041556 0.6224414761014279 0.5397630114005807 0.1206525642365045 0.23505867256649549 0.6259838555440069 0.27236509789397956 0.3890828503838589 0.7264738220574155 0.15116423404850088 0.014646094339614502 0.5722517536812066 0.13814155577490062 0.8974132754547551 0.9829052091315822 0.42066915761749346 0.8114586898639822 0.20956590634074557 0.17519899267909578 0.30818090940063503 0.40336625968595163 0.706736398601978 0.4894321350141424 0.6453291419351009 0.12608127230848498 0.9449312136768134 0.703188482416247 0.8143863659948094 0.5469431527803124 0.23698223251198192 0.7856034188742456 0.14027843526483774 0.08785520122022605 0.5635666376832635 0.6313390099688424 0.2635534242174601 0.029494237472829865 0.8906706111370158 0.01301923130953353 0.8373624816640431 0.8576164627199622 0.6656673894309358 0.878577319410243 0.881130619892091 0.20049100444559664 0.28098673673186014 0.3352432165356848 0.8239283006257693 0.875195482411334 0.14547636049806278 0.7127045959989432 0.13127013034141466 0.49910614724133384 0.6239617830196375 0.7759655616755813 0.7018004603348279 0.6883475464844803 0.5244066521183015 0.93641394064565 0.8949370778444251 0.40431112243713485 0.648995841027191 0.36889206896122395 0.8249591522480441 0.44341407313651904 0.4488745646814023 0.8877974171061935 0.7117802837366392 0.25522229449478684 0.596318304486585 0.050805206797443825 0.9394345442215228 0.34842143164505546 0.272970300667258 0.023219164231083722 0.8188037085870529 0.34776606199438787 0.7644094470233023 0.5752037123522178 0.13298636295968713 0.015108206407797087 0.434502462762672 0.7225511957325711 0.7145062580580787 0.20343673916931737 0.6967964338939387 0.7210018149831624 0.24578497213606 0.5539815537594015 0.7345151721668935 0.29405094253980235 0.30281390503583105 0.31958124152071743 
0.517346916664102 0.17442055040276527 0.7228034609140435 0.8053395527776412 0.5006856694268786 0.15637655505757775 0.7619370234255805 0.1299312333865542 0.3642878880047141 0.2511823407581575 0.2544817857207273 0.607720158496247 0.28780923986187246 0.9357931598146345 0.046904575393515446 0.6436230654027194 0.8056051155530793 0.6867269175792432 0.969928296982802 0.9322308715065907 0.3504695839110922 0.4879112708365987 0.14875420788703997 0.13189245742706113 0.2548566106842962 0.8103808039915398 0.8003745653230718 0.8227095054222603 0.35257485003634803 0.30544879880838915 0.20138834313915932 0.8351336538452029 0.9959408975581876 0.5702905312990699 0.764240573736979 0.22652483847665883 0.3981273063584233 0.026721176320981588 0.917896514295325 0.05616583713086165 0.8501711296919641 0.11381301016375112 0.41265164133530774 0.6850037452866221 0.802340960666707 0.7743842876457112 0.4029965940120992 0.5151154042152617 0.7064646715988318 0.41743730326254613 0.7061335676997628 0.7758577547356477 0.8060502235921382 0.7491701153283157 0.5234074326970332 0.5564810698412211 0.8040794826888434 0.761392287107048 0.2177921258767368 0.14843285382919003 0.22138210536763026 0.512594286878145 0.375165678718686 0.13895798377945467 0.1136879855275742 0.16910689990328476 0.7163021193928728 0.5495526897672129 0.7098595624644793 0.2693846168724022 0.7431618873717243 0.5887071345510291 0.9216735207729624 0.7117802837366392 0.7130987555224546 0.4884389324326309 0.1731840432505254 0.8515765075576864 0.2884175309012349 0.501714550567775 0.25013985248517556 0.19081127900229045 0.5624241288822984 0.9327082127574167 0.48108121735803344 0.7628943617726834 0.8928907354976404 0.1684463236119197 0.431945421867564 0.39369442738474514 0.12501057732787935 0.039983726698286426 0.01815888479688188 0.7331114917614036 0.8800264888568174 0.454826353375574 0.8483560591624718 0.70348863000057 0.5096814333264437 0.445061309695721 
0.6274803257582673 0.16463914613556585 0.42240084042517456 0.07830257302806998 0.9633881325509965 0.7775771378967661 0.5495468205558481 0.8193912105253313 0.9393979864995625 0.015010037172294766 0.3750177570108171 0.8912140456913841 0.9398002742292235 0.40791098343676546 0.33681357167113923 0.0058198839078920095 0.46338437394371423 0.07143701267059499 0.39011771906696824 0.4382008626903886 0.5446101913227269 0.5475252304781049 0.022593881320977838 0.43112075178562614 0.650540271963346 0.4445383606692369 0.2445832062635208 0.6950047481184713 0.18682635182834895 0.9904457706966876 0.6610731174832182 0.973314898910881 0.11124715420945297 0.7542914398882402 0.4968135869611421 0.27243068643592505 0.16375709412259443 0.410032444992274 0.2564940423062321 0.7619762575691769 0.6017584723903877 0.9485370838152971 0.835957738618178 0.2954769594775619 0.04896253701186759 0.3117852474375715 0.09108781776126329 0.9552453618697372 0.46404679760899414 0.3725068072209987 0.7717176688124846 0.6104907131587634 0.20090290840618907 0.7920764615148036 0.18993037492557507 0.8338610722837632 0.8525214111375131 0.1763057290433978 0.6542362868219614 0.11664749637145377 0.33835491467622547 0.6569350268026399 0.39212611104013084 0.19811486765282604 0.2802662266263203 0.3048162757274504 0.1369347412759927 0.2786131626436108 0.7954768607591837 0.047112371794040486 0.9365029341013295 0.5964181458340798 0.003593134646071472 0.25522229449478684 0.4884389324326309 0.42882087216097 0.7735973669251294 0.20516893512299605 0.9580074637539757 0.18461383008824206 0.6999514218368562 0.5353945844634193 0.7601443762532295 0.36760591823615174 0.8742727505563781 0.3817415739214761 0.025272868444594754 0.44214754142484936 0.5692550971633789 0.8351673315230606 0.5343062267899926 0.46585979292158797 0.18433969735557998 0.1263401073909297 0.9267856615568506 0.31604179297916435 0.05903904560843476 0.07065770963088114 0.11315962579181893 0.35144669498706593 
0.4352400928542398 0.5274260105224801 0.25684492998617203 0.6504066479144844 0.6320747534620739 0.8210248170642633 0.7620769173063848 0.5485292099231197 0.9368788122958055 0.5823858567822845 0.5302338521602278 0.5714590423125006 0.5728420179964752 0.4602480298817868 0.16605471617807777 0.9004839296685352 0.8424527681939413 0.8087691809893579 0.8088988092460732 0.5290514625560895 0.7777060235238813 0.6249157747647365 0.3084387671002162 0.3549648307974528 0.6337947863918977 0.8447863694562858 0.7948380011486406 0.2410216476841216 0.016544150252673195 0.12246641928581259 0.768025330291488 0.6605138529387348 0.20021988993993167 0.19095691583671814 0.7356272568732015 0.2537974826658542 0.5762382889728598 0.9259692765549888 0.009219180334470445 0.5657297214440511 0.7134417081282716 0.7275808668734579 0.05154900972406429 0.34002368162559293 0.8868315938755768 0.7310029628847486 0.3654851250199801 0.20167273259818042 0.6797583811312933 0.4576966656558624 0.8339231543966394 0.3334045588776092 0.05365934811081863 0.5545962687799989 0.17819429248462726 0.5670072923757452 0.2517487104235875 0.15233250078775085 0.2678432856696136 0.5375466474810829 0.5763332731477444 0.12399172974935413 0.04803017742859572 0.5518907768920361 0.31171252983810116 0.39694102522022845 0.7657373983789382 0.23553822498971666 0.5816634706037783 0.7549583465345567 0.5094515951104587 0.46035966129852957 0.9155659251275445 0.596318304486585 0.1731840432505254 0.7735973669251294 0.5434140538519737 0.8273729669292588 0.7820614434334885 0.24468622375510096 0.7936306492329979 0.995684095745126 0.9182652831608787 0.2722815517191851 0.19509245218837334 0.20052998879723904 0.3846955366327861 0.30738618981400156 0.4064657643500148 0.3569638864285406 0.9158103975528098 0.12446438529860226 0.7649842566351474 0.7443614995888098 0.31987546098451447 0.3957161150359022 0.1967402476946265 0.8703526594057592 0.2940882752034685 0.9357979591793004 
0.5182143196627939 0.6298392416807796 0.20682411160566305 0.8128064924970877 0.16214439497557132 0.33823112547638146 0.46690806109164773 0.03619295522552457 0.2534550110687507 0.33737620363766296 0.6152137687319937 0.3090304470820864 0.2676975849870872 0.6941271387940018 0.8604582960075895 0.2181285022692322 0.06049143318822858 0.9970437619549679 0.45657623301603945 0.5393383228825841 0.3645420138033819 0.688101809421929 0.6893713009090199 0.8244632151605642 0.01811634177377186 0.3311623007671938 0.10627147371481083 0.9241896902896171 0.027005683109109113 0.3937143982782181 0.8934716425871287 0.13860042480456036 0.4483760262163553 0.5086412957934802 0.4924277103080076 0.7784260624314141 0.6604225007178689 0.3165755702982449 0.014960661727997038 0.08607590520564079 0.5533420265058504 0.534929319794335 0.19151123465454212 0.1269468209222594 0.31865606843846406 0.9288327798709342 0.018361763899508055 0.6088867910296217 0.7246726620784484 0.8125783414829509 0.5268872534125703 0.9514587607189471 0.19177908614444172 0.5493213195133784 0.4879053708333103 0.08601602905203565 0.6983851709864766 0.5641532118967272 0.45792000474826666 0.39659270741668173 0.30904045434337046 0.35183955304910275 0.04645110823320808 0.7626803624421378 0.6577394868040642 0.6591313599634927 0.06601970821099801 0.6900602916881384 0.13488107039878894 0.27161822461545293 0.4712085191660308 0.9250611184256173 0.19847590909041524 0.050805206797443825 0.8515765075576864 0.20516893512299605 0.8273729669292588 0.8352404011390024 0.8592479901395981 0.019210711264692537 0.3343966703106446 0.2673236773520099 0.7608652212357584 0.6193106822228229 0.10546996616962223 0.6976097635364266 0.7430425867284731 0.6474104393468313 0.8774773576456043 0.35096646727830394 0.6047593958111516 0.9892838768030354 0.9506810385412597 0.11705488807751252 0.4266667887163609 0.9653405553834877 0.755605259838231 0.781831726986989 0.4619643359933844 0.9544795993386188 
0.33990098377420597 0.6321033781257313 0.45753373539593933 0.2767135013950749 0.4367773244905472 0.42489592529921616 0.6402328823709866 0.41154168587575446 0.6031770637641147 0.6912107486381243 0.35483710602263463 0.38666946476266373 0.6499797704051492 0.26569252750052796 0.9410356969574422 0.2328359569704913 0.4532270227673074 0.6473964439184434 0.4825054687320558 0.7693726862712728 0.009158544875438768 0.992323158374337 0.32259811800760263 0.9216338620451878 0.826736692640964 0.3584531527292485 0.29893453272682935 0.22617048027391362 0.12981509551056258 0.2968729088925033 0.9255519974187129 0.9690254497138715 0.01954926039348448 0.36443763939703133 0.4197380067591586 0.010651668066293474 0.9952066223987036 0.2556073544687937 0.3091336278773228 0.9248736183530184 0.042505022947162074 0.5569890408966258 0.9831311474997968 0.3706426583148382 0.1412106356828624 0.3109855255063547 0.40207960228531126 0.875206137059277 0.21244808336398946 0.7865567465474829 0.23654335234748025 0.15120476764803537 0.05661760321974507 0.7017925764649309 0.580740602597294 0.2803163633081309 0.47903701435587454 0.8693183335056727 0.1600534574196546 0.36110242806313286 0.5747872591604835 0.5953173100546688 0.3932838249189722 0.3113020567266017 0.7197469320965963 0.4778457611495759 0.2037770121133473 0.9062981268926562 0.48994138693128353 0.15578532893364538 0.5023837651835288 0.14827263784000244 0.4574355796669084 0.9394345442215228 0.2884175309012349 0.9580074637539757 0.7820614434334885 0.8592479901395981 0.36099978971187474 0.1879578732533721 0.5629413462009907 0.5639915874833015 0.2001616141565563 0.3193832216983786 0.5371340715345732 0.22603245119345527 0.6112261305746394 0.6149479161978961 0.8319330672067669 0.11388822584146674 0.6200473357543134 0.7816602108298852 0.857607963836337 0.4401947538480464 0.633544256284887 3.816808343577449E-4 0.07609909271231119 0.5244723452742316 0.35689859047028116 0.6949710640171021 
0.9024312337902233 0.07493505128792532 0.5648069109958588 0.6569719248145992 0.41699873104570295 0.5149034525772948 0.4143123669690131 0.9566919494815667 0.7710095240826215 0.6847923646663746 0.9032567499733983 0.1602840928166408 0.7016281586391178 0.5269017961785298 0.23246729731004068 0.9463777474646963 0.5876325677831769 0.7125312775695861 0.7077249050787262 0.1787526442914602 0.525223047998658 0.8182616456515899 0.17881014046833532 0.28218749038074953 0.21935177062769118 0.8548407504014532 0.36934384102508844 0.5535584617626559 0.04981413963772163 0.7593779546402915 0.2521747497645962 0.27545138409528336 0.21737037918704483 0.09918287442327911 0.6424778747775016 0.6526000113907355 0.12199511231334437 0.37637857299112154 0.15176418627587818 0.5844812180040799 0.8643963357380346 0.035375358494857845 0.9389787908163885 0.18084140321720887 0.7968219938799947 0.11915797048179366 0.0867926474794748 0.9799823462794535 0.19180323902505925 0.9459485554539595 0.4476121825212611 0.8088094752228375 0.22668310762880528 0.11793452673773908 0.871165429897746 0.6488697342942847 0.16434919073533705 0.3204377386934143 0.6359173330180364 0.7008171450557875 0.7849171637516016 0.6393189316572767 0.09523191388533203 0.08599113067973119 0.34525521420538774 0.8091939686842993 0.6842551731824056 0.41981505197849944 0.09553218647632356 0.9141231452259627 0.8183170220988468 0.0820620858327823 0.9441050770960753 0.34842143164505546 0.501714550567775 0.18461383008824206 0.24468622375510096 0.019210711264692537 0.1879578732533721 0.7065590861701707 0.4987800732926214 0.2997462709056793 0.9705076606626478 0.5285096451017078 0.1579900223334415 0.6945138780146222 0.41703639529046177 0.7996118050289391 0.25512694098373156 0.5143079574811901 0.2223460237326087 0.7474308851995424 0.4924144825127523 0.5482738220493754 0.44061327932138494 0.4432099463124869 0.5651136954596329 0.16909783230306485 0.823314954237059 0.12054860780428522 
0.4880837768825561 0.6050363064528573 0.1988227731751241 0.8439798453407112 0.34284437810090884 0.4319886546120907 0.8459290840941213 0.22597709525877896 0.40364628788534573 0.3649509429500488 0.5670341115758286 0.045506953853198584 0.04485398932669937 0.8032565811502648 0.22186848951977567 0.23617484269400868 0.25838200900065766 0.43108962118398175 0.9608521722968257 0.7380775935855065 0.8344588745155836 0.6919863456910735 0.9269022316283216 0.9374715366184537 0.9712893953076455 0.30146667884348866 0.33479577875934974 0.30145100822120297 0.25364156559474216 0.01202441998177095 0.65590219373083 0.9029092814265599 0.6034646907902277 0.633064756056964 0.5376678012812791 0.9059836333933591 0.10565221426492422 0.02449080426654915 0.3986970563268979 0.9761915781153078 0.6629228661917652 0.3121587156252438 0.9255031541932444 0.10598295402717073 0.881162234020606 0.9753323572384728 0.682465606568177 0.2355935793624594 0.19769133973113417 0.20899953823288941 0.30489765164587856 0.05006786677090369 0.08097296256371067 0.8989123530303821 0.6913382271163168 0.05418242017082664 0.681171252538654 0.9700571956207528 0.3110687891105772 0.7120430407748899 0.39279565563954566 0.3682335895705793 0.0342139228815217 0.18271243840485285 0.305392905725379 0.3766194459664288 0.31798017589385796 0.08613858168374744 0.8762122424907304 0.18412389288586883 0.6386487502387993 0.4869436216916925 0.7434109313430448 0.272970300667258 0.25013985248517556 0.6999514218368562 0.7936306492329979 0.3343966703106446 0.5629413462009907 0.4987800732926214 0.8779358587999778 0.5103348226920695 0.8346315362318396 0.16301660595010714 0.9727559386791838 0.2605007748718188 0.34563480690662374 0.05211453753998163 0.2815491084913295 0.17637784990600258 0.029873641430645415 0.5406270110146075 0.5499176876417541 0.7197374095713359 0.6675413792126063 0.196296036897185 0.16427121539117606 0.9296938238787987 0.40622915011289373 0.2468755728871006 
0.5910913381609832 0.6073862620993183 0.627320994102316 0.227727179109122 0.660455089735676 0.0027758606142656017 0.49062894469611085 0.7782158507204066 0.46298292229828764 0.17668072213900954 0.1511330532991948 0.661218134482196 0.6579940670676482 0.1231311295477523 0.677724302425245 0.5343207666634766 0.9484385278409886 0.821936074571944 0.21491200336656402 0.9705684206506501 0.306770666079228 0.863596938637078 0.6747898006553473 0.7628207930799799 0.18715821201681826 0.19475210690277378 0.6801274983140538 0.09010673765458266 0.9574453342423507 0.09103042819374851 0.1958454960743614 0.38494053760186586 0.39115625711055413 0.943274047241941 0.46658434303364493 0.42558458144544387 0.0813022554472912 0.38511166144566644 0.42347815191379323 0.20327016629893946 0.6762858148199169 0.9537676297792723 0.35589737400011134 0.7826001510166679 0.5787505773136432 0.0714022333111839 0.4089201114821055 0.4883505195141543 0.8918821420493674 0.6613491592345729 0.5097912898497527 0.8677698450141073 0.6577120296618609 0.9903698230270097 0.4817511579902837 0.48146037974288447 0.09250295868667346 0.7052193500043376 0.7987570639256555 0.7094222077570712 0.061279936384987854 0.29521431451584923 0.4043114874270599 0.5760604230052956 0.29849017594113947 0.1728047960744068 0.3308467990152927 0.36198486149387665 0.3476788213787051 0.8343307344171804 0.7562198085829958 0.7868458759674816 0.7631839156518996 0.023219164231083722 0.19081127900229045 0.5353945844634193 0.995684095745126 0.2673236773520099 0.5639915874833015 0.2997462709056793 0.5103348226920695 0.6596676482976422 0.7571605380091133 0.5233395058013053 0.3500108020185798 0.8855192254787531 0.6083864659720152 0.3885552152375603 0.5100184565708715 0.662811595448954 0.7713099545025036 0.1343282578142747 0.868527663574037 0.2791800569009365 0.7314741930032803 0.008174334488842305 0.5070729194721595 0.8371324719149518 0.12350668289328015 0.5026289142650234 
0.7393343815925277 0.7522046923948372 0.7714363398055996 0.9893223477592519 0.3497397485395095 0.3912163976974391 0.8246017921566484 0.7138125157813292 0.43778494767194087 0.41912259170541943 0.7141463526051385 0.31967413752715845 0.31853064646821905 0.6654779259368476 0.6178389215756802 0.6588265974699097 0.7488151062737781 0.09840954610328978 0.1521298923099892 0.23669545793697433 0.053591752087246536 0.7243813379559412 0.5355004889724873 0.3536394598472222 0.9652183977713422 0.6121922120194582 0.9743767852215877 0.28510371152720737 0.7986456249760754 0.5600415802954194 0.8740707130476291 0.7793238756469635 0.3887463100701143 0.17640496869598188 0.8909751535730528 0.22898994028145525 0.949650933743172 0.1330492767186059 0.8228190456424211 0.7351384602734203 0.2025107255153331 0.1512772153022076 0.8654641444680892 0.5669888688154313 0.1947732747733497 0.5517014833957514 0.9709441178230638 0.47867461294185487 0.5798770402639704 0.34015405851929814 0.8059027529951593 0.6697713684840021 0.6520522660475173 0.8508528128459907 0.7098299481293557 0.2941977018896397 0.2315346857032532 0.6408384071364219 0.10600514857635346 0.6953806614912309 0.06475845088228904 0.776289443537834 0.5408632315518113 0.931721879301132 0.9120730931080954 0.3856856896143116 0.8052443257731442 0.7956609770132101 0.6284113570619021 0.8768305304793897 0.8625532117262781 0.7727488166771818 0.4047666188320057 0.8188037085870529 0.5624241288822984 0.7601443762532295 0.9182652831608787 0.7608652212357584 0.2001616141565563 0.9705076606626478 0.8346315362318396 0.7571605380091133 0.717114658498614 0.29590338650335246 0.20967225881870266 0.1370404058473944 0.41659451277820714 0.028869093804280932 0.32876815343529375 0.19994712968768547 0.5220159146213361 0.8561491721571239 0.7166360826176799 0.8516046221577681 0.12117371912537966 0.8059649336070507 0.46382530578348 0.7333002491613219 0.2340381339786628 0.3085205692011449 
0.5446220256987685 0.012908657041576843 0.844284950507857 0.4055406060445048 0.5476077813754443 0.38611097175346976 0.6193111700906888 0.14309239579127853 0.4668978341814136 0.4999452863741136 0.3073874176124045 0.6118593599209943 0.2410052764654207 0.029795696413846162 0.10026711716876413 0.4805502858662172 0.6829101645287018 0.5032329824747401 0.21341210889196338 0.5092016154622936 0.11988404631356331 0.38275909319820145 0.7040178570109512 0.8295558766087815 0.5857721364735653 0.7993924431143199 0.5521236277802536 0.15370099312055618 0.7808954234794756 0.8137752126349193 0.38050627369892465 0.9157049989619456 0.29944915389355 0.9228278286773356 0.3707515199080309 0.6136872266246193 0.22392371322458138 0.9473583786741903 0.6750285081793252 0.9754944727206037 0.8657080890003486 0.2924010565298102 0.04104736913760931 0.7883623232892928 0.23352888739776678 0.5169747793167327 0.43866156604308537 0.7632071040832795 0.92853466151897 0.8969519326633052 0.25444765128600566 0.9657799931967532 0.8709764762502124 0.4561486695689393 0.2632241111781488 0.4458825338294614 0.4114988774116226 0.7000837036937495 0.6945727056262371 0.5846398027081223 0.960182702667867 0.9585915299258707 0.4859058010794257 0.25338198065233497 0.5271148863978513 0.8204463042262499 0.510425484281759 0.0069983920479287365 0.19974231657062413 0.8813663912500828 0.7857621633286695 0.9378719473987 0.4629178548294136 0.34776606199438787 0.9327082127574167 0.36760591823615174 0.2722815517191851 0.6193106822228229 0.3193832216983786 0.5285096451017078 0.16301660595010714 0.5233395058013053 0.29590338650335246 0.14644752678139217 0.6334123066699725 0.7979328887197094 0.1326182628299465 0.8430230846749212 0.8197414109922194 0.26802837330266593 0.13791382260892404 0.8331249221060795 0.36346185486300886 0.8853050401520872 0.8346645521926489 0.2628854260889324 0.1521113360037848 0.2315241235446619 0.8180164072899488 0.4579383126197414 
0.003615440362915945 0.04416298369612348 0.5538409727709238 0.9610825199748425 0.5940414579823626 0.06540970889228481 0.6819952521644802 0.8365214881368616 0.053135955984191185 0.0074052503308181805 0.19824647042689914 0.4752209605894976 0.9773934686904585 0.03833842768321605 0.37821187460864747 0.6133502217732996 0.5701297747967202 0.9566233178821721 0.5244162617251139 0.12479264007639257 0.34594512493723784 0.15457562870833663 0.38215819301070486 0.11133917023170414 0.32551952189288613 0.5456219474664844 0.21161615225629737 0.6864067719798789 0.6922173023548431 0.49772472508681953 0.06593038079190594 0.5082996355994173 0.1422036817836293 0.49777999818996355 0.5427645137563016 0.7306317888237794 0.7286818531942023 0.0960516959889357 0.557223714177434 0.5511406469954507 0.7238137994015141 0.3961503843289559 0.033236346357096935 0.9100005252741944 0.16662322796001028 0.059773230444858605 0.0755754180038728 0.5452162811990068 0.48663059127686337 0.047823918667382226 0.7118980761593467 0.7394911745501539 0.9606281318607355 0.9569629340888551 0.40022135563446615 0.34212480019631764 0.8477497890680435 0.9404289246528814 0.7528401175324516 0.7936212516419756 0.5864483536179005 0.8860419257248989 0.753636115252574 0.9028367590482498 0.5283619194876541 0.6502522912403912 0.22152109217741722 0.24752661281286537 0.07946704093518953 0.9868157443022005 0.25768891074199574 0.2125539339036122 0.5582693426258862 0.7644094470233023 0.48108121735803344 0.8742727505563781 0.19509245218837334 0.10546996616962223 0.5371340715345732 0.1579900223334415 0.9727559386791838 0.3500108020185798 0.20967225881870266 0.6334123066699725 0.31735732411255324 0.16437558923613305 0.37532302950692165 0.3661260887181673 0.4878492574518839 0.6058570367470372 0.9526843946375858 0.8203111574676158 0.6182854565310303 0.9430683262418064 0.7108379132770346 0.9258864806917747 0.14289419598902975 0.9929915330920057 0.10073062320726978 0.8980896565712713 
0.43267394346772503 0.13519469446902077 0.6194413927119887 0.781071980032818 0.3445597503982254 0.9281238745180674 0.6922991079692453 0.6439089755615067 0.4984462270460164 0.6191651609598248 0.2167028778054857 0.5708303500200899 0.9389044515988758 0.9865139864771231 0.02806391776091277 0.9031745497564077 0.2915804590212192 0.15170242139472878 0.3215072058165468 0.8457252239426779 0.9448720595499579 0.24647140975949222 0.419104583384835 0.6238640914707073 0.06320303938734273 0.5236892122842018 0.6082119241434851 0.16974596552360777 0.4828283717363956 0.8491516341068478 0.9085613391354644 0.5630311851217155 0.5396123097432202 0.7404021821315755 0.9798980249371957 0.8661398554073212 0.5128944064000017 0.39359493188368333 0.07307645985448064 0.2700560497480302 0.5446024861311981 0.9659008221437114 0.12815831172548475 0.6917245634365067 0.1105374557653429 0.2626009833916344 0.03157894017593954 0.9631464162803381 0.2903279401144738 0.13079054999117123 0.5374891680071552 0.2093865802624585 0.39085655189903556 0.11625192130806028 0.4556163360070309 0.5293273713534988 0.8233374451099125 0.3318583812373026 0.3495192536812499 0.6841789139399724 0.6225435328064889 0.03207675241236019 0.6252822320318634 0.02670786886434673 0.999919786709233 0.5527745989770576 0.38444982243207304 0.9493411508030885 0.5996618639475181 0.6217403073896354 0.7567332392113971 0.7990742708985472 0.5082743636621949 0.5752037123522178 0.7628943617726834 0.3817415739214761 0.20052998879723904 0.6976097635364266 0.22603245119345527 0.6945138780146222 0.2605007748718188 0.8855192254787531 0.1370404058473944 0.7979328887197094 0.16437558923613305 0.8548489671148942 0.5814568762161427 0.24554603587837076 0.10098187363550626 0.22270775802378717 0.7913793756697197 0.928654584581774 0.8729611089100202 0.8207868303732967 0.8464829106101143 0.15590208215803858 0.9629370571522591 0.1724498034598272 0.4141118108729196 0.5858456842637005 
0.051912352742473744 0.14763930095366906 0.25522846184957515 0.4119325325523674 0.9502709522661711 0.23397393724009952 0.2603970888442072 0.8724361853259782 0.2973064879488666 0.5499511058354751 0.6639821701397394 0.5509636146336014 0.9416479194380505 0.8894103832493097 0.609448073728034 0.9358397825145035 0.5999815030554685 0.7066582348581483 0.8764139569237134 0.17696889036792807 0.3711699561610341 0.8510303381124742 0.11491891258987486 0.2564371072534962 0.7108944560373334 0.719746438222487 0.6697296555021032 0.9439102281673064 0.16823575771239152 0.18331732085299246 0.9470143698613476 0.02718070986997756 0.7087325770345595 0.22931274540232982 0.5551083064823655 0.2588262322180276 0.3529521262727999 0.3373897181721852 0.7996337128004438 0.6734643648310039 0.8526619712417288 0.6629998118113166 0.28569874411204055 0.08977896230042015 0.9706654423009508 0.18466823782028252 0.09836253665998163 0.6188769735619508 0.3451313526232316 0.6279521762002553 0.4824744155267666 0.6902327053535173 0.04705846186979756 0.08425711278584669 0.581798832223804 0.39856560179079126 0.8723120969863577 0.8926711758819211 0.9755226401187699 0.9648435558362727 0.2789576359099094 0.4989505607423992 0.6449576595061329 0.5902124651942839 0.009786023737160865 0.260453512038903 0.3644115147734903 0.9285076711700319 0.059113737085740525 0.2995931260645619 0.7190580260985167 0.8464126116658257 0.6663599304074266 0.13298636295968713 0.8928907354976404 0.025272868444594754 0.3846955366327861 0.7430425867284731 0.6112261305746394 0.41703639529046177 0.34563480690662374 0.6083864659720152 0.41659451277820714 0.1326182628299465 0.37532302950692165 0.5814568762161427 0.046802283864976535 0.5836130026921859 0.834362397057062 0.6029924644103425 0.8455929375666617 0.4783382580185489 0.41265020549835063 0.4467906619921127 0.824739326233171 0.3392051108201395 0.44896095435602457 0.6030692607366105 0.3180649924561555 0.6022241106558964 
0.2564533727005879 0.08538742343504724 0.8272941690351905 0.29546562873132154 0.6525374245608544 0.12046546666599134 0.23573379424050123 0.851374386639203 0.9046758434926755 0.4062172199410793 0.9497700224608173 0.29315656053166084 0.2629649731130709 0.9894848427551904 0.30667442939696676 0.8743611103577298 0.8450111908353941 0.2550981876538736 0.15003392299617457 0.2720250641203774 0.7613033190693005 0.38686936454249854 0.4967939941263152 0.07355334700468152 0.1939402365771622 0.2690644300446031 0.9227211215790678 0.5898284564615502 0.7655155328902541 0.11874590910630878 0.4193931007779489 0.7260204608595427 0.15528216065679856 0.11534447115294244 0.5847443215322239 0.5131978804505429 0.9027107304894927 0.5944785605659807 0.35957840735029634 0.4379507726235812 0.32913887825267574 0.8115376827440618 0.6330185454003563 0.786548094289462 0.1947744549474928 0.2535150257528622 0.24424813184034866 0.39486346194114597 0.5687952078405468 0.11749595372092547 0.4445308014148689 0.7416933215367117 0.5007650369457329 0.08923950986377693 0.7979566086545523 0.23960289709714921 0.48737774917382093 0.2566201798572104 0.8591710531609015 0.01827157464570306 0.8777968246567683 0.509383162752643 0.8883621294810935 0.14153429499670134 0.10065782238435583 0.957984503569436 0.854015142497927 0.0674366395484367 0.230737431217226 0.9095678312265434 0.07991553834531628 0.3486929179694247 0.32657569524205765 0.015108206407797087 0.1684463236119197 0.44214754142484936 0.30738618981400156 0.6474104393468313 0.6149479161978961 0.7996118050289391 0.05211453753998163 0.3885552152375603 0.028869093804280932 0.8430230846749212 0.3661260887181673 0.24554603587837076 0.5836130026921859 0.11941653259297735 0.6148167940705448 0.19070036161656423 0.7593737018143708 0.6744198006710855 0.5756354240067466 0.8318352263732119 0.48141310224528755 0.6725250469071503 0.8319019824782774 0.35124189811027573 0.7894441287255911 0.1303134588576117 
0.5616111688504318 0.46857329143326154 0.06653047040805782 0.21532477829423058 0.7330047221611307 0.07974481604055184 0.5623838353366547 0.6976050170321832 0.7515777307426915 0.6606862672228878 0.9264651694234612 0.48753952326267935 0.4730948425054574 0.07524577771838747 0.9899892792638457 0.21186626165726463 0.9110471025904197 0.9351686833669435 0.9199135351902537 0.16799088539661555 0.8473699467344145 0.8658749334558039 0.5018714298243798 0.3179456899863389 0.4520854655244436 0.2415460909943138 0.6704294911296036 0.6893905351024148 0.04941122890510474 0.9760208273671653 0.6338805965074437 0.9887550478317156 0.8272487121260814 0.4021496526266485 0.7083970249279273 0.627989279751034 0.45411571761627545 0.03214952538922511 0.25226123514221555 0.2703597061815384 0.9755760693441988 0.08554636379902925 0.22995568933382982 0.8636245671022287 0.557104296065715 0.1370024447395194 0.11186450945798987 0.23752087869876348 0.3209788829985535 0.12438618500481846 0.4543963651471803 0.9713605313078615 0.44529072746313425 0.015321681227746464 0.0321924858661401 0.23886927432996485 0.6275558100682191 0.9734921908922558 0.7905790886874956 0.6683939439467436 0.28517957325899823 0.33596822741964116 0.5626231922586116 0.9442562714516366 0.9287798197011172 0.42414906103933603 0.9729378362530734 0.9185246129507326 0.7503374061766532 0.7840607578861197 0.8595454197533 0.7129942735888496 0.8689018989046596 0.434502462762672 0.431945421867564 0.5692550971633789 0.4064657643500148 0.8774773576456043 0.8319330672067669 0.25512694098373156 0.2815491084913295 0.5100184565708715 0.32876815343529375 0.8197414109922194 0.4878492574518839 0.10098187363550626 0.834362397057062 0.6148167940705448 0.8386125617721348 0.3427585318305577 0.17576528759831234 0.5359362859259225 0.6890829733725041 0.4734305560733191 0.10288149599681584 0.6476203865515401 0.5701223676873952 0.458764944491854 0.4941034778062193 0.8783146702854443 
0.8569776187386083 0.40502924680294505 0.2022090864693341 0.8111406054378233 0.767485785259169 0.08868383388892831 0.6583998580159235 0.8756900951287391 0.8722276534959263 0.05243771929759078 0.37546356269206616 0.831658671977668 0.059671008184499885 0.10723260706579729 0.28092770409890977 0.56922660774784 0.9977928410575226 0.5939568019068675 0.12647052735618358 0.8087345111926421 0.2812910790433508 0.04020971516306171 0.5986050118407172 0.4961565916257221 0.5845031024598899 0.28070943942583093 0.8635419470052391 0.37511061714095195 0.43222462717479904 0.24932840535289547 0.679471093981996 0.26343479907791767 0.9259739739193225 0.14320581766844886 0.39479173410806534 0.3812480123147822 0.7174177862551891 0.2683532269850408 0.9068680504034289 0.6574671882380588 0.31587223684233223 0.010975041657047768 0.7616403240050281 0.0626813254180838 0.6790076710712944 0.9931329468087472 0.03785668373973672 0.9299353904839549 0.4884548170825641 0.6534376817101369 0.24511401884346495 0.6514820690642561 0.12174380289772524 0.2428151932900492 0.03281407669848424 0.2008958004099013 0.01775592585429908 0.9181980765211106 0.6665935535370342 0.5210372184670508 0.5366295430664697 0.6581740861419679 0.8021894644900908 0.9156804780482048 0.8355745979403784 0.8877715554528964 0.8871980884600155 0.9902756010935371 0.6708812234697573 0.6542631951568426 0.9424821755036765 0.7206552192816339 0.5565524709581305 0.7225511957325711 0.39369442738474514 0.8351673315230606 0.3569638864285406 0.35096646727830394 0.11388822584146674 0.5143079574811901 0.17637784990600258 0.662811595448954 0.19994712968768547 0.26802837330266593 0.6058570367470372 0.22270775802378717 0.6029924644103425 0.19070036161656423 0.3427585318305577 0.28199289170966246 0.692561139949775 0.66999064199725 0.8537877768889707 0.006413220857453994 0.9140388829042184 0.6819623037673925 0.423870921502019 0.7060595655615551 0.8154923827580146 0.1477217987331756 
0.11474150217460699 0.42402065787076204 0.8465176429929848 0.5258468897169551 0.42193993099179405 0.4758769370746173 0.36371031953033783 0.838397152875042 0.544359197935619 0.7587515914580112 0.3664420628673474 0.1799315675190024 0.6019113798880567 0.7221818569103324 0.2672922833017001 0.003658069398925212 0.7037226368610069 0.32778010123795354 0.32872905304749656 0.998496921655573 0.2845649847093127 0.36247089170649294 0.17850713369752558 0.2116820216498949 0.028995101626260733 0.5203738027023659 0.6348729280095626 0.7073583055599578 0.440570796039633 0.22137006331101983 0.23601409419825103 0.40071212027184133 0.6779957047810437 0.04921970970283962 0.17265716853915114 0.5359303293899823 0.6417925682749817 0.09186783725376368 0.6791037232613623 0.6317502715359874 0.0021258150447027724 0.22180787373713462 0.27785419075447193 0.48398898492398945 0.15449270265810544 0.2510971186597949 0.823256669135746 0.20131597834845205 0.6921260168100948 0.5690094590715515 0.9437997052442131 0.38723179249471984 0.4220410712473811 0.4257358609673624 0.48430439876649034 0.5411259228183798 0.9709809732540255 0.8471949369295371 0.9881121235906823 0.5174795938610299 0.5535178345054107 0.41297817011509985 0.8799511786227833 0.7498216179359963 0.6402127709932233 0.41931339292065306 0.8329100926541494 0.8618717889814669 0.9993589718565752 0.7288600276605557 0.05774056117456339 0.6285445016725341 0.27145892115656167 0.7145062580580787 0.12501057732787935 0.5343062267899926 0.9158103975528098 0.6047593958111516 0.6200473357543134 0.2223460237326087 0.029873641430645415 0.7713099545025036 0.5220159146213361 0.13791382260892404 0.9526843946375858 0.7913793756697197 0.8455929375666617 0.7593737018143708 0.17576528759831234 0.692561139949775 0.00517207747183579 0.8954628623040742 0.4204567648574875 0.5027085875088684 0.6384708166899095 0.035895670392340207 0.3953816677885508 0.04761374969478782 0.5551360189614836 0.4757888512328263 
0.5275157934553796 0.12675179600105868 0.6972539542391194 0.9088520637401719 0.4313054183370213 0.05457148027026626 0.5375995680624341 0.352606774082476 0.6407461371758194 0.6814733608782778 0.5080132001828792 0.9026738694257729 0.8951479314708142 0.4190536667988396 0.638428096603731 0.43431258850114307 0.0488182399978071 0.3471947202044 0.9375198728023081 0.03471764762116558 0.20575535089377361 0.9834327040764128 0.638976281634708 0.518932386115718 0.8795757745170871 0.3096662610415244 0.46207184218255204 0.34854108733413947 0.13232411228251373 0.06527422553206286 0.8756781980474967 0.25549170114400477 0.48773149396866855 0.8337670656042391 0.2554843701697519 0.017287126884848014 0.9753978731790532 0.34228631978900836 0.0965603902209431 0.6470120916259537 0.3733326330167914 0.5791778224014212 0.6657499890797545 0.15546471160277575 0.31744166135754337 0.6144509160874397 0.49706739259654276 0.5681207300061363 0.10821567879146954 0.08887527542351836 0.0275541301255543 0.6773063987118948 0.051140579504095784 0.04998330540799378 0.5304313568918381 0.676872112407333 0.16217031032451235 0.01247875974524193 0.5164687269765665 0.22505263662070318 0.365381693772312 0.7763751839060153 0.1353278642123279 0.9845187688893886 0.2586302355571176 0.5105740547713299 0.22555998554158407 0.8651339826160518 0.44974847439570287 0.6214414962144724 0.18890466315722865 0.42881545226488416 0.1649167291894953 0.20343673916931737 0.039983726698286426 0.46585979292158797 0.12446438529860226 0.9892838768030354 0.7816602108298852 0.7474308851995424 0.5406270110146075 0.1343282578142747 0.8561491721571239 0.8331249221060795 0.8203111574676158 0.928654584581774 0.4783382580185489 0.6744198006710855 0.5359362859259225 0.66999064199725 0.8954628623040742 0.19706400875022112 0.2940647100130359 0.3642909394019327 0.6834119359040193 0.10359982716012894 0.8889050886279956 0.1960837232676902 0.49999755383245026 0.7283731324223139 
0.31974207923597486 0.9133000038768528 0.8814943359474189 0.820511145958815 0.08145289819026513 0.09244055137616036 0.3003555704251296 0.778584199794488 0.6189158592064398 0.23687176285920586 0.9047362955645301 0.9349748121731124 0.06897076756767162 0.8250258117650052 0.24649387548331803 0.7418792206356607 0.027202858776764205 0.19279790711459288 0.2985830203877392 0.015615155627925037 0.42111128791510066 0.3794616133187231 0.11106960073510719 0.38323345545716503 0.07370284568776653 0.509695808759074 0.37496964763647167 0.26360388770597376 0.9924100797861853 0.5661908262037406 0.2397443652776845 0.5881882671227436 0.6303160568813757 0.526952129596437 0.4454408980033949 0.4225058460255029 0.6879695458143902 0.02835089290002113 0.1675579018691552 0.0659390625425037 0.23160295388314212 0.6663560194958166 0.0415045088253424 0.6896644019901998 0.47794151881512903 0.6503587587120717 0.14075626561727617 0.4195937280148192 0.9360950922420435 0.7227702290714142 0.44080273589256613 0.004912136133715661 0.7981320023174262 0.6179790341877512 0.04869952117966492 0.04174907620140278 0.16237193263188954 0.7859012480639159 0.5147076206042702 0.9437225811025031 0.4257133298495833 0.37617070373530315 0.6736969547007812 0.6937565698228759 0.9647743630427142 0.7163747990399444 0.560224061902723 0.308434914392717 0.4417956065264188 0.5970367652819719 0.8090136099725305 0.7523545620481985 0.6416647996499303 0.6967964338939387 0.01815888479688188 0.18433969735557998 0.7649842566351474 0.9506810385412597 0.857607963836337 0.4924144825127523 0.5499176876417541 0.868527663574037 0.7166360826176799 0.36346185486300886 0.6182854565310303 0.8729611089100202 0.41265020549835063 0.5756354240067466 0.6890829733725041 0.8537877768889707 0.4204567648574875 0.2940647100130359 0.8320660272360161 0.26630337095202605 0.27918493000424094 0.5746074782368281 0.7938456013558108 0.3637150477933879 0.07260321082539611 0.5522635480522801 
0.03217655854629342 0.28542184667857273 0.4434226727053848 0.5941452640482754 0.12507732087539203 0.2895713442124238 7.274788121701681E-4 0.8300159498273727 0.5716643327424301 0.6446217212476466 0.5805464950557387 0.24894840951234698 0.0701096025878879 0.5700982237806332 0.9187076394950465 0.7276947666017611 0.2564530840757687 0.05550314734462902 0.6207206795980265 0.07936042782032471 0.5788585291194537 0.9751321292814398 0.6409699404708747 0.9710911780245282 0.5029823530241393 0.8194061831142827 0.5580075742189448 0.7509762220750412 0.1170192469046798 0.3858985472452239 0.09649107569610893 0.013625106695121403 0.9064529501394216 0.1433610536884098 0.7467898396076581 0.42132914612197647 0.23756745727172124 0.6528902966753858 0.17499840594977967 0.14978824202158803 0.6518343856138119 0.37081913146143497 0.9407005648070692 0.722394224823767 0.28625029971092686 0.9281883503438862 0.32110887446481673 0.019885046556287533 0.1414091497043799 0.19810781262537347 0.5864214272379032 0.5653239032645587 0.3724935583186406 0.44981697432186374 0.23996249316791152 0.8365521366433845 0.6240673287414009 0.019999878000041438 0.962142614574601 0.030573236046273156 0.7519312952768954 0.15678412258869945 0.1302246128028105 0.8937287605140725 0.7061084243288313 0.7492650951380747 0.7459016615666711 0.8720134885466153 0.9384557895557828 0.4776295905788126 0.8430586446060085 0.8570443601734062 0.34871038513679087 0.7210018149831624 0.7331114917614036 0.1263401073909297 0.7443614995888098 0.11705488807751252 0.4401947538480464 0.5482738220493754 0.7197374095713359 0.2791800569009365 0.8516046221577681 0.8853050401520872 0.9430683262418064 0.8207868303732967 0.4467906619921127 0.8318352263732119 0.4734305560733191 0.006413220857453994 0.5027085875088684 0.3642909394019327 0.26630337095202605 0.08448356854344585 0.7038700931125311 0.4716103123267592 0.14957403480868858 0.23223824677847482 0.4417804451299788 0.3216484399985249 
0.28330272593622396 0.472755015278035 0.3876113959186678 0.9408944422153487 0.6468489244664584 0.8934217119566062 0.21603846944498906 0.6620653208842654 0.5432851465147437 0.6819577766894745 0.4760753017037751 0.8595981065129095 0.06493165897848652 0.8975047593098283 0.9451352452872299 0.9903481496493538 0.7696921650944163 0.23484692705728816 0.4860451339098312 0.685694191271699 0.7617628155983196 0.061222982279114824 0.12322923185184342 0.9019072458310307 0.6927134843719018 0.7526388762930493 0.07319828923546956 0.3225054460994191 0.9673043096151662 0.5892627900518087 0.7431116825681418 0.9547869405550723 0.3423355420981744 0.3552975304878405 0.4891951193866301 0.42633179971821955 0.06377023376349011 0.06341323190885906 0.5949900387692902 0.7515219846193609 0.742389215739202 0.01278227558002365 0.0023384325755239077 0.542939319789445 0.20283882499859818 0.6557870086314236 0.4437643116728526 0.9647806475388143 0.9253818985874374 0.10036441434157695 0.7912168562541791 0.743939075905513 0.5078450373843237 0.2635953836777012 0.588937888168324 0.1521071105062093 0.8620121765465942 0.294109222971494 0.11276529297964377 0.07616988263807378 0.4996822203654503 0.6695000068210096 0.11265527614325488 0.552668196307265 0.8575790074272631 0.878960720004089 0.3467745385039752 0.5398478231891907 0.9440416371229468 0.3509128794096763 0.0889495057734121 0.6109731178501555 0.16604452050583074 0.24578497213606 0.8800264888568174 0.9267856615568506 0.31987546098451447 0.4266667887163609 0.633544256284887 0.44061327932138494 0.6675413792126063 0.7314741930032803 0.12117371912537966 0.8346645521926489 0.7108379132770346 0.8464829106101143 0.824739326233171 0.48141310224528755 0.10288149599681584 0.9140388829042184 0.6384708166899095 0.6834119359040193 0.27918493000424094 0.7038700931125311 0.12826498164591615 0.1857434492297778 0.8907285175541585 0.28837310911126857 0.19452047405902395 0.8722434686042977 
0.29746673418081804 0.23212857001312182 0.2550017440643466 0.48886089000617317 0.3133690739030197 0.9618478826267536 0.22747768282281866 0.26239204156899065 0.8721691445555574 0.987284416720832 0.44828543942693255 0.6295972711921923 0.24383587415969177 0.7503033602624768 0.5392432268682738 0.6642633642564776 0.10821268613673052 0.6187944263334514 0.30283182225009475 0.21338967693241606 0.23544724494514924 0.6231352910506986 0.3224931903887147 0.867015767163309 0.8692677322814942 0.304524165418534 0.2895379678777943 0.568560986431282 0.7020519196022361 0.6463630622909384 0.561324975941796 0.7441890590671515 0.8191980918334908 0.25405400139351475 0.36380889096692215 0.32324474876491105 0.7377766965265316 0.49210531490181075 0.2861694085182308 0.7659559466034495 0.794263071324246 0.36261452051710874 0.5701321098893835 0.5393446330391228 0.8464741042398642 0.3755273192802664 0.6870604600636457 0.8538543049784579 0.3146068406057517 0.9576849603957618 0.39826042864861033 0.3026279993929384 0.8938524619041279 0.18311673220169156 0.19790231774813083 0.43461373893304445 0.9752656988816032 0.33663818104051846 0.7114488507271698 0.21820676238196712 0.4953275990760766 0.013528877886022639 0.6889826127842494 0.7860365329173354 0.3610376339679008 0.1408003574974912 0.6612472473442479 0.32004570465026394 0.5182729212026022 0.41504749684329745 0.533215712593492 0.015757309517568263 0.2582815072490531 0.5539815537594015 0.454826353375574 0.31604179297916435 0.3957161150359022 0.9653405553834877 3.816808343577449E-4 0.4432099463124869 0.196296036897185 0.008174334488842305 0.8059649336070507 0.2628854260889324 0.9258864806917747 0.15590208215803858 0.3392051108201395 0.6725250469071503 0.6476203865515401 0.6819623037673925 0.035895670392340207 0.10359982716012894 0.5746074782368281 0.4716103123267592 0.1857434492297778 0.15561751701526416 0.17365698232527593 0.08700519767079395 0.2153738662683662 0.4566493972091147 
0.018261898173425606 0.7221803362654209 0.7011450787555611 0.76491968747175 0.8105254959194234 0.4697788852309598 0.7143723258908877 0.884989870085499 0.8450532737491899 0.8305234345227916 0.24940044214128743 0.35117119893235904 0.003248006761040312 0.40493242531641815 0.9111469556403838 0.959691741047992 0.8758420220783479 0.7941716745804315 0.8164130327336748 0.31222257808147535 0.9453930680584797 0.021940759332930493 0.9714971152714471 0.5223222719326878 0.42147401078616686 0.9349351533194464 0.9723068924313673 0.13997661954317542 0.3325351244589012 0.4685102540273157 0.2668957798478703 0.9695363697180159 0.9983383311422114 0.6558111095430735 0.694824311496849 0.2227947428818785 0.5147884850352193 0.27812048933332056 0.770768579748884 0.10213720104122959 0.35611600820714495 0.8816985609758271 0.9822671552602206 0.8628572817509467 0.7091440978364163 0.16296480169232253 0.4694213505361029 0.12727371095981133 0.9563233847291556 0.6974585105986361 0.7524313454850392 0.1411668602389632 0.9102874032535855 0.9470933453146235 0.7305439612849146 0.4966179780696761 0.6160931514847194 0.37489693318461137 0.5161624919460699 0.8896595306698996 0.24989338482136825 0.2470171779908631 0.3978563286729214 0.31987534309338206 0.4948323258915117 0.6949095018571189 0.4712049588285384 0.2967941847920553 0.4775515863320704 0.8828242425447135 0.6263734819165623 0.6499268188628649 0.648576062115905 0.7345151721668935 0.8483560591624718 0.05903904560843476 0.1967402476946265 0.755605259838231 0.07609909271231119 0.5651136954596329 0.16427121539117606 0.5070729194721595 0.46382530578348 0.1521113360037848 0.14289419598902975 0.9629370571522591 0.44896095435602457 0.8319019824782774 0.5701223676873952 0.423870921502019 0.3953816677885508 0.8889050886279956 0.7938456013558108 0.14957403480868858 0.8907285175541585 0.17365698232527593 0.9547660583351473 0.9187675401133182 0.7444771111524858 0.8927505344982775 
0.9101798947423092 0.7007382138043803 0.5335639551689424 0.7359560895172396 0.17690793847592257 0.042801547981855204 0.7838225039538451 0.9691609458959838 0.2875391343102295 0.6628533469197823 0.33812007748207307 0.6401652948480362 0.17561948034987618 0.2487420685973769 0.3795477803621171 0.19263786996162025 0.3676804895291661 0.7480213387691321 0.6376547640411182 0.5867513334619624 0.012132532757005099 0.3361854342120436 0.540787308836616 0.37422609155547526 0.8099073363893785 0.2931233657551344 0.3931540597932658 0.6578444439681488 0.5120116070349899 0.834310270360157 0.7914583088890726 0.554509264246715 0.740061516221601 0.15710760584668038 0.47220075836560504 0.8401169830457254 0.004175842181787015 0.39959136802883677 0.08045537808349812 0.7106752718574595 0.18529350083350182 0.05429139913707959 0.43465841819111806 0.9304287405901192 0.8080473474019416 0.9550127520630596 0.32558247125888207 0.37839027277190806 0.12638210217306334 0.06245535270444713 0.7396471487929178 0.6607500727021167 0.42246749426779173 0.7199555724346112 0.14793979151802739 0.4098910412819855 0.15874951191862163 0.8608625952608304 0.5684636107505407 0.5146260000815094 0.1562157064012314 0.47291270136913854 0.02550639218139661 0.2445204234255407 0.17012677909431295 0.823955406437151 0.9789109180101153 0.013902365428658081 0.15267137471845005 0.8787445474622986 0.4465264330473335 0.3284891827391314 0.1779936164627639 0.29405094253980235 0.70348863000057 0.07065770963088114 0.8703526594057592 0.781831726986989 0.5244723452742316 0.16909783230306485 0.9296938238787987 0.8371324719149518 0.7333002491613219 0.2315241235446619 0.9929915330920057 0.1724498034598272 0.6030692607366105 0.35124189811027573 0.458764944491854 0.7060595655615551 0.04761374969478782 0.1960837232676902 0.3637150477933879 0.23223824677847482 0.28837310911126857 0.08700519767079395 0.9187675401133182 0.7514504129867315 0.41160360718599864 0.612011503839226 
0.6898109235787169 0.6210738282592578 0.5291112807044236 0.3346291037606123 0.8753543380112205 0.5079881394589703 0.6009969758588318 0.021094461240173112 0.026743896356670738 0.6515366797475287 0.6612357844273531 0.27727137493536214 0.8178408191705441 0.39938128337353573 0.027303344681600228 0.29582069412227807 0.8829211468886594 0.20893552476194632 0.012747394708176873 0.136106080097122 0.6782583767692777 0.5618293238497349 0.9222788846640304 0.05853643610580872 0.13395043528974981 0.6911728717036333 0.4143333949461008 0.28843757405989356 0.3156895902727761 0.7811729790118822 0.09512789450725989 0.479843743726901 0.08422277239424603 0.7172217996142137 0.44734995155341517 0.406290933845314 0.5318843380769571 0.6954809653525243 0.39463323772306014 0.5721499949153913 0.9891990424777456 0.33075244841666773 0.46370799997432965 0.26685025164245635 0.30559584428366215 0.875868268900138 0.5850451186105698 0.8744952603335426 0.5965818367240074 0.2736223868951102 0.5981632596272609 0.188072285057306 0.4893802206799349 0.8060527030722682 0.03412014614113856 0.40949197959277484 0.11069562297092006 0.7608595829550456 0.522076143789672 0.6712673016411385 0.6260215043429108 0.5947752754436079 0.8072555064389595 0.5507168796485461 0.7806029331232269 0.8848736202669706 0.6543205572703222 0.5417268705324024 0.4072834636087206 0.9405735497402218 0.48901821692190617 0.8288487898709164 0.5364213718154828 0.30281390503583105 0.5096814333264437 0.11315962579181893 0.2940882752034685 0.4619643359933844 0.35689859047028116 0.823314954237059 0.40622915011289373 0.12350668289328015 0.2340381339786628 0.8180164072899488 0.10073062320726978 0.4141118108729196 0.3180649924561555 0.7894441287255911 0.4941034778062193 0.8154923827580146 0.5551360189614836 0.49999755383245026 0.07260321082539611 0.4417804451299788 0.19452047405902395 0.2153738662683662 0.7444771111524858 0.41160360718599864 0.7740483337596819 0.3133873459358322 
0.4218145409246583 0.03131911458762193 0.43411014037425144 0.34159245435161123 0.20155384164373036 0.7594114118018837 0.7142224929535678 0.3277637012460146 0.3445962764720262 0.3297377485592412 0.8677034129442328 0.054307958492456065 0.9084858411653663 0.15431431911610582 0.7754469475186148 0.8894277744234962 0.26280564546740437 0.17815445067677826 0.5887819180430367 0.16875222066290851 0.34511404086148445 0.7013513337338331 0.5766823006321832 0.40778255687662013 0.9530616252056793 0.3777686259994084 0.9100341772595459 0.43285660895831257 0.632376196999647 0.28679942315704254 0.8223140152653275 0.9579685839860831 0.06972180113161697 0.9555547022379045 0.31988289384920376 0.7194175849381693 0.10617433617977434 0.06509854691428407 0.8288202698816712 0.38418451553841837 0.2732882764012481 0.9071844820689358 0.5249792551580904 0.7341494698132396 0.18186202987823163 0.04271423266944008 0.940225321226076 0.38035900077321927 0.9373824345406301 0.37664898993878226 0.5002680324726556 0.06733435770747742 0.9345894209686968 0.0494765350656704 0.5742598526318103 0.9999696117068375 0.9566235335203723 0.564346383129767 0.8059118367794055 0.061881347954125476 0.7314703867810489 0.04190286529823306 0.7614529577178365 0.7710991356842225 0.06037555513730708 0.7777791147663885 0.45605961013874086 0.22726063229724391 0.9144387568973747 0.17745812716637221 0.44300608335609326 0.8191988812615167 0.832065649831988 0.31958124152071743 0.445061309695721 0.35144669498706593 0.9357979591793004 0.9544795993386188 0.6949710640171021 0.12054860780428522 0.2468755728871006 0.5026289142650234 0.3085205692011449 0.4579383126197414 0.8980896565712713 0.5858456842637005 0.6022241106558964 0.1303134588576117 0.8783146702854443 0.1477217987331756 0.4757888512328263 0.7283731324223139 0.5522635480522801 0.3216484399985249 0.8722434686042977 0.4566493972091147 0.8927505344982775 0.612011503839226 0.3133873459358322 0.8694701001144183 
0.17643279906200549 0.9388342893875684 0.16435985687088528 0.3517920733209171 0.30499792720909125 0.6628322183891158 0.23974905768783883 0.5280194453776286 0.2042604193262023 0.8672233030580637 0.710363871063999 0.12154372504268962 0.8955978883682054 0.33676163373263834 0.6983274515063124 0.6840943057244843 0.4189317964552267 0.5704479290564064 0.75968398839877 0.6809916071561897 0.4698702188560212 0.7046107702322291 0.33358638219170444 0.5131421236796497 0.4538247596017284 0.6718783234258365 0.8393688536051984 0.15341794022324395 0.87522286810179 0.3894059071847309 0.7405052590589434 0.5330717664116511 0.5707570724314808 0.30585767762948146 0.6883985727887427 0.6780955128711517 0.5426833960115705 0.07902369131201026 0.8091423394744693 0.8659389315292471 0.05150104459478788 0.5045859934669256 0.30284020033107406 0.7497623452556644 0.18691584482828716 0.07143068782578221 0.7877652379334037 0.480405342657759 0.3518106606587835 0.6800354893891215 0.24058573806885986 0.3455109598839716 0.9660156044701702 0.12784505683622793 0.9590794462496427 0.340753341084454 0.224991948498929 0.9391791634756719 0.7052040253312998 0.389873406013433 0.9331132783305954 0.997102075946176 0.07408620059876014 0.6382366937258189 0.2720481771406571 0.2208133864127083 0.17843758921804298 0.35888326207289356 0.8618189178754966 0.22450439913287767 0.938101049780056 0.5305492460575608 0.6254308966221135 0.49225617639526553 0.6208756027302105 0.07389611249961148 0.7775378341870429 0.10843849708766662 0.7934643635800864 0.06519235201888174 0.7234283130113955 0.49420205164411934 0.5103346832378246 0.985949447767152 0.7766892132287263 0.9180383255777234 0.39347491953717484 0.21252255306966938 0.38222204840214247 0.7720150603069218 0.23747817970746887 0.5014433424362462 0.9658588100357721 0.7351778085612679 0.9120777995386598 0.18426077368827898 0.622643548052877 0.981740771674894 0.6282055843159334 0.1499233591928677 
0.9388342893875684 0.6029170752658903 0.5340729963558872 0.08383818903579499 0.4632439764973265 0.9586616687816937 0.7091190445517473 0.6123433054695356 0.644746519615465 0.7721337285439622 0.36177550794305924 0.21873178131683502 0.22020095408710016 0.10463212218582518 0.2898783939589955 0.30816774495087595 0.13741196099895714 0.17532022889322207 0.7328381698626468 0.9862835509865759 0.04333313366878433 0.30834073148077557 0.3695932728254284 0.04229237069813607 0.21633744035239433 0.8710313429510487 0.601434378824037 0.11358574065391491 0.15648195986839686 0.7668711829791341 0.1913857976500689 0.07444961617996793 0.45086274610434773 0.04385694088695791 0.5242122867522131 0.3917266834146683 0.5516638137500167 0.8323287467160182 0.8497527653998029 0.04669926061817975 0.5312615139090572 0.13583563050284486 0.877165149130918 0.6351612976806311 0.71175396632398 0.9644513252440933 0.9987994682792634 0.42659406886720286 0.3055425592414638 0.9220208304418442 0.23979892791062063 0.48855492909617904 0.84910063638733 0.6371388208173815 0.7531616379218989 0.4638344271589325 0.2638220518108034 0.3622313176689509 0.30987864630563156 0.22563150275327037 0.8358504795888442 0.6559322917455136 0.7698963327358093 0.4299429099841183 0.2710476221291469 0.3110169023038357 0.9620344600882117 0.9345572506642137 0.25176680953392416 0.5934740445998292 0.7496236289445031 0.16049007473464127 0.598855941331398 0.41787055716383825 0.3135090246604081 0.7343914768919576 0.2253216915571553 0.29997991698614335 0.845199847099772 0.1694028589621116 0.5573447081209452 0.799718809937567 0.9103269958515864 0.9171353347246284 0.9938432323295642 0.6957550391266142 0.7162038095283886 0.8548866906126059 0.2775405317834131 0.3177206748152237 0.3971683405799462 0.15991013044813251 0.3584992729836062 0.3027843364161127 0.21751741928336643 0.5664926190377538 0.44534375690141625 0.5404074008826594 0.2842264666893408 0.20179613555413267 
0.16435985687088528 0.5340729963558872 0.4598987865711691 0.22242883022752835 0.9602815419714279 0.5528607634065088 0.03773174106450705 0.7251934556663107 0.6743323638119478 0.6298633548819894 0.550092224790529 0.5162594238145066 0.2335089057105132 0.0596712298556179 0.3620015492508313 0.40029049214480095 0.06362617435004592 0.6689254784011336 0.6867519583353504 0.19705889530992615 0.02463471001633266 0.09733380145370918 0.9488335091194576 0.379055470122997 0.5790575130873145 0.11954815865866042 0.5253141824615376 0.2870236282064176 0.1272866067177303 0.6479477087792012 0.09995677715441031 0.2888038830721792 0.2659953361247229 0.8388429980608026 0.6348635885872231 0.65019650912239 0.574555198185279 0.331062569120117 0.1411983077453075 0.9461197903233393 0.2892292513461293 0.408578365661329 0.013541778640925872 0.5561617558300637 0.8860462018828138 0.7977719287558784 0.6816962782880862 0.16069359826668572 0.1606430040534319 0.8851383754714642 0.7292610284469718 0.18203338102045896 0.8669956723954815 0.37267054848322523 0.43005922082968384 0.7997188508601107 0.3568416201944614 0.7758613173277303 0.8615043843137897 0.5097683155521601 0.9477292883829836 0.7132066954829821 0.36825250193602677 0.19487945738744172 0.9400133655065488 0.6362886711666267 0.16999340854152933 0.3258354421733872 0.30174744578887935 0.5059607530531723 0.3339928425136498 0.22395856561516514 0.045307965746055334 0.9328560180942939 0.16600501250003508 0.28027194344380624 0.23071679967617387 0.4693812250406858 0.31243242240674873 0.6490999047914173 0.34801201535880133 0.06555712066110764 0.5121182087058805 0.21215793917412684 0.5546498693601902 0.18250966256383627 0.9879138500958584 0.5437537826619903 0.873803071915743 0.695112388871801 0.9261725707267856 0.19854107788024133 0.9955539974094635 0.5092255675062757 0.3565772964507977 0.8903378680431477 0.765363654241479 0.7691729819893198 0.015219135484574986 0.033841781898469425 
0.3517920733209171 0.08383818903579499 0.22242883022752835 0.7928306289851403 0.6375424799996344 0.45060057367517403 0.6806449207742614 0.8686363360861298 0.8920918297182334 0.7152453058169992 0.09677099692317892 0.03870649266226678 0.003486699256125436 0.474854181101407 0.10102818918592871 0.25200107131178606 0.9327927557706827 0.262455061564286 0.8117911381627663 0.4719776119505471 0.6190896587039678 0.9067518382032426 0.6343958843979397 0.021656382028324872 0.01526905445590987 0.8718854186425501 0.16215197211655785 0.7183476765038891 0.5740254569409313 0.3600782508132365 0.16104611468443075 0.046485210373660935 0.28624262133996814 0.5491405710298018 0.9615322528284856 0.2156418288961901 0.7304245580082764 0.2635751301010759 0.39037317513053016 0.4556868940098803 0.10451510037536338 0.7110250947109373 0.8413187696637119 0.3121772394904867 0.880395050741684 0.6550667111113193 0.2054769855997638 0.022456669527350814 0.5465420516896773 0.5408572834290011 0.16055357330999342 0.27657163703763143 0.8857825924601554 0.6419060660879077 0.7527063114662096 0.7969935603312287 0.3727616396858293 0.25424370471645974 0.29558128291911745 0.20727107067407124 0.5697005683105115 0.3285236456485382 0.35816743347079516 0.6021183139727759 0.8492088530936063 0.7010968432659042 0.01642701012220349 0.08007824231824423 0.3793613009558262 0.2618588736496783 0.6032294748504348 0.25478241686326275 0.06894662996524603 0.9796762123087592 0.9069366314708479 0.4219623796613674 0.0897399089806481 0.6954564448721481 0.1410574337012107 0.6267492627370023 0.6678452643331547 0.9884349565236116 0.03571060813957949 0.3494323836329002 0.06760193927399116 0.22300838233604747 0.08620440439577581 0.9077293745192201 0.07924099813596575 0.09145284123279818 0.3348622723283178 0.9597539895684599 0.8654259172775298 0.5821231829999908 0.05929404346676492 0.6842499587531835 0.7220054210001793 0.3232367051851265 0.393632337993846 0.31329243009131524 
0.30499792720909125 0.4632439764973265 0.9602815419714279 0.6375424799996344 0.16475224583378378 0.6791031459063263 0.21882460731419784 0.6975410573207428 0.766556737945784 0.8086701285001405 0.6238904733926053 0.4952620020369044 0.3384896784781155 0.13551144249530456 0.8621259971282729 0.39371864266593304 0.37334404331536075 0.3238930428945148 0.0045552534795666455 0.49516343683563824 0.15171037322623238 0.9073097772807124 0.4275006540977938 0.6295467200901136 0.5483362346897744 0.1738929985130866 0.8619640374506429 0.892190618244467 0.37046519228526853 0.7773482805663213 0.979579911658985 0.14705898449397037 0.0100463251103452 0.8125887921333681 0.3932236647903036 0.5848877331069854 0.29815012708027144 0.7719886229567011 0.5099269384275781 0.6803217151552462 0.7126228246235079 0.8811883126270791 0.8895733288473415 0.05333822766919982 0.508955283056169 0.8026416133621357 0.6349174240835107 0.8076190594145546 0.9195391804358485 0.5906014947120573 0.8667909459835457 0.892166647680153 0.2979275495162004 0.08300068003312355 0.522929462226086 0.9123418896692403 0.9724125965182385 0.623689514171769 0.5596743271641662 0.6026348316620783 0.617178560320242 0.12275248887362256 0.13287371541370674 0.8658614665040297 0.1494836019265674 0.9831319425902232 0.48762816456112223 0.882113453622891 0.5177685566139493 0.34854564408310185 0.09609511524035763 0.2956694127334005 0.258287398105151 0.4606925700964182 0.048388296500029515 0.8992105410578807 0.3667980181824676 0.6529991053561722 0.8236774285321105 0.5520647617978346 0.8570484214955386 0.6536656216167034 0.3469143601795469 0.2928376292372883 0.3592379949745983 0.42253137844856714 0.6711819350652425 0.7366698758615283 0.24932924857434846 0.7042832017890576 0.7164823029447008 0.8834955129027562 0.09403044659762771 0.8447916588528289 0.2428514808340192 0.4060560939112704 0.6464651827853034 0.18786558227895522 0.6390077050804911 0.3350602787210758 
0.6628322183891158 0.9586616687816937 0.5528607634065088 0.45060057367517403 0.6791031459063263 0.23398987150599393 0.5464744696802111 0.16731090640057245 0.8137605103232924 0.1423157622478064 0.8254952933106928 0.0216313327533747 0.2553510804293251 0.5190374219252905 0.8622986382160237 0.9267955539391777 0.8039751539797323 0.3948643563438756 0.9469964915928165 0.03659822424422121 0.4737609435168447 0.6522988234876842 0.28593220439899913 0.571938710946334 0.7201897374335174 0.159197112417517 0.880000648407909 0.9814613928242047 0.4842319347182774 0.8285973626754713 0.9036443664622236 0.4041494632609488 0.9420693430608591 0.06639272616216108 0.6908799629901506 0.8666415909782612 0.29185552867770115 0.924872955575046 0.8614656472042796 0.957612016531708 0.9138480443368067 0.29285391695063256 0.9533298206323958 0.6873740777665444 0.15137996154349953 0.6220589708199366 0.16663772140427358 0.8629380109299987 0.7775201793503428 0.014612118936178864 0.47038114185263513 0.587074154403472 0.935905515612707 0.977947663762992 0.3741339909918423 0.42450276158559286 0.9741098947148596 0.7911366491586389 0.12562447105280594 0.36915213417331694 0.12404892128744338 0.22057573829418242 0.9590321920236232 0.9934969867963656 0.42630092285965426 0.27317933449305676 0.28942650943879034 0.06430940000322438 0.6438584686626904 0.7816610498062861 0.42552029144063486 0.4687249192363493 0.16570709909957582 0.8791862237532679 0.4559207096665657 0.5103466106933806 0.061760620127249366 0.839621958274348 0.4533170545155992 0.5071804441697862 0.5180655591167198 0.3348072848313791 0.03655295735831199 0.15151543345373353 0.8548197982535217 0.8917103524017629 0.63228823549085 0.2764322567530295 0.20963335421930207 0.2200356759327644 0.48596377068892493 0.5144449159010551 0.754592281918982 0.12478972713899694 0.5860399883826928 0.8308492577488579 0.008068985427351794 0.9185074833369189 0.18598811024196704 0.06767383791284132 
0.23974905768783883 0.7091190445517473 0.03773174106450705 0.6806449207742614 0.21882460731419784 0.5464744696802111 0.400855683769308 0.6042895962981236 0.5352703982988001 0.4436976342204735 0.7610800333346103 0.613493388083923 0.7635540738733103 0.421820312954033 0.793495083527072 0.550867346897703 0.6016607674974087 0.47714079237568296 0.9461182730375676 0.2251136532057565 0.7682619040576318 0.07741980790970038 0.28082728280537383 0.22430879460944053 0.4030875192819994 0.6221732836547265 0.09440319031070232 0.4333072158993839 0.8854243067845327 0.17746278398444804 0.07264409946812789 0.1841989716242477 0.7409362869050006 0.5905201072990913 0.7025555192868546 0.18108673074626525 0.11034944242421563 0.9716634629778108 0.5162562938562575 0.9468939816260471 0.4302992070363898 0.59053256774768 0.49512185938282904 0.30261020681418194 0.5596479229056208 0.94949072033072 0.6238192907906651 0.3083254606415242 0.5738368136073804 0.16911204774592625 0.1512716266507097 0.17060103259196824 0.8453449595601152 0.8489923931854751 0.5892216265695602 0.8521688286314568 0.8300857676519032 0.25169276375551863 0.858947658065303 0.5076472625610374 0.18757885441260513 0.998444369932748 0.2828179777750096 0.4129064906122144 0.4769935134822686 0.46231490180323087 0.3097516121694823 0.7559116240781655 0.6916672847469723 0.6978555781247013 0.962287395632486 0.5133173733387331 0.3214614022955211 0.055819312115226505 0.9978455218407531 0.6497833195390957 0.4653224321666699 0.5973601999748461 0.6878983866714424 0.04592393398581862 0.7556772170846805 0.04419509362010998 0.9361508139641675 0.8860031048491729 0.5017963091198333 0.2795283887859117 0.18046209673004132 0.7179279896061788 0.5110185728961557 0.34911117961186877 0.15312571219064952 0.035792592510697 0.5047375650777391 0.5026265994595157 0.1102544865434224 0.029166466549134684 0.9103083721766857 0.06266327800771909 0.5834027622489546 0.0935194317165593 
0.5280194453776286 0.6123433054695356 0.7251934556663107 0.8686363360861298 0.6975410573207428 0.16731090640057245 0.6042895962981236 0.08054084966448471 0.811858992693423 0.055189195542894254 0.8026186048829279 0.669203558283094 0.1483674786576763 0.21556720972581156 0.3064291274953381 0.9739702458947221 0.47562089936031093 0.6165221087653069 0.5369954264319289 0.5474983841511157 0.16443153096357455 0.6103579921342096 0.17997518855031636 0.2728377241574468 0.9537959015313766 0.43036879450876286 0.10094327714314666 0.40112350625180815 0.8413354097381607 0.15257214223960647 0.8032786117067614 0.7575181822567403 0.35512752408928494 0.0633163268228284 0.5383920214253458 0.43562209848006106 0.5957519713963119 0.6499542229029875 0.8892479977291556 0.8210820444992079 0.590696847524634 0.030410548710690488 0.004579870538524489 0.7118843780601064 0.31283943016771043 0.14235167236693735 0.1738915075883951 0.6358268137756582 0.18053749034585187 0.42380001445994064 0.10228548973228613 0.2049215071445436 0.9789364638736049 0.034417792002366054 0.06935212530399804 0.4919888401994078 0.9204188172112843 0.8903180171567199 0.1377990607370524 0.9664604633574563 0.996691597000606 0.915143009572889 0.7151971905721812 0.4844164692807591 0.8658291117860342 0.9462837535353879 0.06616304116419858 0.1921408206063958 0.26465767806472673 0.6774963064966956 0.8224935406449758 0.9729858406506169 0.3401894586735992 0.8678040545701966 0.14521460289286403 0.2440949812597425 0.3533832405596449 0.8014576135262607 0.9551996791566568 0.49254077598427193 0.9243300063696442 0.6448568457198373 0.5679603643396477 0.9296927339589938 0.36003136331672314 0.9137225343345095 0.14340599098769236 0.038137542850579575 0.6342595865559562 0.7374375640656657 0.592814839895397 0.5872319240316521 0.2735578717248288 0.9873608645294658 0.9729543687084222 0.9013764174252997 0.7442601754173988 0.6220498080131853 0.9412340484397468 0.7793558798062616 
0.2042604193262023 0.644746519615465 0.6743323638119478 0.8920918297182334 0.766556737945784 0.8137605103232924 0.5352703982988001 0.811858992693423 0.9324798160124533 0.7947096620889632 0.545968515561833 0.483600542221183 0.9623370903435318 0.366821484050493 0.4822753391391663 0.644979270036557 0.9072653751361782 0.4767827912228668 0.9568260595596388 0.7617440688287951 0.9150566237645472 0.7235278081896553 0.47361474977930207 0.21050359452982004 0.8893767706785002 0.3424775689945154 0.17810400442135688 0.3326101637770511 0.14880198513144616 0.47480203170395086 0.878553052694921 0.21110332008473343 0.4189972722438361 0.26086011633386497 0.501028301753299 0.21136060673712964 0.10447899201978872 0.024815688371195854 0.5285419302081134 0.22286403519717968 0.03347331996217595 0.25981061646875003 0.9249593011651672 0.8099981477746065 0.7727027613465494 0.47170910617622375 0.15076139738515537 0.15655425403746703 0.16850352359203902 0.19430956831668222 0.14044395957872002 0.7716225109578716 0.9864965362056066 0.6500539136275091 0.5302796830546936 0.4138112820325308 0.39410524345723486 0.5976465284362461 3.6624605123469767E-4 0.5862418592281768 0.558533996168948 0.8816281420799733 0.32632690296448774 0.2565232429431704 0.8173904009503773 0.07883237692644751 0.6237269735455194 0.1639205705864808 0.7199563132189878 0.4227860341985755 0.3122138328769215 0.19018797034251422 0.7341815293114548 0.8794965189166872 0.5265841735942328 0.7910445668077286 0.5677951148945635 0.8467029587890487 0.05842682490787665 0.4120303194933884 0.8614995261498926 0.45355010918978056 0.42468547625826647 0.14548587175217875 0.47803269877239773 0.8487772515577414 0.32843033137136945 0.6246589527080706 0.7329541109678297 0.18289673393243655 0.6023235591728817 0.29644697738274517 0.6913305928113629 0.2134700451285978 0.7067081911932552 0.7660439232201051 0.08906841190014003 0.5924716744085199 0.9919460312238086 0.8647669702294455 
0.8672233030580637 0.7721337285439622 0.6298633548819894 0.7152453058169992 0.8086701285001405 0.1423157622478064 0.4436976342204735 0.055189195542894254 0.7947096620889632 0.5284580366493352 0.9308642596787248 0.2285748823860807 0.4565964012243041 0.3445689307980837 0.6778909853838352 0.3590509860103537 0.7694700783663114 0.9424511878073325 0.7012241080932232 0.031288081912902777 0.21413151693732446 0.4646720053983133 0.20899168446110827 0.2368993000650791 0.23633833087153133 0.3645346651436254 0.3158363838582783 0.2959937885862167 0.7374959996110702 0.8323982188697941 0.12254447141841984 0.5055753058678717 0.9942892357053414 0.05083656878864162 0.6524146695263486 3.50746583338557E-5 0.8096414010867946 0.9389456892158515 0.36741986392783355 0.7599266836559688 0.8353400264154018 0.3869280748132934 0.27334786063232086 0.24915607192663658 0.6209245008657697 0.9791539793965466 0.8154892209015382 0.8609150605067238 0.9639394953628857 0.8572191834458036 0.865074105641565 0.2091319972397313 0.5634159420547119 0.6840893445817544 0.10154200922882262 0.3149085257731301 0.8114487329110183 0.6362414285170145 0.006861549358177177 0.9063568753819911 0.7969984641938368 0.9727828413333124 0.5055002710611434 0.3754472011715988 0.24155215534774188 0.008849298312611054 0.0072769282202810315 0.41691992068470085 0.1380358791832803 0.2551527527340881 0.24021186347543932 0.01201335027348871 0.322379835510441 0.07637118296282253 0.7966236656809949 0.2137020490767827 0.07139422337098111 0.4681419974455675 0.7581034351235357 0.14033696453421007 0.09112257103846744 0.45574138248119633 0.11363018082580889 0.6910234446704103 0.9365960308520892 0.17710235669142405 0.9399745552355976 0.7587684372712696 0.9869209351893967 0.9286441917486848 0.47467005097439996 0.1363740027717787 0.5888892579005407 0.32445649262247256 0.2792142203557968 0.8852491360652077 0.8778092906593412 0.24770161890638098 0.6637951810018822 0.6687571338280824 
0.710363871063999 0.36177550794305924 0.550092224790529 0.09677099692317892 0.6238904733926053 0.8254952933106928 0.7610800333346103 0.8026186048829279 0.545968515561833 0.9308642596787248 0.08601207925434617 0.4576690183657621 0.42472101261712225 0.4394116116546669 0.8574965552356341 0.5567357460025615 0.7318632848513945 0.9131788917620014 0.20143457208517324 0.5185578390823739 0.6958080082736245 0.4643403506570891 0.2377643048414365 0.13213687857544232 0.7430405712027034 0.43081327628319444 0.8148588287487342 0.525977225502352 0.432373851858059 0.3325243557008648 0.41226406985581043 0.40236920082246064 0.7569615273645875 0.17437494992178293 0.4807585364983019 0.7339036529968193 0.29362137035469893 0.8305329445881706 0.5174946412368048 0.45264462855207244 0.7848264325853624 0.48823091227732107 0.725739483301479 0.09695559198422365 0.8686043902466429 0.2669459999202527 0.06674087725265054 0.47179656911829926 0.7077182489801529 0.4227820369521069 0.8755019012826724 0.12537881172198972 0.2118848694348674 0.9980697255282688 0.9827552073282217 0.8483844220950434 0.39541987144655777 0.38264602111291157 0.46218635280055786 0.4615282715218132 0.16758085042615445 0.015969416812925408 0.7049629140299251 0.8730605522421487 0.5140133326132517 0.37817266060056154 0.5128839887266018 0.7598776473498082 0.5950868923017325 0.49335027898428163 0.29697282928043156 0.25423041205803265 0.7605416834228482 0.39982309738899924 0.27009269766940736 0.7025881266432947 0.8597480615584633 0.4298177332497326 0.7301742501549284 0.9040377168342203 0.5130154508673712 0.6849439299615161 0.14490026628359676 0.23266748205252918 0.20176884876176937 0.7940482970956065 0.7692016283939213 0.7017052228467365 0.134044341323597 0.8964677812517164 0.9536758831434834 0.33675069186071827 0.8466381283550412 0.8064024265563244 0.135048144458066 0.19126300414910635 0.41637574082932427 0.4830711029581992 0.739051113770823 0.9595334381655842 
0.12154372504268962 0.21873178131683502 0.5162594238145066 0.03870649266226678 0.4952620020369044 0.0216313327533747 0.613493388083923 0.669203558283094 0.483600542221183 0.2285748823860807 0.4576690183657621 0.9703515509164568 0.25651035446249226 0.8716095339955481 0.42069499466875615 0.9086212395413807 0.7403209822438709 0.725971761253287 0.8818896686194347 0.8827125075596969 3.6260313451863535E-4 0.09143918068994006 0.37953537069660115 0.10945248584726275 0.34234197549803325 0.21360174749352623 0.6447044410522973 0.04199294401077802 0.03143578083003329 0.5264961190305357 0.7419457863407711 0.7685471875892835 0.3635340124658438 0.4538602730632759 0.8504534826442299 0.7642353056185194 0.770385616083181 0.5596667151039344 0.8723048209674218 0.7825673630852524 0.05987301382148136 0.8173735769668855 0.42456046690453286 0.7404769131826067 0.46783784669464734 0.662841721102936 0.30034104608035717 0.42445005590752893 0.9293251537309046 0.7976224127276923 0.6685633432664221 0.7251778198887704 0.8648087759494599 0.4173295834102311 0.12284055657234727 0.8942927576655085 0.8209062391171851 0.6540666887614933 0.1871211323368257 0.009133605697234648 0.5052862245801298 0.5423876776012022 0.03896064947134881 0.43011389431441394 0.11191733833997541 0.7450282776918247 0.02089221613605685 0.5401543010349847 0.3455025196888235 0.6076520894530031 0.9761805323674188 0.4667703892674503 0.22288779572596884 0.8511135543300123 0.567315409707155 0.8047906800711736 0.5544306142245787 0.35524799528383966 0.513920752094105 0.5813130090114859 0.9897572191473286 0.03995649561134906 0.12132531281622749 0.8343890632721489 0.650034598249645 0.8073611191485895 0.5618620246844308 0.21306106491906207 0.6628273759192638 0.8730640884748775 0.11803268423119861 0.9487561153845827 0.36580576264618725 0.5850520892466852 0.9999952987362876 0.3966775271341826 0.5520153532457349 0.00554482682406976 0.40940174708223187 0.10071469658679788 
0.8955978883682054 0.22020095408710016 0.2335089057105132 0.003486699256125436 0.3384896784781155 0.2553510804293251 0.7635540738733103 0.1483674786576763 0.9623370903435318 0.4565964012243041 0.42472101261712225 0.25651035446249226 0.8921157372677527 0.11409465535613561 0.23743375555909452 0.9965259379601692 0.5879392686617528 0.47950193179717326 0.15695504113136094 0.9348320219887751 0.38691757361409973 0.6436189265479406 0.8970185409836376 0.18059017317645532 0.3183677302390603 0.26187214353974 0.17253745478311522 0.9236016268051898 0.9003263759901715 0.25334141800921517 0.0827489992621695 0.1222386994829241 0.10956433945424238 0.8274918900714618 0.7891707157653467 0.19435987829190005 0.10761053749233018 0.2751622839183192 0.9370689133680414 0.16811408592601962 0.5720584737389578 0.8381714206695093 0.594029250605727 0.9102189415521719 0.49512476009954054 0.804911905179918 0.44504006601433355 0.9604293504500135 0.4803735149514653 0.21855873171223683 0.6055690122080868 0.3182968732478325 0.8937164591050009 0.23002735052430123 0.6924340669072061 0.2519522347037797 0.7062439023501705 0.17957420768157883 0.7268403272150975 0.8285264299466747 0.5041362617793345 0.9489404848981138 0.03477403622492292 0.40195887648775386 0.9348522582647542 0.9901972315732952 0.5570161463946314 0.7363236749232375 0.8089843718641915 0.7079585491246304 0.8843572313993013 0.7914377569045912 0.1836176893741226 0.5483862760092565 0.8931668167915231 0.4523978136820901 0.015723830162341468 0.231418887903181 0.07228972290279823 0.6458255182580688 0.3930666235454531 0.05191339402480044 0.5043126918268458 0.35298326006436 0.9252917052156262 0.07089861287295329 0.9925648245161796 0.0035557458305854883 0.6093174565069274 0.3198944941654799 0.009785809845132332 0.6137753706572123 0.370839967043171 0.8492609299648467 0.9852158696899189 0.8187019892088375 0.5277102118462328 0.5657969074621023 0.9439319945445577 0.6408510952361818 
0.33676163373263834 0.10463212218582518 0.0596712298556179 0.474854181101407 0.13551144249530456 0.5190374219252905 0.421820312954033 0.21556720972581156 0.366821484050493 0.3445689307980837 0.4394116116546669 0.8716095339955481 0.11409465535613561 0.6211367277539381 0.3253189103160209 0.665575255541111 0.4359962429478952 0.41711243645336193 0.6727048933109003 0.3391843768225158 0.9618556307827741 0.39315963925892083 0.9548984265202342 0.1566705770670448 0.9265041845949985 0.6944326168561755 0.2716250314119889 0.4095399671430876 0.6907365726764003 0.3684122138534489 0.8740810111368725 0.43178908021322504 0.022238427116201276 0.6688724801282907 0.17361215424352971 0.16647006189199742 0.9293065090420284 0.35749467163039095 0.48040838158350574 0.2242420982925959 0.6379909570873125 0.22544906993698866 0.9564974915532766 0.0492961798807785 0.7189156934136465 0.5074604008696874 0.037829470291259826 0.21136023100717694 0.21866611254980906 0.46731834139031314 0.7570001358303373 0.9020624838290996 0.40551557033157026 0.19648927028655272 0.9811714732798412 0.4297507592055114 0.40039526444259144 0.5864312025039581 0.5690028222359936 0.8789360477108462 0.5313949305947175 0.5104091549552612 0.8459159869995029 0.12884867302532754 0.7237144884550294 0.48205317225240873 0.5987738695638921 0.11016624516787465 0.616869508038787 0.4455968030321461 0.9990616944427217 0.5197921583542997 0.3870865029708771 0.8966792759289306 0.4779158212230311 0.21063440381019416 0.44520645928533864 0.23278938274298555 0.5968546182188142 0.12665425453443735 0.27904807799212195 0.0888751466131944 0.3848226253632784 0.9630251123652042 0.714065022620449 0.4263379187147901 0.4451673643413565 0.6970616400016987 0.777264138558278 0.3125755287880372 0.375426302918774 0.7576502733406794 0.1667344919741348 0.6534337857538142 0.6883085010815055 0.8792317893997776 0.05276996871586648 0.6223716520930485 0.4740143242907663 0.6209573701205147 
0.6983274515063124 0.2898783939589955 0.3620015492508313 0.10102818918592871 0.8621259971282729 0.8622986382160237 0.793495083527072 0.3064291274953381 0.4822753391391663 0.6778909853838352 0.8574965552356341 0.42069499466875615 0.23743375555909452 0.3253189103160209 0.5664508096098009 0.16783980442592994 0.5020433252737356 0.12246001765320647 0.8676825085855965 0.7743187234105441 0.3248991575352954 0.9147528995968914 0.1270730252536133 0.602656711660416 0.2166074808020496 0.5080873192625961 0.10466229214301792 0.2417943868734289 0.45572111191972375 0.038172521214265176 0.2634008731189881 0.5666567668001377 0.5454942867724092 0.4679805108565763 0.5164069959084193 0.6159400928945062 0.4531656044374037 0.714428985287543 0.7744146922043573 0.9787153333743936 0.845797351858154 0.5975558013300939 0.43345798969954985 0.9102158756294457 0.6018763680252502 0.6943691306995308 0.8227190381769496 0.2848719958517332 0.5858896228967936 0.020377021932149075 0.41860129922719236 0.5386004427200657 0.7873456471171238 0.9588712458080189 0.3234710110550696 0.9525521783088862 0.44622009404765717 0.011359901402951067 0.10614373838781688 0.9869672927969797 0.7135626981121167 0.752114015612357 0.6060748183649693 0.8864807274155634 0.7290093469405257 0.8356134918636999 0.7143461053210813 0.4471685038179406 0.7362018713586427 0.0277482223500205 0.46192367994118066 0.6608186874415911 0.0026254535985347216 0.009950078404913798 0.9692941628335036 0.9333573175028657 0.8621314357712346 0.14000263863985474 0.9414703332760818 0.7120543944100076 0.15642118159747687 0.4440947451317334 0.42848893217762307 0.6500805743460094 0.716024489736173 0.8617552132872731 0.5139073573462761 0.8871802437624603 0.2918138171779515 0.16862593806270232 0.4424374305699106 0.6316725491493608 0.524853201379237 0.061600787702421944 0.45273870048142584 0.9916863406169134 0.12538910456603813 0.6066782944980046 0.2425251951722277 0.9224813384152798 
0.6840943057244843 0.30816774495087595 0.40029049214480095 0.25200107131178606 0.39371864266593304 0.9267955539391777 0.550867346897703 0.9739702458947221 0.644979270036557 0.3590509860103537 0.5567357460025615 0.9086212395413807 0.9965259379601692 0.665575255541111 0.16783980442592994 0.42104755048834774 0.6219466591134231 0.5605234886420877 0.23190230502762033 0.8298101925358454 0.5964388035821747 0.8934518207776425 0.8174588652547109 0.6150998226149754 0.43016735518557747 0.5960735369250968 0.696218493481436 0.48831303431554873 0.6214677539417771 0.09851059315508326 0.9326460480297595 0.2383963927255307 0.5248495562490321 0.017385573607819338 0.269717827084033 0.5885696012568462 0.9558755703759727 0.09599381037208377 0.12508419093639023 0.907057475231903 0.7291586713068227 0.9035897560120133 0.6267495100218426 0.2316997826747389 0.6813870476345343 0.13500468778559016 0.5316838521733882 0.3075665938392065 0.353358324400761 0.16919548004803775 0.19597597031431402 0.982213652652532 0.7833237777874236 0.26895731236021037 0.24658255337714619 0.35497097703111735 0.7985137732193417 0.43391565293821666 0.2424240605731529 0.5346651624834773 0.7825363909792007 0.4550458027741967 0.4065224593085499 0.7244337758140945 0.1434107921966169 0.16135115368641484 0.46107205194880896 0.6227983360469254 0.6103179350636014 0.19796404411499802 0.7037793095151383 0.8069196299158341 0.04672109414028003 0.9298160770979277 0.726503377024488 0.8469675706827903 0.6833290825889777 0.22615705676712017 0.5961739321204851 0.38979496334698616 0.5464454873617792 0.948585552971967 0.8931586622885377 0.34561305380697216 0.38556718353393393 0.9388854055470365 0.7336975395075931 0.6131238575186528 0.5886663266344404 0.18284707154697066 0.7907170431983851 0.4865725923577341 0.4144097554063044 0.6123838055454356 0.3712819050802497 0.0024410988915317677 0.3676401196762943 0.7006367715448919 0.809138160905846 0.0040110664813550745 
0.4189317964552267 0.13741196099895714 0.06362617435004592 0.9327927557706827 0.37334404331536075 0.8039751539797323 0.6016607674974087 0.47562089936031093 0.9072653751361782 0.7694700783663114 0.7318632848513945 0.7403209822438709 0.5879392686617528 0.4359962429478952 0.5020433252737356 0.6219466591134231 0.6977640342240347 0.603395308379804 0.7872459412440994 0.6287834952183827 0.8092616910213944 0.10504167404876108 0.7178960646249802 0.25674897591041024 0.8393538112904622 0.03836214336124555 0.9769498001431246 0.6967607816842029 0.779931398275671 0.16494950482419046 0.6139362920524436 0.5337709551668717 0.2991745310820474 0.7265545302233104 0.14118771181948486 0.11144717375288204 0.8528561842229181 0.007626916955758789 0.14288722516164143 0.582695867604414 0.7661482253383379 0.2854188433905388 0.738850673881827 0.8248752382020117 0.7138160864368297 0.4864076893537246 0.3880572247486317 0.7869894661808258 0.43000950454137754 0.7164261240595281 0.12339082574820459 0.01291284858197883 0.5384273082396478 0.5867720631792902 0.07174857399585788 0.6677011490185242 0.10945345916802474 0.9197024318289356 0.03261786904007813 0.38330469541533896 0.9229331671895327 0.9840983819619334 0.9634196077717888 0.6355056262807226 0.4435772953994198 0.8857221439099354 0.45135959816153515 0.165659780474274 0.20055398768431654 0.11636829431457751 0.6392262292959009 0.16883128719156593 0.6036465949239694 0.5523455073890278 0.6165172528174884 0.58416574705394 0.22542749973290954 0.3851070202962409 0.9874740791283689 0.843856001771399 0.23221746472454285 0.5654816494322655 0.18404730201957376 0.863811646942863 0.9561706838221498 0.34783939643555706 0.10451252086099916 0.8921521237637415 0.5666459358728255 0.431658403056861 0.8274005575980232 0.0709002269761887 0.4210945121716577 0.015343714554864607 0.47560190963444704 0.21176133246758522 0.9540159144744272 0.8007799670947225 0.7869502342188142 0.3386309409921687 
0.5704479290564064 0.17532022889322207 0.6689254784011336 0.262455061564286 0.3238930428945148 0.3948643563438756 0.47714079237568296 0.6165221087653069 0.4767827912228668 0.9424511878073325 0.9131788917620014 0.725971761253287 0.47950193179717326 0.41711243645336193 0.12246001765320647 0.5605234886420877 0.603395308379804 0.8971028019759676 0.6169837639344538 0.5852851662972217 0.007481221512619096 0.2145166489069198 0.867354003843045 0.13993996568307865 0.27853515005730434 0.3843062658480477 0.4474010398026065 0.35179498177048785 0.48614432444506317 0.5603012772647222 0.12846905146546983 0.8104829996273029 0.628544530516013 0.7083833252407703 0.65784783316482 0.030027965006810486 0.28267120949023306 0.02685766502216702 0.9868038173860387 0.5891440646890392 0.43847404097152765 0.8327186603017332 0.10544285948404564 0.4776169324469841 0.5426786984379666 0.6239224486281542 0.9369493563993248 0.6816349012886636 0.3437006540184133 0.21235077136535252 0.6236304616003003 0.9286325257032203 0.8374244769385848 0.66297002403495 0.3233254687709658 0.5561548532343502 0.7278193155921177 0.2717600694300094 0.32712454521258194 0.6694455714396731 0.3368695311351284 0.968307433127438 0.9079727169327593 0.1089077571699586 0.8250569577763286 0.3385283014375945 0.8146188262038278 0.26128128822218966 0.9166392383352875 0.9288062835583533 0.7365010905727347 0.41732623650036094 0.06322624400039445 0.6149010288689094 0.3825443320650125 0.20399662764839588 0.1246648968260542 0.5973034372667678 0.040476606965655915 0.6005348975842248 0.19799996932512798 0.019284077230975916 0.6131554759288026 0.1856119513875507 0.18328657468857934 0.2947011636011049 0.16452733082978566 0.5565835124770389 0.03928774259518375 0.9797053247724266 0.9502260850531193 0.3121285773104401 0.4525985635273626 0.42579827625711153 0.7564496460699485 0.59598138054059 0.8204956421883332 0.5112730385756685 0.12563651600051184 0.9621629120510055 
0.75968398839877 0.7328381698626468 0.6867519583353504 0.8117911381627663 0.0045552534795666455 0.9469964915928165 0.9461182730375676 0.5369954264319289 0.9568260595596388 0.7012241080932232 0.20143457208517324 0.8818896686194347 0.15695504113136094 0.6727048933109003 0.8676825085855965 0.23190230502762033 0.7872459412440994 0.6169837639344538 0.030818950270609324 0.4638835981525794 0.7085964648583996 0.24106434808245414 0.5114507627124689 0.15966217851605924 0.5501330967926612 0.16092897885145852 0.41746413847046493 0.311122804062666 0.5888282734687615 0.7107254920771916 0.6257712922266 0.64265966116995 0.03154124435275529 0.6181001399889644 0.415109973820994 0.49176991808238024 0.5493086034569901 0.8600408651764241 0.32346380636866956 0.27179989240312474 0.4337133708551836 0.8240817108769372 0.6955204021801613 0.8852348808185343 0.9514247754505635 0.5943214943239983 0.8595287542425845 0.4861221791196799 0.13949291984471224 0.8492251980838024 0.7059252328572938 0.9560382920143717 0.19511546688695702 0.027122948227027432 0.679355606380451 0.08008054659191266 0.43097590651490914 0.7405158360105298 0.841227853495898 0.687684467837692 0.49088643525033426 0.9017436138449513 0.7116886917864695 0.9576380114355149 0.1503507889179182 0.6602645493505641 0.05792456617085617 0.6774844922303862 0.562795150935393 0.04574297479566325 0.6599452018290638 0.4945759931128353 0.25459848407960806 0.1613353976752634 0.35551650278858593 0.09935987255898415 0.5206861704761974 0.878011292611168 0.34266633583363326 0.8410503701361229 0.12733336324277356 0.24344014335853859 0.8011954690342222 0.4916587844379293 0.3899581905334497 0.23792160376220584 0.3838831779012132 0.7464252587342849 0.7610665708258394 0.08503069370999738 0.023584995329368863 0.5770154042064747 0.03714406948564897 0.05609567925346726 0.8041782276513656 0.7384161170126214 0.17317301540980568 0.5953212149924767 0.3513178322857733 0.5712842319745285 
0.6809916071561897 0.9862835509865759 0.19705889530992615 0.4719776119505471 0.49516343683563824 0.03659822424422121 0.2251136532057565 0.5474983841511157 0.7617440688287951 0.031288081912902777 0.5185578390823739 0.8827125075596969 0.9348320219887751 0.3391843768225158 0.7743187234105441 0.8298101925358454 0.6287834952183827 0.5852851662972217 0.4638835981525794 0.47958504759023324 0.6363149118628995 0.3132241371616852 0.738572902191781 0.6688433251868184 0.18097066174268983 0.02223096795279267 0.6885801942909869 0.817480504714218 0.5681073978471168 0.3545805395493382 0.44613502551643114 0.8143017064011736 0.37195731790519393 0.13895984392826233 0.7994560493702727 0.2765945387544897 0.5395427667822832 0.20353058852224382 0.07228895907975819 0.23357127288762003 0.2011765476838212 0.296712512354506 0.4492482639102241 0.09990032376765845 0.5697654973712579 0.6687382657086721 0.2568600975932588 0.5920680609092501 0.482292674617945 0.059005254406907626 0.6936224299516409 0.27644388110691565 0.4307984740520484 0.19850775471789905 0.24946982620548463 0.3803047684086236 0.38037686479055854 0.707141035596135 0.4583499049026919 0.3457082747398649 0.27814770850287507 0.4424260057959206 0.6871892409370125 0.3609856787435717 0.9198616570040554 0.9392117000932436 0.3803464228035217 0.7657595883732908 0.7597396008992828 0.5691700060957029 0.5507206441986522 0.7927739644835191 0.3243436209499174 0.4444054209597853 0.33700424819555697 0.583455837119865 0.12272195559124777 0.8912597676672608 0.1311381651026181 0.7940126003697731 0.332765643024969 0.5284005543613068 0.12084914966206994 0.39500004467288186 0.08766010370396993 0.5975383172190448 0.08921872389122532 0.4596800437627149 0.8865096279164065 0.21562721348068836 0.9665530864016637 0.8351190932094426 0.5096591014611428 0.6441601095378603 0.9393945188294796 0.5948622022519847 0.831931137960004 0.5041777474626111 0.8873343542878186 0.08314892878766733 
0.4698702188560212 0.04333313366878433 0.02463471001633266 0.6190896587039678 0.15171037322623238 0.4737609435168447 0.7682619040576318 0.16443153096357455 0.9150566237645472 0.21413151693732446 0.6958080082736245 3.6260313451863535E-4 0.38691757361409973 0.9618556307827741 0.3248991575352954 0.5964388035821747 0.8092616910213944 0.007481221512619096 0.7085964648583996 0.6363149118628995 0.09594370691167908 0.10486896235428411 0.5403584113483186 0.17802157108111427 0.5328673022860883 0.6991472995445696 0.027775973017451605 0.12430804983331889 0.6994269175941653 0.5313465992646768 0.4243533356308068 0.9173451569202459 0.537648944062978 1.860394876531668E-4 0.4900939937464035 0.7544401371528995 0.9577985706543517 0.124413606301911 0.047177086076299 0.5134521376936165 0.6951485186228002 0.7690437005701288 0.3408865609688717 0.5665070601646099 0.29766534674349465 0.76686332997237 0.2909336311866204 0.491742733434416 0.36439480332879903 0.15288845584130273 0.7553952962799928 0.40711388519403424 0.573273075715827 0.21871054470307838 0.8015623594633378 0.7176693645335664 0.6122858500126634 0.9891806074365025 0.5063101879558808 0.041346576633553456 0.8593430058279419 0.025635886903097038 0.9931763239037861 0.9582114009916792 0.5439312078962142 0.16788293738614224 0.25414896539445886 0.014204113669901486 0.16755295681010718 0.9414072204813719 0.8012407640250553 0.10283495902034756 0.1601549501777184 0.8767886929086107 0.3462427309472569 0.9469060635561544 0.10619487695126228 0.9150594898187101 0.5166233817855309 0.9072185345119681 0.38669041533962334 0.40574837661711183 0.08135853761287004 0.7563569541529546 0.7525397469194594 0.9436139344634347 0.28254734485939315 0.37302625009921575 0.16959826341320472 0.435576798917937 0.6469906627705087 0.5360483749565531 0.25744138771240155 0.34111831840593543 0.08647827756682791 0.12700949787278726 0.7814387806086626 0.9874216896901675 0.1863512738749148 0.08668073793433917 
0.7046107702322291 0.30834073148077557 0.09733380145370918 0.9067518382032426 0.9073097772807124 0.6522988234876842 0.07741980790970038 0.6103579921342096 0.7235278081896553 0.4646720053983133 0.4643403506570891 0.09143918068994006 0.6436189265479406 0.39315963925892083 0.9147528995968914 0.8934518207776425 0.10504167404876108 0.2145166489069198 0.24106434808245414 0.3132241371616852 0.10486896235428411 0.9517103017243552 0.22478890664063667 0.32897680151122255 0.41271871722563025 0.7327299505897727 0.4583746485214526 0.7020924225555905 0.3347850685918936 0.9737886051351915 0.2690361622455667 0.30154750624648974 0.5581059632324064 0.9332223226591746 0.41910639369153435 0.7537899214805837 0.1276269746590747 0.6882577245002135 0.02815453160959791 0.1555157555635981 0.032300072087630305 0.9975220684735339 0.09930691781481216 0.15622094357022687 0.14267322987439712 0.4147097145808514 0.3784583729939305 0.19396363440254927 0.45483539938619666 0.8395934736214987 0.7367122197609738 0.13546611398791208 0.89990282968257 0.23651352011759308 0.8806448356421447 0.5687562110108799 0.1706152746680668 0.9506720098145263 0.2154986305469183 0.649867629019494 0.11524342571103152 0.9090077463903888 0.11316491761094627 0.7146893672008647 0.25389185581598117 0.005119256375242132 0.6698260973451946 0.8328747012596258 0.883414586058414 0.13665080678248143 0.2773843067480546 0.102790423480563 0.05454302753907159 0.688751152049535 0.9783116593690169 0.7648072617195927 0.4284589298218081 0.7386597067190956 0.6253147934051044 0.1448029683730775 0.6499280945864631 0.8941704360451159 0.325214338218051 0.03056952374875077 0.4102426201486623 0.4726691443102242 0.5106978816637503 0.3308868281265249 0.8156033982114782 0.6776348561802954 0.2541126242909669 0.770344451142845 0.02520622698728503 0.5359416282753982 0.11422164843316729 0.9325648767017294 0.3781787795160888 0.6219921893102178 0.8898560575204341 0.18030038515402824 
0.33358638219170444 0.3695932728254284 0.9488335091194576 0.6343958843979397 0.4275006540977938 0.28593220439899913 0.28082728280537383 0.17997518855031636 0.47361474977930207 0.20899168446110827 0.2377643048414365 0.37953537069660115 0.8970185409836376 0.9548984265202342 0.1270730252536133 0.8174588652547109 0.7178960646249802 0.867354003843045 0.5114507627124689 0.738572902191781 0.5403584113483186 0.22478890664063667 0.38964745127236433 0.013660256226777245 0.143652171723331 0.85294737637098 0.06359677070486747 0.5002135550567618 0.254571853068558 0.6703412229531401 0.9438166844665702 0.7938352040657355 0.05966071901330372 0.45626567547473196 0.2041150727996338 0.3840558966459924 0.8535079435785621 0.13593118619223166 0.8651070367556861 0.7183552193919884 0.6281280244694882 0.458746050527142 0.9172740443818553 0.5923852812427257 0.9564938133038084 0.05102575848241109 0.7286195768503364 0.989715460253083 0.8497068980871417 0.21285521374351202 0.6201303783121901 0.12369212455409173 0.25080014553267405 0.33913949515886654 0.9033855284504643 0.10295278586877987 0.5674242645421133 0.9669486382589811 0.9920379533867482 0.4673292842864989 0.7911786511797941 0.22958264922659255 0.4225263227878199 0.8223198034052462 0.30310415049757655 0.9323529613412198 0.7492574625625548 0.9380050138469763 0.42286346504063976 0.5558972050999673 0.31563299153229296 0.97222903820391 0.1233926510975002 0.2399137594274957 0.8446758121623739 0.9280609981669808 0.10331497839104031 0.20352407776519077 0.6416459261372192 0.06199822606608962 0.5861661485224637 0.1180397392220307 0.9559166776245358 0.7220678132169325 0.7984878297047453 0.6637324489583432 0.7105165400635587 0.013928236559280993 0.0681042082203358 0.8742750782682713 0.3751233964724435 0.7682681577494338 0.8794039743247007 0.9008424838980114 0.2319317183970444 0.514244782408408 0.024208150015939567 0.5124305196477371 0.6636955021130145 0.5513996847493788 
0.5131421236796497 0.04229237069813607 0.379055470122997 0.021656382028324872 0.6295467200901136 0.571938710946334 0.22430879460944053 0.2728377241574468 0.21050359452982004 0.2368993000650791 0.13213687857544232 0.10945248584726275 0.18059017317645532 0.1566705770670448 0.602656711660416 0.6150998226149754 0.25674897591041024 0.13993996568307865 0.15966217851605924 0.6688433251868184 0.17802157108111427 0.32897680151122255 0.013660256226777245 0.19481204077107261 0.9897729291564658 0.3793827179580702 0.7564349843536637 0.9800467420639629 0.06730499147297375 0.685260101490475 0.4614283548236099 0.24571469173381655 0.23094439562407942 0.007859350264350584 0.5965104159248269 0.3075101564102716 0.9890287209047232 0.880159377853021 0.3027237590287194 0.13754457903463724 0.6995702667352278 0.5134511029955415 0.3897275112491636 0.08485352236717292 0.15905921848006643 0.8947353993070215 0.33820756433765264 0.23577066276020098 0.43636552182029953 0.07313603977043692 0.028296848584091205 0.5918112537206909 0.3698614079554562 0.9286937006807929 0.013006402583839227 0.7007159383368602 0.7367058096328273 0.2530391264353469 0.9496123789562312 0.24056337421669116 0.3503029272741056 0.41382648409649414 0.7521402294236386 0.32736769354824247 0.2452670246634685 0.22344095033414269 0.1345319263335093 0.9933352483119167 0.6687961515331344 0.8873771814436526 0.4767778392342754 0.365962002367636 0.8131774903218438 0.06881819018593494 0.36524027458109176 0.5674118447792235 0.09621800081284004 0.1733271719988062 0.7335903315200549 0.24912297410949502 0.3247132176648019 0.9311970638111859 0.2622259962644625 0.9783476495804347 0.2606387931708517 0.2348862866260628 0.5817339688748702 0.4013388000481243 0.9505681574876031 0.9751010442769995 0.8699032118905583 0.22215385478500127 0.6758915260385027 0.3114680631664176 0.631993840471984 0.5565552724700588 0.5347303093373627 0.4123740493506488 0.8104097550252338 0.14724366427640634 
0.4538247596017284 0.21633744035239433 0.5790575130873145 0.01526905445590987 0.5483362346897744 0.7201897374335174 0.4030875192819994 0.9537959015313766 0.8893767706785002 0.23633833087153133 0.7430405712027034 0.34234197549803325 0.3183677302390603 0.9265041845949985 0.2166074808020496 0.43016735518557747 0.8393538112904622 0.27853515005730434 0.5501330967926612 0.18097066174268983 0.5328673022860883 0.41271871722563025 0.143652171723331 0.9897729291564658 0.4760126451565001 0.20343112368030614 0.882619286841358 0.2596683489216204 0.07199497196589444 0.07516034267801852 0.27511282011926375 0.8169172908704381 0.4375856470343258 0.8178679883285233 0.24638246265260744 0.47769671228964905 0.48314654267367996 0.275322522939378 0.373353233205028 0.9131676569506203 0.12201886464309109 0.33872243578566474 0.9133913732434656 0.4964159665321164 0.14484005320455695 0.9385785488265169 0.6079600257931148 0.982588157178089 0.21978847685247382 0.6345166728171575 0.944188500841516 0.5282353963448765 0.8812135143667221 0.25163954117211007 0.49706596784324886 0.575163800855009 0.42867814347552513 0.7669698624982906 0.7376663338673332 0.7070986698109418 0.3742625923157733 0.31062901950269917 0.6117558816998107 0.5767267721238519 0.44804647779532814 0.7137886553081212 0.268331056827823 0.39618965818769925 0.20000874082944753 0.5090653515990619 0.5490785493285477 0.2858579267473078 0.9211535870739412 0.6689115780504767 0.23744563223151494 0.9842248487359991 0.9474919623324912 0.6536883341056758 0.6099537143697769 0.036015241299407696 0.4075779450716742 0.5334883495180178 0.5325834798805347 0.5961132341738925 0.12761958277164331 0.04641130279343886 0.20150534152196686 0.4136706217539218 0.7177548345277089 0.46087500182552454 0.6401241563343633 0.3937652515164959 0.8289022205497448 0.020679921485349917 0.23335244850648584 0.37323627356512556 0.19166772048766068 0.5689266735404978 0.9052220238332722 0.3928318848527558 
0.6718783234258365 0.8710313429510487 0.11954815865866042 0.8718854186425501 0.1738929985130866 0.159197112417517 0.6221732836547265 0.43036879450876286 0.3424775689945154 0.3645346651436254 0.43081327628319444 0.21360174749352623 0.26187214353974 0.6944326168561755 0.5080873192625961 0.5960735369250968 0.03836214336124555 0.3843062658480477 0.16092897885145852 0.02223096795279267 0.6991472995445696 0.7327299505897727 0.85294737637098 0.3793827179580702 0.20343112368030614 0.32710822286024777 0.6705191004033768 0.02738853156637111 0.7995617347531928 0.7537235018564501 0.1828688268773655 0.7837795126422188 0.9711551397421447 0.10586778688404053 0.7605489470770579 0.5105812946306776 0.3187831838712418 0.8258433224370454 0.2220284794119044 0.48095579473973504 0.4947112794535439 0.995258061541604 0.055251357034251436 0.7103233082164909 0.40830589339829526 0.43079983667938204 0.5937063739455205 0.6207426143736291 0.7368278146625041 0.38540042491067394 0.5557683038767763 0.8218655540693212 0.10670117966485804 0.06783223142040873 0.7074716695254176 0.8411379518469988 0.016455972105268946 0.7221012851564871 0.38251316028987525 0.36736438475641464 0.8742994127593706 0.19257056194123945 0.47316012940436347 0.4594494374197289 0.2312792240238194 0.741567488326079 0.29187613193998363 0.21607377225731517 0.4052597595194064 0.3833002342357844 0.3958572175827274 0.6022580799302659 0.21143979016483672 0.15122773300777415 0.06530526246960866 0.4852137100423367 0.44189848382619223 0.5255981098604512 0.6311474149926254 0.4445741152641316 0.06966395493716648 0.7136913061753356 0.25904423310483016 0.5910461136920581 0.8920566188673529 0.5973714452388995 0.1139106826791092 0.4527158894512563 0.47356741858668205 0.9408749814243698 0.0528080947092634 0.969689539033917 0.8002885301126512 0.8863309555269289 0.12394764380855583 0.7754432313413054 0.01592241161222363 0.8553299825163201 0.18567814834941576 0.23720393618914515 
0.8393688536051984 0.601434378824037 0.5253141824615376 0.16215197211655785 0.8619640374506429 0.880000648407909 0.09440319031070232 0.10094327714314666 0.17810400442135688 0.3158363838582783 0.8148588287487342 0.6447044410522973 0.17253745478311522 0.2716250314119889 0.10466229214301792 0.696218493481436 0.9769498001431246 0.4474010398026065 0.41746413847046493 0.6885801942909869 0.027775973017451605 0.4583746485214526 0.06359677070486747 0.7564349843536637 0.882619286841358 0.6705191004033768 0.9736525338449169 0.7219291329550916 0.9017147769376425 0.17787625199082335 0.10866712817983792 0.5257996373708086 0.21749744748140254 0.8084766020439281 0.3128847994182885 0.053795266216305704 0.17745041006210127 0.16273139078981624 0.07643930461654047 0.3340393199478543 0.6040480111640847 0.24444072090138547 0.1497377373388673 0.45869813435386775 0.7269733964745065 0.17340520587734254 0.3754149234239219 0.17992995336124062 0.3242910053417559 0.8471576483776752 0.14126430250558264 0.40806787387120325 0.31743513529041767 0.023437974742892775 0.11323331009927362 0.08191600856288472 0.047951093360151575 0.272294156935463 0.5218293029476576 0.8781082532890758 0.6563067059134217 0.9468875206067416 0.29578989377719966 0.8797996668202552 0.08172645862806571 0.17852611849302713 0.7636289422308005 0.6345303397815314 0.2068818463536246 0.9141452783219882 0.4766779958369354 0.9969221175795945 0.5824053355099003 0.18339949232495034 0.9465000062434754 0.7739391720959105 0.9835775670218768 0.10772532086527253 0.7350606716191815 0.46876314584692746 0.7751707078236246 0.6451802501548635 0.38779985548015206 0.3539043871352999 0.6903131671671854 0.7025577864641795 0.15775406625522215 0.6949907927929018 0.1653741823928233 0.04022420351373868 0.33313832805908317 0.19374634735353258 0.8152492444139205 0.3453180309253444 0.2513033917085207 0.6219915955129282 0.9820603170477 0.955398208802005 0.7587430945711213 0.17806860458239748 
0.15341794022324395 0.11358574065391491 0.2870236282064176 0.7183476765038891 0.892190618244467 0.9814613928242047 0.4333072158993839 0.40112350625180815 0.3326101637770511 0.2959937885862167 0.525977225502352 0.04199294401077802 0.9236016268051898 0.4095399671430876 0.2417943868734289 0.48831303431554873 0.6967607816842029 0.35179498177048785 0.311122804062666 0.817480504714218 0.12430804983331889 0.7020924225555905 0.5002135550567618 0.9800467420639629 0.2596683489216204 0.02738853156637111 0.7219291329550916 0.5451677104354309 0.9773226546386296 0.9598328444705329 0.3129132716050512 0.3415227607010033 0.9650838119865319 0.5862395923488649 0.6450684039033615 0.6127742616596433 0.8955235872603549 0.21445068276963708 0.11225074937779245 0.8691732688269059 0.912294681710883 0.8606265214591 0.6916562047444967 0.44020445960429133 0.1961316403212715 0.18999081998782652 0.862006999568463 0.7680051084309938 0.36343906411324045 0.6922286782083388 0.47741555773646405 0.19201462386819024 0.9954007778174881 0.694871966879548 0.8764596960440573 0.5719318636853334 0.256258541075175 0.013407892397586219 0.8594343815634735 0.6009387892337501 0.07210409034694432 0.3698557612437169 0.6325651986181275 0.07228291044761559 0.010474228338116398 0.45081361314813595 0.9400394477296501 0.679693190677465 0.8262330730269284 0.6214850890066488 0.3830309227086556 0.1557370700272408 0.6206718665740512 0.8639542597118144 0.3594645139796957 0.6821092371709276 0.6984512300081386 0.46598381930009936 0.14908747721161075 0.5419752857342529 0.5009567704839499 0.3508706213171545 0.4154841750645982 0.9268763710138807 0.4448333897539448 0.7093991351404104 0.7999916874692753 0.6593339294315338 0.10091020076916013 0.7716925938282714 0.34204393864650284 0.34717601945101495 0.9114217762520949 0.13976800266792033 0.1762918921586064 0.1467398572976465 0.5623781762033292 0.09086044041037278 0.328918498175949 0.879488012962285 
0.87522286810179 0.15648195986839686 0.1272866067177303 0.5740254569409313 0.37046519228526853 0.4842319347182774 0.8854243067845327 0.8413354097381607 0.14880198513144616 0.7374959996110702 0.432373851858059 0.03143578083003329 0.9003263759901715 0.6907365726764003 0.45572111191972375 0.6214677539417771 0.779931398275671 0.48614432444506317 0.5888282734687615 0.5681073978471168 0.6994269175941653 0.3347850685918936 0.254571853068558 0.06730499147297375 0.07199497196589444 0.7995617347531928 0.9017147769376425 0.9773226546386296 0.20313040659203585 0.657088491166059 0.46388660862697517 0.7202083079306794 0.9366240596820974 0.08879175221996827 0.11442877759081371 0.05485046091161061 0.3915287036129007 0.5168778817000571 0.2759080821604216 0.39218521648589444 0.7313761515449615 0.24377575079912794 0.2332494738010057 0.40585461540593304 0.15603591640707493 0.11309813503365751 0.14946149333679848 0.28201485171301954 0.8073016314971294 0.8348755195959844 0.2513381560959882 0.5526557960058772 0.00305730443961727 0.976230515102729 0.41425174873087967 0.505814386838887 0.8934378812600907 0.5666200372588289 0.5700171343491143 0.08128169007315145 0.9575935514085802 0.9122802441779739 0.6401284130569648 0.8840362292048748 0.24111277514788354 0.266266995006768 0.6312395351354638 0.5775192280558091 0.8718545210686945 0.4584926656206634 0.12058046214689766 0.4549998015612384 0.185884754630944 0.4544175033144888 0.6060705666691673 0.42966143045288663 0.7454086795824357 0.08156202133159107 0.09921206304954377 0.0326736222795313 0.6370343411397454 0.8397642886122885 0.8984154489298071 0.26339522459386866 0.7013994530831263 0.7941142229396315 0.6962304422514513 0.29698931032997633 0.7641381192369511 0.038754358579046966 0.04602516124723666 0.12211170993088039 0.5133596289472553 0.11524476108299697 0.7419773239762251 0.1549684293402115 0.4002565389364807 0.07094738655201016 0.8508112825487326 0.7559200264412502 
0.3894059071847309 0.7668711829791341 0.6479477087792012 0.3600782508132365 0.7773482805663213 0.8285973626754713 0.17746278398444804 0.15257214223960647 0.47480203170395086 0.8323982188697941 0.3325243557008648 0.5264961190305357 0.25334141800921517 0.3684122138534489 0.038172521214265176 0.09851059315508326 0.16494950482419046 0.5603012772647222 0.7107254920771916 0.3545805395493382 0.5313465992646768 0.9737886051351915 0.6703412229531401 0.685260101490475 0.07516034267801852 0.7537235018564501 0.17787625199082335 0.9598328444705329 0.657088491166059 0.827155225922862 0.5508929604662237 0.9745349474082761 0.36094362521892054 0.9312665320453154 0.43085133752344573 0.8205011435930425 0.6326461185738287 0.47259006827103445 0.019834119926755323 0.30843815224905125 0.6341552622334119 0.6908707755941763 0.7870162062684288 0.2536645440435058 0.5340974971826417 0.5092020196807949 0.9010703801157038 0.1315236383089574 0.7620048257601433 0.13081403843935924 0.6091674571290449 0.5501433654635165 0.8508755079481012 0.9007827305126069 0.6284018058725914 0.8369476128716029 0.4272461848385468 0.28583864526753566 0.2741601179556534 0.5789152064266351 0.9390160969706448 0.963151354941881 0.007959010186393112 0.047403296612016255 0.7473963031221177 0.3029097846584461 0.451535050675275 0.18542231867055703 0.1517405447841209 0.9797143225257118 0.6844782927326226 0.23856924103514832 0.7646461858833149 0.05424210684142927 0.8194584776476155 0.17039730576336787 0.40959719672669526 0.6293416729182845 0.4321008210444559 0.7188198611610895 0.37455377832610937 0.10365894129774 0.41182601060730606 0.3222163938247181 0.42227568326833875 0.12109173278438201 0.1954769241651837 0.17222959090872658 0.43179980402840357 0.5458150657545402 0.14731253702435776 0.33481198163950654 0.9253746656832519 0.1803151279241686 0.05695688527895737 0.22190153591304596 0.021287744678095688 0.48781481120793047 0.34114921813198795 0.693175436168896 
0.7405052590589434 0.1913857976500689 0.09995677715441031 0.16104611468443075 0.979579911658985 0.9036443664622236 0.07264409946812789 0.8032786117067614 0.878553052694921 0.12254447141841984 0.41226406985581043 0.7419457863407711 0.0827489992621695 0.8740810111368725 0.2634008731189881 0.9326460480297595 0.6139362920524436 0.12846905146546983 0.6257712922266 0.44613502551643114 0.4243533356308068 0.2690361622455667 0.9438166844665702 0.4614283548236099 0.27511282011926375 0.1828688268773655 0.10866712817983792 0.3129132716050512 0.46388660862697517 0.5508929604662237 0.545404384599447 0.28066942537094264 0.5556492510130523 0.7206521727888417 0.13286935970694702 0.19275606944245904 0.2504086032765295 0.8584815055201269 0.15630557580506788 0.7665756890476768 0.03412833448125829 0.7260833197533232 0.22797698423892687 0.15473215904782733 0.9535794650158685 0.334865516545626 0.8407654124454792 0.7606481319853309 0.9385715944854953 0.3670724284314776 0.4364438772973247 0.624822272862423 0.11521238197286388 0.44988472168229443 0.8196123136621838 6.283498544297217E-4 0.24810863500048685 0.058712712329329175 0.3717935234111769 0.3576018891496937 0.43641733859406584 0.9306949100474112 0.9625705544790853 3.548345251547236E-4 0.4591628575358788 0.772734139447207 0.8032797928646475 0.5977047113525995 0.8419946444916702 0.6079736995560994 0.743655883687805 0.17929979629982395 0.8005669517070917 0.32043667785829255 0.6729585880584297 0.5759668407293214 0.7049804797719286 0.8296214686145957 0.754493613528787 0.8552038519719769 0.6052336365889036 0.8551669930879128 0.1960725906541635 0.03468487337533677 0.6593881231587906 0.4162716198257572 0.13884033576584143 0.2443401379693637 0.014162830732471599 0.05136982965665926 0.03303013185170689 0.5515189910134881 0.8019262363712248 0.24064102250233432 0.5615904224770556 0.8639393221564663 0.43856646225411355 0.6672454022826668 0.7712597632173552 0.6815722974728968 
0.5330717664116511 0.07444961617996793 0.2888038830721792 0.046485210373660935 0.14705898449397037 0.4041494632609488 0.1841989716242477 0.7575181822567403 0.21110332008473343 0.5055753058678717 0.40236920082246064 0.7685471875892835 0.1222386994829241 0.43178908021322504 0.5666567668001377 0.2383963927255307 0.5337709551668717 0.8104829996273029 0.64265966116995 0.8143017064011736 0.9173451569202459 0.30154750624648974 0.7938352040657355 0.24571469173381655 0.8169172908704381 0.7837795126422188 0.5257996373708086 0.3415227607010033 0.7202083079306794 0.9745349474082761 0.28066942537094264 0.33347558193795923 0.7627519762471557 0.575548697127716 0.9813060379231497 0.4558922235364261 0.4480439173474232 0.20522130454368492 0.1871777459098355 0.941105182829639 0.10305725020091316 0.49925042679759635 0.0041589368413869066 0.06552748940064379 0.5770286469779946 0.15285508772014678 0.8749236628222491 0.4714092638392393 0.4854988920161767 0.1691099540730273 0.9567248760660777 0.4799646511367498 0.1311385347890024 0.7967503593596029 0.8094495938906462 0.6959463630703427 0.13253266663213503 0.1791791865313257 0.43611878856139097 0.8772092119101125 0.24838212071568755 0.7883141066745125 0.9235430381127994 0.2195615585833448 0.9441488263592722 0.47179726977858316 0.6935404899361297 0.7902116202596788 0.9639931157808875 0.6032217685368628 0.29406902623297315 0.832373414626036 0.5429209307874425 0.3924124160992315 0.7348196048911007 0.05910456718610646 0.9223800177242878 0.8864307907417459 0.6032633110987932 0.8562067191584947 0.5171134999829424 0.5718576542626379 0.5848398596114063 0.5220263733675783 0.42190004618270927 0.77503853956274 0.5549205671529311 0.2862521328109989 0.9438803014444279 0.24936110746670048 0.11037410937115533 0.8703123186615526 0.4994891401492835 0.43726558477306343 0.26500897018974945 0.7787342456679869 0.5245839425245669 0.8995726767224049 0.04586117632015707 0.34383477139819063 
0.5707570724314808 0.45086274610434773 0.2659953361247229 0.28624262133996814 0.0100463251103452 0.9420693430608591 0.7409362869050006 0.35512752408928494 0.4189972722438361 0.9942892357053414 0.7569615273645875 0.3635340124658438 0.10956433945424238 0.022238427116201276 0.5454942867724092 0.5248495562490321 0.2991745310820474 0.628544530516013 0.03154124435275529 0.37195731790519393 0.537648944062978 0.5581059632324064 0.05966071901330372 0.23094439562407942 0.4375856470343258 0.9711551397421447 0.21749744748140254 0.9650838119865319 0.9366240596820974 0.36094362521892054 0.5556492510130523 0.7627519762471557 0.01217922772284974 0.31584585877007554 0.8962421597033057 0.7853691992696757 0.914268471929727 0.276887937824989 0.116655829467192 0.19227353003945802 0.922533922279559 0.8141046210207082 0.05614011141905395 0.3853930349482426 0.07731599728071648 0.2403505704221307 0.4042831978962603 0.07809755508460936 0.24503380292395593 0.4130058909275961 0.728109870181581 0.6159421866604983 0.7513186125649437 0.9724149096357713 0.348228882175179 0.8470394516419871 0.3604428580346166 0.45745016657477633 0.7550776931424532 0.3515671676752482 0.3511969479368193 0.4548493799544414 0.028795779321442172 0.34184376878913647 0.655187003892453 0.10010398069402127 0.14520363537690129 0.033660876727851896 0.8955965686415406 0.3150623645997995 0.6255592811654896 0.18507058789987452 0.6927760411399266 0.1410424167844765 0.7192099565100634 0.8005827294623679 0.7875933939580497 0.40613170966850853 0.1959516603106235 0.7067354437085747 0.3743004751493424 0.7514858759563475 0.8688544922402228 0.8192597203988303 0.5317394597938554 0.7338190511747065 0.1685072811779731 0.44256698323507937 0.7950340340572419 0.31991237389350147 0.4460802724822146 0.86904595652217 0.719480367190861 0.5938503207563927 0.195299547193297 0.8786635330003715 0.7541736756215175 0.9088264275377258 0.05237282059107806 0.478621596366973 
0.30585767762948146 0.04385694088695791 0.8388429980608026 0.5491405710298018 0.8125887921333681 0.06639272616216108 0.5905201072990913 0.0633163268228284 0.26086011633386497 0.05083656878864162 0.17437494992178293 0.4538602730632759 0.8274918900714618 0.6688724801282907 0.4679805108565763 0.017385573607819338 0.7265545302233104 0.7083833252407703 0.6181001399889644 0.13895984392826233 1.860394876531668E-4 0.9332223226591746 0.45626567547473196 0.007859350264350584 0.8178679883285233 0.10586778688404053 0.8084766020439281 0.5862395923488649 0.08879175221996827 0.9312665320453154 0.7206521727888417 0.575548697127716 0.31584585877007554 0.8649754199999237 0.03274355111575855 0.25810109494415345 0.36832983809538744 0.12474786450420217 0.06046616106680047 0.24785603540952106 0.1667126388370419 0.9233518610385147 0.9954653146050437 0.17279840713454697 0.39687519568716445 0.5407246056627522 0.9397294150976437 0.4496581278521753 0.5874128309100796 0.573424589968814 0.7731970128854928 0.8865918559766837 0.6201543135799324 0.10835051464167622 0.05260049613726758 0.5390789682556245 0.6308887286845278 0.5969123028240303 0.614492328719253 0.21251301194861594 0.35263210896476116 0.09875183675262389 0.028358625884284283 0.44708978721596426 0.7802494565903622 0.9361815034755099 0.6131070056677236 0.8957897154673471 0.4307536066120201 0.8288293739376204 0.2038493623252532 0.23769665319809763 0.2753622066714565 0.2625496324422253 0.23578216989864942 0.1565908134614038 0.6274003081024537 0.1874775831030483 0.9981002533942838 0.4586991539262658 0.884394747089837 0.1371784876637262 0.10326268025043472 0.10368136386624915 0.04321424350519365 0.5141601548963526 0.3155620472942482 0.7793751311453142 0.3338663021344037 0.09658930929801546 0.8878314748868097 0.6635198747504186 0.15057096533980197 0.7868722845590038 0.4662564892800217 0.1846230522243807 0.6979879462245695 0.24483051690091562 0.44064125912929697 0.919328656767234 
0.6883985727887427 0.5242122867522131 0.6348635885872231 0.9615322528284856 0.3932236647903036 0.6908799629901506 0.7025555192868546 0.5383920214253458 0.501028301753299 0.6524146695263486 0.4807585364983019 0.8504534826442299 0.7891707157653467 0.17361215424352971 0.5164069959084193 0.269717827084033 0.14118771181948486 0.65784783316482 0.415109973820994 0.7994560493702727 0.4900939937464035 0.41910639369153435 0.2041150727996338 0.5965104159248269 0.24638246265260744 0.7605489470770579 0.3128847994182885 0.6450684039033615 0.11442877759081371 0.43085133752344573 0.13286935970694702 0.9813060379231497 0.8962421597033057 0.03274355111575855 0.41598268878008626 0.32652192147595493 0.3411123195747462 0.24509308425934784 0.29807379223500896 0.1843297914233557 0.5121248827802175 0.0046683415499158 0.6767127857827172 0.4747602910115134 0.8307703159550215 0.23283826788123063 0.9128042730941586 0.36746119981050007 0.6787655950614925 0.9460485462652017 0.6973831574733531 0.9522935505687692 0.726138958423117 0.10201692348206381 0.3501226703227899 0.2008591663978574 0.3395082796128208 0.09910485032420013 0.582355297592532 0.8547067749827534 0.5889817308654604 0.6041775008009487 0.6815462108170417 0.4845100708446799 0.8950931780494544 0.07287432523590764 0.969666697993907 0.4928311273560865 0.330817450850981 0.05765736966027191 0.6896729973009383 0.017653060732951475 0.47359327157837583 0.2867003572968264 0.18230359526159723 0.5346860139443206 0.48841494794237283 0.5406264275186282 0.32966596709291174 0.45352110444143556 0.8154362852807179 0.5542979833725662 0.762591478471234 0.1560269376387028 0.4341629824849499 0.5273071780926527 0.2554951222596138 0.7349537606643728 0.18119307315509525 0.33951129157815374 0.0654843497108939 0.15653081140065983 0.009597149929254312 0.23690211946139283 0.7117193226590814 0.6929125337221064 0.3954132963756253 0.5782939059472586 0.8365344032556569 0.24864949834979744 
0.6780955128711517 0.3917266834146683 0.65019650912239 0.2156418288961901 0.5848877331069854 0.8666415909782612 0.18108673074626525 0.43562209848006106 0.21136060673712964 3.50746583338557E-5 0.7339036529968193 0.7642353056185194 0.19435987829190005 0.16647006189199742 0.6159400928945062 0.5885696012568462 0.11144717375288204 0.030027965006810486 0.49176991808238024 0.2765945387544897 0.7544401371528995 0.7537899214805837 0.3840558966459924 0.3075101564102716 0.47769671228964905 0.5105812946306776 0.053795266216305704 0.6127742616596433 0.05485046091161061 0.8205011435930425 0.19275606944245904 0.4558922235364261 0.7853691992696757 0.25810109494415345 0.32652192147595493 0.3203646253991901 0.21476011825716512 0.34158895200176875 0.6399306263093517 0.38978954936227883 0.21144381632441345 0.9503228989451442 0.9761632281010045 0.6809082476926789 0.9153126307082708 0.7122505323646705 0.040527802366195465 0.8589315539224947 0.8226238780442425 0.7351338882071946 0.9694649019216149 0.9471509091853214 0.30631124597183856 0.6078347090457602 0.5906218066390934 0.8920313748960235 0.026199294785841487 0.559651769442709 0.4946065563246069 0.7254619966932219 0.7638978223041002 0.3912086886445476 0.2879678806313958 0.6937010614950955 0.49942310369251774 0.6074640108398551 0.5031393925495647 0.19618645488468522 0.7780383264279198 0.9851746789158488 0.32565702429854704 0.75726377953059 0.8035012071130317 0.0151503675099528 0.6397784701840293 0.5400183886602993 0.23785163919430108 0.2738951227099319 0.8907048188589709 0.10377984616687752 0.38806784339467915 0.7997397149463933 0.9149232563101241 0.20549997725678826 0.31636472847033703 0.9753264608106446 0.19976176554959124 0.4500890974744651 0.42360321244770827 0.25131586295181496 0.9990655680133378 0.5059272216133767 0.22422529588813234 0.28544226813875084 0.35397645650810095 0.4191502330133131 0.35632394734573636 0.7165534794854707 0.34611582396687013 0.28394357342753407 
0.5426833960115705 0.5516638137500167 0.574555198185279 0.7304245580082764 0.29815012708027144 0.29185552867770115 0.11034944242421563 0.5957519713963119 0.10447899201978872 0.8096414010867946 0.29362137035469893 0.770385616083181 0.10761053749233018 0.9293065090420284 0.4531656044374037 0.9558755703759727 0.8528561842229181 0.28267120949023306 0.5493086034569901 0.5395427667822832 0.9577985706543517 0.1276269746590747 0.8535079435785621 0.9890287209047232 0.48314654267367996 0.3187831838712418 0.17745041006210127 0.8955235872603549 0.3915287036129007 0.6326461185738287 0.2504086032765295 0.4480439173474232 0.914268471929727 0.36832983809538744 0.3411123195747462 0.21476011825716512 0.35190320152961774 0.8450273267687307 0.8450427784800878 0.15595906690485295 0.3300783339461735 0.9489654960265894 0.6026790311697121 0.6321029599882566 0.5699119743474607 0.8298236068861404 0.7944625176871939 0.9623265456924136 0.8697768431354477 0.45164313135624823 0.010311847234959703 0.9076831265538885 0.7065813622197038 0.21480977128784873 0.25805455910383834 0.8137979185557 0.47088967651736546 0.48826991280413756 0.757791630216474 0.5300308327143795 0.4729127435283984 0.513394943584251 0.17774183241184038 0.8719941064435496 0.9895426575592 0.6881908542144776 0.4904291516465109 0.29872004057181767 0.35404797418025136 0.5423085270691294 0.8126473990461505 0.35565699096673264 0.9777421184819797 0.4213179536106314 0.43345589222301606 0.22080420649604282 0.23688355901477987 0.01296694107613039 0.7315308847550894 0.3836792598330937 0.3582607780112407 0.3686535795946059 0.8365173499500475 0.08544428367575463 0.7933608034743789 9.863710443558382E-5 0.698596421120306 0.6534005520185405 0.08371535713226497 0.9642125294813755 0.6963035707426642 0.27419319704463363 0.8889637525254079 0.588408820326139 0.03470357613133401 0.06745090453462421 0.6743673840736834 0.634124514468734 0.9643480556282634 0.5452185542650821 
0.07902369131201026 0.8323287467160182 0.331062569120117 0.2635751301010759 0.7719886229567011 0.924872955575046 0.9716634629778108 0.6499542229029875 0.024815688371195854 0.9389456892158515 0.8305329445881706 0.5596667151039344 0.2751622839183192 0.35749467163039095 0.714428985287543 0.09599381037208377 0.007626916955758789 0.02685766502216702 0.8600408651764241 0.20353058852224382 0.124413606301911 0.6882577245002135 0.13593118619223166 0.880159377853021 0.275322522939378 0.8258433224370454 0.16273139078981624 0.21445068276963708 0.5168778817000571 0.47259006827103445 0.8584815055201269 0.20522130454368492 0.276887937824989 0.12474786450420217 0.24509308425934784 0.34158895200176875 0.8450273267687307 0.5359556397599291 0.24806479917365465 0.28601208708267134 0.6724228044019663 0.7791783454453978 0.008697862293191028 0.6970264259190546 0.7797444363054891 0.1608856015131379 0.739783440773731 0.2820922856701955 0.5226531084605947 0.1546505229959939 0.533226021309265 0.8547860973452054 0.9289937556221445 0.20589644598134327 0.6003020349060044 0.9155317528833555 0.33239615697818514 0.705984710168501 0.15331791721300814 0.7076380837530237 0.6499123011531889 0.3333651353179926 0.5090135152614473 0.22507008611937407 0.029669053114630528 0.48508612556792796 5.33589884924357E-4 0.053942218610613546 0.36795581657469245 0.7534068973524672 0.0865476312512885 0.6142925917873816 0.5750508141835409 0.7899496206618853 0.2541061094190522 0.7095172949049818 0.7552212235756692 0.4437743939411447 0.9260791309004669 0.2879143462444631 0.6587161358010996 0.7599556105864316 0.604531280769758 0.974106852879487 0.8622035228666344 0.28168318297042094 0.9081441978989088 0.23768581831114588 0.1389855121157837 0.1116078626313537 0.994806232940561 0.03223246637289545 0.39145920900702946 0.35709467005318885 0.09974650881849723 0.35995141425192556 0.33567247556111257 0.9092444297159938 0.5650982009808582 0.49546523485719496 
0.8091423394744693 0.8497527653998029 0.1411983077453075 0.39037317513053016 0.5099269384275781 0.8614656472042796 0.5162562938562575 0.8892479977291556 0.5285419302081134 0.36741986392783355 0.5174946412368048 0.8723048209674218 0.9370689133680414 0.48040838158350574 0.7744146922043573 0.12508419093639023 0.14288722516164143 0.9868038173860387 0.32346380636866956 0.07228895907975819 0.047177086076299 0.02815453160959791 0.8651070367556861 0.3027237590287194 0.373353233205028 0.2220284794119044 0.07643930461654047 0.11225074937779245 0.2759080821604216 0.019834119926755323 0.15630557580506788 0.1871777459098355 0.116655829467192 0.06046616106680047 0.29807379223500896 0.6399306263093517 0.8450427784800878 0.24806479917365465 0.8514578584259931 0.9869878837960144 0.7885340567114717 0.5368919820061664 0.5415096322697083 0.5152530645955036 0.9766246786712581 0.5431472499790441 0.5789028086781889 0.20015118872212057 0.4528280102405817 0.7634827473136787 0.364934517361154 0.11432208173367386 0.5405263470209394 0.36859372135026436 0.8678024467481358 0.7120253069803225 0.7182849259200862 0.6521977110697325 0.7675164619541939 0.4562583676606722 0.8275138596001942 0.8878075825463213 0.6935731660057854 0.6591289342883784 0.6019734261557274 0.897492077411356 0.9093059506011771 0.7119032608826739 0.6840697631717032 0.917737373816906 0.7704553084611147 0.6125979710636122 0.5946467575203217 0.5320935109016806 0.16538763864354888 0.586678143722751 0.8309869401175067 0.2811098722902776 0.9305233679873143 0.6403698702561084 0.38199240900832065 0.05713400838101723 0.9269179344915837 0.08629031069781379 0.4700246946630253 0.5448688249690234 0.06257176370976425 0.43754427929952766 0.2556399141333401 0.7781530422903945 0.04992909863812678 0.579131082470837 0.5744637278340645 0.34925051769141713 0.09915710905308539 0.7944511573198803 0.5147083518881382 0.9290038131903093 0.06518041423225163 0.04989685664303689 
0.8659389315292471 0.04669926061817975 0.9461197903233393 0.4556868940098803 0.6803217151552462 0.957612016531708 0.9468939816260471 0.8210820444992079 0.22286403519717968 0.7599266836559688 0.45264462855207244 0.7825673630852524 0.16811408592601962 0.2242420982925959 0.9787153333743936 0.907057475231903 0.582695867604414 0.5891440646890392 0.27179989240312474 0.23357127288762003 0.5134521376936165 0.1555157555635981 0.7183552193919884 0.13754457903463724 0.9131676569506203 0.48095579473973504 0.3340393199478543 0.8691732688269059 0.39218521648589444 0.30843815224905125 0.7665756890476768 0.941105182829639 0.19227353003945802 0.24785603540952106 0.1843297914233557 0.38978954936227883 0.15595906690485295 0.28601208708267134 0.9869878837960144 0.7893413392149927 0.5345283325681554 0.790078740128876 0.9219576120725287 0.4086745139688497 0.4156933949402879 0.5123380457464725 0.6889645354340102 0.11714797378415776 0.522456512978592 0.25057839170352014 0.4035449134192387 0.422343260733534 0.26218834949168945 0.011764863269736359 0.21205278892429913 0.8147665487522794 0.6594452066798663 0.5225402405362916 0.793686532934781 0.9537010705497503 0.0902168257273479 0.9372012156604841 0.5546999755102073 0.17743567122930082 0.47849750530194013 0.6369728227253308 0.13205897192870475 0.6854341485390251 0.21509848833248402 0.8026181759611648 0.8360904241144893 0.13551796557860063 0.08694021550581588 0.9160539926976548 0.893116205120044 0.20089241974788807 0.18963361150545222 0.7265244434741678 0.7367598923521566 0.8398548820543694 0.13697898322040358 0.5030198418849089 0.14055909246864606 0.6452804523783786 0.8780824823270756 0.5870078820081748 0.6847119275467671 0.6614892726362772 0.08610964779633767 0.35817952703198397 0.9062312793048778 0.4828568223722133 0.3922662325302967 0.7307934821919234 0.49447583303773035 0.28153665117181836 0.7044166784602122 0.20933639718898545 0.06297228906088714 0.6509228234204847 
0.05150104459478788 0.5312615139090572 0.2892292513461293 0.10451510037536338 0.7126228246235079 0.9138480443368067 0.4302992070363898 0.590696847524634 0.03347331996217595 0.8353400264154018 0.7848264325853624 0.05987301382148136 0.5720584737389578 0.6379909570873125 0.845797351858154 0.7291586713068227 0.7661482253383379 0.43847404097152765 0.4337133708551836 0.2011765476838212 0.6951485186228002 0.032300072087630305 0.6281280244694882 0.6995702667352278 0.12201886464309109 0.4947112794535439 0.6040480111640847 0.912294681710883 0.7313761515449615 0.6341552622334119 0.03412833448125829 0.10305725020091316 0.922533922279559 0.1667126388370419 0.5121248827802175 0.21144381632441345 0.3300783339461735 0.6724228044019663 0.7885340567114717 0.5345283325681554 0.47182083208476544 0.3495984516929026 0.35363804863038195 0.7969868782258789 0.03579018992792349 0.19489739168541975 0.21095975342826956 0.6613822944634032 0.14063477474222386 0.8870660051711351 0.3013776699811024 0.018217135593847855 0.2700924119123319 0.18795167183178985 0.34707140228893085 0.45065313347582536 0.721502345419503 0.0895590420933049 0.5935379530221361 0.3839976254040113 0.23330541485773515 0.039599557127213636 0.33679834846206247 0.02871238136178844 0.5410234838527276 0.564094874455453 0.5987642227445804 0.16977116423935812 0.452690884679978 0.22981337691876935 0.45824105702382223 0.2280557353264404 0.9067813073851003 0.9567024086063355 0.12024047202845789 0.9149879358411804 0.003993324161599032 0.6641112263347939 0.5377188562398035 0.10335289126084324 0.18882883631308311 0.11448277185631472 0.2875549580796304 0.24527680379259664 0.5977180623767037 0.6043249617663573 0.44652471514301084 0.7825799842899731 0.08751608151089363 0.8446550637353601 0.4132265829735694 0.5152340975670922 0.6115151592223219 0.9717437450941045 0.9783560181375559 0.820410161940947 0.4196885385692357 0.13386790221006173 0.4584231779790269 0.9476114596047207 
0.5045859934669256 0.13583563050284486 0.408578365661329 0.7110250947109373 0.8811883126270791 0.29285391695063256 0.59053256774768 0.030410548710690488 0.25981061646875003 0.3869280748132934 0.48823091227732107 0.8173735769668855 0.8381714206695093 0.22544906993698866 0.5975558013300939 0.9035897560120133 0.2854188433905388 0.8327186603017332 0.8240817108769372 0.296712512354506 0.7690437005701288 0.9975220684735339 0.458746050527142 0.5134511029955415 0.33872243578566474 0.995258061541604 0.24444072090138547 0.8606265214591 0.24377575079912794 0.6908707755941763 0.7260833197533232 0.49925042679759635 0.8141046210207082 0.9233518610385147 0.0046683415499158 0.9503228989451442 0.9489654960265894 0.7791783454453978 0.5368919820061664 0.790078740128876 0.3495984516929026 0.02570051937571538 0.5109142409666892 0.3769530840125339 0.3546439688637294 0.005288851665210315 0.9410586607900716 0.002402934269234658 0.1946838381644156 0.46894550392006784 0.5523789029878611 0.033476390714291315 0.6164603018898701 0.48639204319881335 0.927141059383296 0.86021021145239 0.4975789379435698 0.8311661825946686 0.36263332645855995 0.12315373917148664 0.5952695473062988 0.1607066759099951 0.7348027440599322 0.7431569739796317 0.8693492057627558 0.15064364157189536 0.3195843344990793 0.20072874220424586 0.9089499646035317 0.16157209764252767 0.6816939432677662 0.6066210943128476 0.9775679687805474 0.7324063332549127 0.4017896038342972 0.024241923965879764 0.1802486231015138 0.5664837554890467 0.9802885599873432 0.5796929442738711 0.6522305417659944 0.7049061139663894 0.7297603257036815 0.12667540616653428 0.47012817177928745 0.266177645904925 0.8476986756107201 0.6212012079836012 0.1947418687396466 0.4720187548564776 0.147608192466811 0.9049927570998796 0.5688406220518412 0.6763049264004473 0.11872426461666441 0.29664944957131645 0.9137718507868064 0.7674005942520968 0.08331775088069826 0.2461050616785999 
0.30284020033107406 0.877165149130918 0.013541778640925872 0.8413187696637119 0.8895733288473415 0.9533298206323958 0.49512185938282904 0.004579870538524489 0.9249593011651672 0.27334786063232086 0.725739483301479 0.42456046690453286 0.594029250605727 0.9564974915532766 0.43345798969954985 0.6267495100218426 0.738850673881827 0.10544285948404564 0.6955204021801613 0.4492482639102241 0.3408865609688717 0.09930691781481216 0.9172740443818553 0.3897275112491636 0.9133913732434656 0.055251357034251436 0.1497377373388673 0.6916562047444967 0.2332494738010057 0.7870162062684288 0.22797698423892687 0.0041589368413869066 0.05614011141905395 0.9954653146050437 0.6767127857827172 0.9761632281010045 0.6026790311697121 0.008697862293191028 0.5415096322697083 0.9219576120725287 0.35363804863038195 0.5109142409666892 0.19550943127090947 0.623728150279717 0.22541862643943245 0.32059451062374467 0.5637595006708124 0.2682322434356368 0.17592553927952814 0.9592945575317897 0.4070012082541108 0.9894704555095684 0.656451415560378 0.7589980842896462 0.611847411326158 0.9753809321187352 0.40788726569993594 0.5346268432159523 0.7668681274535154 0.9403487296026586 0.25955032011190826 0.03608272727398709 0.5090274925947366 0.8170123385440184 0.7309141834121154 0.9968834580781271 0.07514242522209658 0.8313221039497546 3.024728109125574E-4 0.1402233660648161 0.3912795452413993 0.1826835277333665 0.4235598687458194 0.8745453853374205 0.7097642063501887 0.11058706025571263 0.04059697978730892 0.673405923705372 0.8864836340627006 0.3449481631905529 0.6688389376511517 0.5533593002752119 0.8804238225716935 0.809450346051971 0.24998991189515607 0.6387838924865358 0.9528877024651464 0.975504907771666 0.0901585557059259 0.5340174801787573 0.3455999841569368 0.44901106389643974 0.5132728087958458 0.11086439691576855 0.9249116212948183 0.21292082723167471 0.2338442705589101 0.36348274344304576 0.39357503765526813 0.4456829151667726 
0.7497623452556644 0.6351612976806311 0.5561617558300637 0.3121772394904867 0.05333822766919982 0.6873740777665444 0.30261020681418194 0.7118843780601064 0.8099981477746065 0.24915607192663658 0.09695559198422365 0.7404769131826067 0.9102189415521719 0.0492961798807785 0.9102158756294457 0.2316997826747389 0.8248752382020117 0.4776169324469841 0.8852348808185343 0.09990032376765845 0.5665070601646099 0.15622094357022687 0.5923852812427257 0.08485352236717292 0.4964159665321164 0.7103233082164909 0.45869813435386775 0.44020445960429133 0.40585461540593304 0.2536645440435058 0.15473215904782733 0.06552748940064379 0.3853930349482426 0.17279840713454697 0.4747602910115134 0.6809082476926789 0.6321029599882566 0.6970264259190546 0.5152530645955036 0.4086745139688497 0.7969868782258789 0.3769530840125339 0.623728150279717 0.44752619686301864 0.18285484800913043 0.1920688237220468 0.9889605556983503 0.2365413418956953 0.25948974425756544 0.1382083697386296 0.34758820892706266 0.3919389402307185 0.8357015917014916 0.18678697973332548 0.570552746009267 0.16577280734386723 0.6977536103032211 0.43024955647370233 0.48385457952104527 0.7836753358163613 0.6233516002674654 0.6069088247812383 0.5244249888461842 0.7719354668547986 0.4814176149645123 0.9349721509186308 0.8588458371073351 0.28307043636390694 0.318768572295272 0.048654275769625444 0.5614383883264085 0.6400152549467387 0.06227055110724644 0.17690966131670838 0.37335817046126074 0.2614355346905526 0.9152346912717391 0.47582547791598184 0.967653149348791 0.9793029076750371 0.133265654389089 0.6024746947394103 0.7048128654885057 0.5147545539526549 0.627469385968905 0.2010355505898651 0.5791562823975708 0.5393915203740471 0.7618718698130961 0.9612427662970939 0.4284768705338263 0.3165530014427187 0.787095992513145 0.3047425490094372 0.5076829226627531 0.39073704459757863 0.5837889742154022 0.5566818307261386 0.21174258799689327 0.17322031268954774 
0.18691584482828716 0.71175396632398 0.8860462018828138 0.880395050741684 0.508955283056169 0.15137996154349953 0.5596479229056208 0.31283943016771043 0.7727027613465494 0.6209245008657697 0.8686043902466429 0.46783784669464734 0.49512476009954054 0.7189156934136465 0.6018763680252502 0.6813870476345343 0.7138160864368297 0.5426786984379666 0.9514247754505635 0.5697654973712579 0.29766534674349465 0.14267322987439712 0.9564938133038084 0.15905921848006643 0.14484005320455695 0.40830589339829526 0.7269733964745065 0.1961316403212715 0.15603591640707493 0.5340974971826417 0.9535794650158685 0.5770286469779946 0.07731599728071648 0.39687519568716445 0.8307703159550215 0.9153126307082708 0.5699119743474607 0.7797444363054891 0.9766246786712581 0.4156933949402879 0.03579018992792349 0.3546439688637294 0.22541862643943245 0.18285484800913043 0.7769880562080551 0.6678699984907829 0.07406218291571676 0.5580630148286394 0.8265576538710165 0.16710889490981462 0.16349770924846574 0.8950672508239721 0.39902612083795175 0.04379495933858424 0.6565190295481599 0.7448907098475296 0.18259598285367218 0.687654969307328 0.6706169417455232 0.8463992848397985 0.3197965125552229 0.8454849865233768 0.41086349609384887 0.6374762404947021 0.8011931852668457 0.7940194411768488 0.30360634848101586 0.48788744034904385 0.4887631821452253 0.5735654563240261 0.06959810524309085 0.5264353738366834 0.9189924324556965 0.17879544794193858 0.6234318878965369 0.5745176135163221 0.6734439861120949 0.06109815469407209 0.2769751340443608 0.23433775683482183 0.8984934763606542 0.16114714732266489 0.9715631500650611 0.6224000131348005 0.5061226119401948 0.9608525175741955 0.1670349434802899 0.5875516102954762 0.694106624253248 0.7206202763163059 0.5752639443272776 0.5077193415489841 0.6866274609193441 0.15085096180183621 0.14165631420845315 0.9206201315183206 0.015289235994512151 0.25586740973899536 0.5501603691102114 0.3111077295640319 
0.07143068782578221 0.9644513252440933 0.7977719287558784 0.6550667111113193 0.8026416133621357 0.6220589708199366 0.94949072033072 0.14235167236693735 0.47170910617622375 0.9791539793965466 0.2669459999202527 0.662841721102936 0.804911905179918 0.5074604008696874 0.6943691306995308 0.13500468778559016 0.4864076893537246 0.6239224486281542 0.5943214943239983 0.6687382657086721 0.76686332997237 0.4147097145808514 0.05102575848241109 0.8947353993070215 0.9385785488265169 0.43079983667938204 0.17340520587734254 0.18999081998782652 0.11309813503365751 0.5092020196807949 0.334865516545626 0.15285508772014678 0.2403505704221307 0.5407246056627522 0.23283826788123063 0.7122505323646705 0.8298236068861404 0.1608856015131379 0.5431472499790441 0.5123380457464725 0.19489739168541975 0.005288851665210315 0.32059451062374467 0.1920688237220468 0.6678699984907829 0.2357084629205518 0.9839692125524786 0.055650285325642534 0.35145089248821393 0.7062959435827603 0.619068900631276 0.6321182500796618 0.7707209391893165 0.9435435760946546 0.5573732820304714 0.26592886262915905 0.8155994496755693 0.11207391569209335 0.2268308163813647 0.7204607338173441 0.9572997226960613 0.4079057149125864 0.427573744573577 0.25177945993445994 0.09792848954357303 0.4498344936283024 0.2983413967614823 0.5645575878981329 0.03449703810127969 0.30652167325516133 0.44687941737453274 0.7632766857918516 0.34992374817893224 0.45583209672043945 0.5215668187398267 0.17581722552629764 0.21775292760146592 0.7981540914449017 0.6470308461146604 0.7048625552284046 0.8309477683741787 0.8268822227636152 0.6982678762199293 0.7971128938474155 0.2949976026060691 0.19693802647721426 0.34579532473319596 0.21112640358165302 0.8617130231508514 0.22614915095865618 0.1686187544507476 0.5116741111500777 0.3224648175656811 0.3145028688696422 0.9023047203453054 0.6218157832169302 0.22825558081029484 0.8727351208101133 0.06620903787265286 0.8234747846234967 
0.7877652379334037 0.9987994682792634 0.6816962782880862 0.2054769855997638 0.6349174240835107 0.16663772140427358 0.6238192907906651 0.1738915075883951 0.15076139738515537 0.8154892209015382 0.06674087725265054 0.30034104608035717 0.44504006601433355 0.037829470291259826 0.8227190381769496 0.5316838521733882 0.3880572247486317 0.9369493563993248 0.8595287542425845 0.2568600975932588 0.2909336311866204 0.3784583729939305 0.7286195768503364 0.33820756433765264 0.6079600257931148 0.5937063739455205 0.3754149234239219 0.862006999568463 0.14946149333679848 0.9010703801157038 0.8407654124454792 0.8749236628222491 0.4042831978962603 0.9397294150976437 0.9128042730941586 0.040527802366195465 0.7944625176871939 0.739783440773731 0.5789028086781889 0.6889645354340102 0.21095975342826956 0.9410586607900716 0.5637595006708124 0.9889605556983503 0.07406218291571676 0.9839692125524786 0.3588960538932291 0.11441148576145899 0.7969169757156891 0.3131094339303895 0.5246902668066886 0.9846020191113505 0.704210213099054 0.7911491460391913 0.3514172310946534 0.573447147417818 0.9613830594896432 0.5921840027103331 0.17302910102607527 0.5943566853765312 0.6434881410749437 0.5474666017467321 0.5363689655962622 0.8942801987271122 0.5351000950274463 0.11210508956883547 0.10834379440264619 0.5074314266417753 0.24344243973714141 0.2863971782441075 0.9683716249986662 0.46404518930794814 0.47323237098871507 0.5140746005900911 0.36755374817992725 0.42219068063195375 0.7463541394588109 0.049798384041210064 0.0409067272357061 0.2033598203173611 0.6824811209747924 0.2540650668638579 0.07012088364050728 0.4814952021485521 0.19602309649540972 0.8957548934055225 0.11169540337705364 0.20031723368996068 0.6102845593089702 0.8208725751742982 0.52893236563234 0.7752551363581671 0.7414759828222662 0.280602446403208 0.596155689619739 0.7739825921177003 0.4632293806375781 0.802619259685236 0.47965262967164946 0.5635029291539729 
0.480405342657759 0.42659406886720286 0.16069359826668572 0.022456669527350814 0.8076190594145546 0.8629380109299987 0.3083254606415242 0.6358268137756582 0.15655425403746703 0.8609150605067238 0.47179656911829926 0.42445005590752893 0.9604293504500135 0.21136023100717694 0.2848719958517332 0.3075665938392065 0.7869894661808258 0.6816349012886636 0.4861221791196799 0.5920680609092501 0.491742733434416 0.19396363440254927 0.989715460253083 0.23577066276020098 0.982588157178089 0.6207426143736291 0.17992995336124062 0.7680051084309938 0.28201485171301954 0.1315236383089574 0.7606481319853309 0.4714092638392393 0.07809755508460936 0.4496581278521753 0.36746119981050007 0.8589315539224947 0.9623265456924136 0.2820922856701955 0.20015118872212057 0.11714797378415776 0.6613822944634032 0.002402934269234658 0.2682322434356368 0.2365413418956953 0.5580630148286394 0.055650285325642534 0.11441148576145899 0.12652635993268213 0.7366668865369453 0.14221964287876387 0.3619252892354461 0.4804547857486484 0.5087368887334185 0.6668258430056948 0.23951762453423397 0.4159682882861062 0.177749931559391 0.7497914271238652 0.8763181034004877 0.9378305914684723 0.10446256302602885 0.27501006785439386 0.302531745039365 0.25918407845502744 0.4143927850281215 0.9481279832707782 0.423134418464327 0.8086904348786954 0.46487796249649105 0.943224637193671 0.8595516867934212 0.2419482838606427 0.7109487147943623 0.3944231839049047 0.5289749813870831 0.25690144344975485 0.20552318046655227 0.3509914376048219 0.4258235180955172 0.12720835488143367 0.46649601146516084 0.5068768248754131 0.2700551189271716 0.38805155269665614 0.5966166643250738 0.6142519448288903 0.043474643720480266 0.03562388286135321 0.35162259459234024 0.9955298244242541 0.9478840099164663 0.934535701391863 0.3179121449093213 0.9794408928148616 0.9878632611271368 0.8666452337813677 0.4831133443517649 0.40414670621663773 0.2061670024088279 0.8003223467116181 
0.3518106606587835 0.3055425592414638 0.1606430040534319 0.5465420516896773 0.9195391804358485 0.7775201793503428 0.5738368136073804 0.18053749034585187 0.16850352359203902 0.9639394953628857 0.7077182489801529 0.9293251537309046 0.4803735149514653 0.21866611254980906 0.5858896228967936 0.353358324400761 0.43000950454137754 0.3437006540184133 0.13949291984471224 0.482292674617945 0.36439480332879903 0.45483539938619666 0.8497068980871417 0.43636552182029953 0.21978847685247382 0.7368278146625041 0.3242910053417559 0.36343906411324045 0.8073016314971294 0.7620048257601433 0.9385715944854953 0.4854988920161767 0.24503380292395593 0.5874128309100796 0.6787655950614925 0.8226238780442425 0.8697768431354477 0.5226531084605947 0.4528280102405817 0.522456512978592 0.14063477474222386 0.1946838381644156 0.17592553927952814 0.25948974425756544 0.8265576538710165 0.35145089248821393 0.7969169757156891 0.7366668865369453 0.2612242749648629 0.5539978631071246 0.5811665103177972 0.5109130754379619 0.4685716276319314 0.026426759289195134 0.7334623859476926 0.6411812387778255 0.837653836518122 0.061598293759196454 0.8827386251491439 0.6547598288603481 0.40300605904251263 0.8098249736341148 0.9461237498016359 0.9061540236316826 0.49654388736040744 0.8603848146395505 0.27577035291653984 0.22759458506289243 0.1494138540031582 0.11026425619418423 0.2960593150618629 0.016048636452933862 0.4131981758640454 0.7124803561624783 0.21978089785789778 0.7929524359081135 0.4853921646004693 0.41101973541438397 0.09783930439531585 0.6047388975987414 0.5523929633614346 0.043064318289436465 0.6884736628497068 0.43398972292386107 0.9478081816787435 0.36905700930225316 0.019682804402574527 0.9990507277614623 0.5647136652640392 0.6772929264588441 0.06248699278729386 0.9342061603006112 0.45755996754711437 0.802104973779319 0.6328552365283056 0.363015672113009 0.2227472191841403 0.29334500913571515 0.496571186471335 0.3041755519793248 
0.6800354893891215 0.9220208304418442 0.8851383754714642 0.5408572834290011 0.5906014947120573 0.014612118936178864 0.16911204774592625 0.42380001445994064 0.19430956831668222 0.8572191834458036 0.4227820369521069 0.7976224127276923 0.21855873171223683 0.46731834139031314 0.020377021932149075 0.16919548004803775 0.7164261240595281 0.21235077136535252 0.8492251980838024 0.059005254406907626 0.15288845584130273 0.8395934736214987 0.21285521374351202 0.07313603977043692 0.6345166728171575 0.38540042491067394 0.8471576483776752 0.6922286782083388 0.8348755195959844 0.13081403843935924 0.3670724284314776 0.1691099540730273 0.4130058909275961 0.573424589968814 0.9460485462652017 0.7351338882071946 0.45164313135624823 0.1546505229959939 0.7634827473136787 0.25057839170352014 0.8870660051711351 0.46894550392006784 0.9592945575317897 0.1382083697386296 0.16710889490981462 0.7062959435827603 0.3131094339303895 0.14221964287876387 0.5539978631071246 0.05645848239371565 0.4797449298136176 0.6640076903077584 0.18227370852862612 0.35416194141364843 0.07987467381638269 0.030722987943275992 0.9550656343727095 0.33826277624007506 0.8317970158975321 0.8449894658650643 0.014406022307182464 0.4787056235606073 0.33615179580473165 0.9648089060480612 0.06972923401691045 0.4058990255932051 0.9372851800732346 0.5046649974904486 0.6809792083907483 0.6061534444331743 0.003171893452744934 0.26620855081509154 0.9721469960249889 0.43689500664898584 0.40726213295073066 0.29726628914527586 0.3270823658115186 0.9022368438524795 0.3640163861381669 0.030009223677099794 0.5460037310781801 0.18906113868972263 0.02477539906324644 0.7118124584051312 0.024137807761375862 0.1795844491964118 0.4017446224075738 0.26128295756844433 0.003179180718676289 0.02844939895683085 0.2552555578276662 0.25712733342534333 0.8417671127824718 0.42070673034695594 0.5530989651302979 0.49897750469283186 0.5529346302817341 0.3116211308828223 0.9906083502483078 0.4669863641630261 
0.24058573806885986 0.23979892791062063 0.7292610284469718 0.16055357330999342 0.8667909459835457 0.47038114185263513 0.1512716266507097 0.10228548973228613 0.14044395957872002 0.865074105641565 0.8755019012826724 0.6685633432664221 0.6055690122080868 0.7570001358303373 0.41860129922719236 0.19597597031431402 0.12339082574820459 0.6236304616003003 0.7059252328572938 0.6936224299516409 0.7553952962799928 0.7367122197609738 0.6201303783121901 0.028296848584091205 0.944188500841516 0.5557683038767763 0.14126430250558264 0.47741555773646405 0.2513381560959882 0.6091674571290449 0.4364438772973247 0.9567248760660777 0.728109870181581 0.7731970128854928 0.6973831574733531 0.9694649019216149 0.010311847234959703 0.533226021309265 0.364934517361154 0.4035449134192387 0.3013776699811024 0.5523789029878611 0.4070012082541108 0.34758820892706266 0.16349770924846574 0.619068900631276 0.5246902668066886 0.3619252892354461 0.5811665103177972 0.4797449298136176 0.5644936651572168 0.7900551385669989 0.8463040007165297 0.05095213272584187 0.7725764747046576 0.20425554615244434 0.14029152656490562 0.11992427672778116 0.4790627319932208 0.842187263418203 0.6612412710037548 0.8596898539021344 0.7303782783091662 0.2681293836836022 0.9326577012011543 0.318234560731787 0.9081605454565419 0.8830692177312778 0.6002808407340073 0.2682170744125839 0.1615421879255372 0.39849974206475214 0.03984478311868067 0.3206922259619961 0.4163135196051726 0.6915465388710872 0.2080506894441656 0.20576207249438394 0.2479812181032912 0.9439207646062348 0.8894949126566689 0.2735307617829731 0.8637489585174084 0.05801458533992987 0.5284255163632535 0.5626834043980729 0.8027036924599049 0.09052588806842998 0.7765832270928473 0.2342048920552886 0.733998362815291 0.8473201416445181 0.737015850281425 0.7741998328790413 0.90958075641529 0.8428063416747847 0.6386377808868319 0.13247018563787227 0.4110246838271868 0.5429251732170935 
0.3455109598839716 0.48855492909617904 0.18203338102045896 0.27657163703763143 0.892166647680153 0.587074154403472 0.17060103259196824 0.2049215071445436 0.7716225109578716 0.2091319972397313 0.12537881172198972 0.7251778198887704 0.3182968732478325 0.9020624838290996 0.5386004427200657 0.982213652652532 0.01291284858197883 0.9286325257032203 0.9560382920143717 0.27644388110691565 0.40711388519403424 0.13546611398791208 0.12369212455409173 0.5918112537206909 0.5282353963448765 0.8218655540693212 0.40806787387120325 0.19201462386819024 0.5526557960058772 0.5501433654635165 0.624822272862423 0.4799646511367498 0.6159421866604983 0.8865918559766837 0.9522935505687692 0.9471509091853214 0.9076831265538885 0.8547860973452054 0.11432208173367386 0.422343260733534 0.018217135593847855 0.033476390714291315 0.9894704555095684 0.3919389402307185 0.8950672508239721 0.6321182500796618 0.9846020191113505 0.4804547857486484 0.5109130754379619 0.6640076903077584 0.7900551385669989 0.33743907533633766 0.8824523335050888 0.3192787147501005 0.18291786824291467 0.6076318161816672 0.5633106905761444 0.33165477405072696 0.4793638259180151 0.6596533019344951 0.5964303173199724 0.15213690806993252 0.2405461826784785 0.701829716975139 0.5562462406401966 0.1890983310061033 0.22002437932005747 0.6486355670933949 0.11929263260509593 0.7087728443605733 0.5553630428074777 0.2708677307779893 0.7155501031259436 0.6133342925683033 0.7872871514442092 0.18168547968657534 0.762614850979932 0.43919550088204196 0.7641036191550337 0.057350783720030774 0.3759086985399005 0.004146420452536326 0.702049371243213 0.4026356384152062 0.6170941679931266 0.3712082518162564 0.29429698649223246 0.9882467932962528 0.6680544559612795 0.4425889330838835 0.039668754110115056 0.8112499603400594 0.7992429540583013 0.5488825678840684 0.896680505715473 0.059359499240113967 0.6389029312050333 0.8566635147434907 0.9593567743563262 0.09609140425969454 
0.9660156044701702 0.84910063638733 0.8669956723954815 0.8857825924601554 0.2979275495162004 0.935905515612707 0.8453449595601152 0.9789364638736049 0.9864965362056066 0.5634159420547119 0.2118848694348674 0.8648087759494599 0.8937164591050009 0.40551557033157026 0.7873456471171238 0.7833237777874236 0.5384273082396478 0.8374244769385848 0.19511546688695702 0.4307984740520484 0.573273075715827 0.89990282968257 0.25080014553267405 0.3698614079554562 0.8812135143667221 0.10670117966485804 0.31743513529041767 0.9954007778174881 0.00305730443961727 0.8508755079481012 0.11521238197286388 0.1311385347890024 0.7513186125649437 0.6201543135799324 0.726138958423117 0.30631124597183856 0.7065813622197038 0.9289937556221445 0.5405263470209394 0.26218834949168945 0.2700924119123319 0.6164603018898701 0.656451415560378 0.8357015917014916 0.39902612083795175 0.7707209391893165 0.704210213099054 0.5087368887334185 0.4685716276319314 0.18227370852862612 0.8463040007165297 0.8824523335050888 0.043602427447534176 0.2818837272796636 0.09832958360378463 0.9261611496608897 0.8207257805707604 0.8669891359170455 0.4140526621313041 0.9491399510972166 0.6600075224494373 0.2564299300072267 0.9085340335039657 0.06426633860374742 0.8938904416296191 0.9882457062640513 0.9978098265335157 0.35044255654943646 0.12543438715190713 0.8086659134068402 0.35945224881752547 0.6128281757072281 0.3376980765812596 0.11217282377028515 0.13772572493420798 0.06107594561137253 0.8299614274942777 0.9112322299865165 0.7135744942956697 0.2641381213697106 0.2138508009962774 0.44790520029549885 0.08744633637126464 0.3127037183607674 0.7463756524239139 0.6738118441408757 0.4200264748622462 0.8127106308466325 0.4770796864209714 0.34542558749449337 0.42927665391544734 0.9320088228800685 0.042955125043267484 0.4084348586960831 0.15174450932263406 0.22713390343714157 0.45746453730816583 0.6779164927509842 0.04192837621803924 0.38828300626157997 
0.12784505683622793 0.6371388208173815 0.37267054848322523 0.6419060660879077 0.08300068003312355 0.977947663762992 0.8489923931854751 0.034417792002366054 0.6500539136275091 0.6840893445817544 0.9980697255282688 0.4173295834102311 0.23002735052430123 0.19648927028655272 0.9588712458080189 0.26895731236021037 0.5867720631792902 0.66297002403495 0.027122948227027432 0.19850775471789905 0.21871054470307838 0.23651352011759308 0.33913949515886654 0.9286937006807929 0.25163954117211007 0.06783223142040873 0.023437974742892775 0.694871966879548 0.976230515102729 0.9007827305126069 0.44988472168229443 0.7967503593596029 0.9724149096357713 0.10835051464167622 0.10201692348206381 0.6078347090457602 0.21480977128784873 0.20589644598134327 0.36859372135026436 0.011764863269736359 0.18795167183178985 0.48639204319881335 0.7589980842896462 0.18678697973332548 0.04379495933858424 0.9435435760946546 0.7911491460391913 0.6668258430056948 0.026426759289195134 0.35416194141364843 0.05095213272584187 0.3192787147501005 0.2818837272796636 0.9089588797016632 0.5603227372889141 0.5055535804372012 0.35796808134762803 0.4089769233003032 0.7087924255237996 0.740936011976517 0.5024539791982705 0.1123557581183463 0.0550535264235561 0.19717938755163644 0.6449719634228132 0.26877753438378904 0.6191932708408346 0.04877283829758605 0.8058319721611666 0.059323233918418206 0.8628289142227926 0.8332257999226536 0.43693958578242476 0.021799153676281047 0.12172047818623877 0.8016975616157586 0.7868568135465908 0.3750473582932252 0.8306247861793726 0.59214881457963 0.7874280698302617 0.3151466208397107 0.8361971468039986 0.550363457422935 0.5141265893959817 0.2753554698615319 0.08300612237478999 0.3962584839159027 0.8396575904847791 0.21684483501156704 0.3532331815733327 0.961220815115427 0.37398948445813607 0.24871236185879042 0.5423879337241785 0.4067797305857703 0.163865140769477 0.2634662820059409 0.16137712947028193 0.6757440544319493 
0.9590794462496427 0.7531616379218989 0.43005922082968384 0.7527063114662096 0.522929462226086 0.3741339909918423 0.5892216265695602 0.06935212530399804 0.5302796830546936 0.10154200922882262 0.9827552073282217 0.12284055657234727 0.6924340669072061 0.9811714732798412 0.3234710110550696 0.24658255337714619 0.07174857399585788 0.3233254687709658 0.679355606380451 0.24946982620548463 0.8015623594633378 0.8806448356421447 0.9033855284504643 0.013006402583839227 0.49706596784324886 0.7074716695254176 0.11323331009927362 0.8764596960440573 0.41425174873087967 0.6284018058725914 0.8196123136621838 0.8094495938906462 0.348228882175179 0.05260049613726758 0.3501226703227899 0.5906218066390934 0.25805455910383834 0.6003020349060044 0.8678024467481358 0.21205278892429913 0.34707140228893085 0.927141059383296 0.611847411326158 0.570552746009267 0.6565190295481599 0.5573732820304714 0.3514172310946534 0.23951762453423397 0.7334623859476926 0.07987467381638269 0.7725764747046576 0.18291786824291467 0.09832958360378463 0.5603227372889141 0.9109796928332545 0.8181118552046412 0.36952302956048577 0.9240036713631159 0.6603931020744178 0.1911690229181514 0.8636354162854957 0.3345149581872079 0.00937893091340336 0.40239429921260195 0.3749982172590809 0.024560434592923897 0.8917938864452218 0.9946767704454821 0.3591407053713066 0.7231929183880355 0.9041845824198111 0.546521732425244 0.7025200018874412 0.517844832121287 0.9572320550916377 0.20873201240959183 0.9157502694514497 0.24740385650353813 0.7597660008010272 0.04034185863816364 0.33477111090959466 0.05362610130317291 0.27246490380055655 0.5565534735170017 0.30935598550780585 0.19357860321749476 0.8044898274290074 0.6953719521978567 0.22261906839215095 0.4628729662148383 0.8686830759077567 0.35982932932863665 0.45568677672230284 0.48277246548969943 0.25959599241818787 0.7991340637036434 0.08845801708173051 0.6638253305277082 0.07349206685337906 0.35477730701263366 
0.340753341084454 0.4638344271589325 0.7997188508601107 0.7969935603312287 0.9123418896692403 0.42450276158559286 0.8521688286314568 0.4919888401994078 0.4138112820325308 0.3149085257731301 0.8483844220950434 0.8942927576655085 0.2519522347037797 0.4297507592055114 0.9525521783088862 0.35497097703111735 0.6677011490185242 0.5561548532343502 0.08008054659191266 0.3803047684086236 0.7176693645335664 0.5687562110108799 0.10295278586877987 0.7007159383368602 0.575163800855009 0.8411379518469988 0.08191600856288472 0.5719318636853334 0.505814386838887 0.8369476128716029 6.283498544297217E-4 0.6959463630703427 0.8470394516419871 0.5390789682556245 0.2008591663978574 0.8920313748960235 0.8137979185557 0.9155317528833555 0.7120253069803225 0.8147665487522794 0.45065313347582536 0.86021021145239 0.9753809321187352 0.16577280734386723 0.7448907098475296 0.26592886262915905 0.573447147417818 0.4159682882861062 0.6411812387778255 0.030722987943275992 0.20425554615244434 0.6076318161816672 0.9261611496608897 0.5055535804372012 0.8181118552046412 0.21038516364241822 0.8744968333097132 0.5506053831644812 0.5165728413644262 0.20446521396630024 0.7153437543130599 0.6873163523387743 0.8088028409822341 0.26313896461525277 0.8275943677052003 0.5395404078449993 0.7580868548526882 0.6965531816233874 0.8495680644872333 0.018506922153333938 0.08228669366445307 0.3016492488650756 0.47518873414702545 0.7662399679666618 0.2837053106012245 0.17479894841826116 0.5659161990126418 0.39043376542443253 0.03003321695192651 0.8712162304598208 0.42074057937547804 0.9370498064341719 0.06294073991120464 0.7411316951311799 0.11845477612533628 0.9838445140421869 0.8869105081214341 0.6057239010676321 0.3122403209090292 0.14916966326913195 0.15984927314557984 0.6750598759983463 0.9786723471433676 0.12777033552674255 0.5322136432220805 0.7558048885832609 0.40156975273379225 0.5889382427036858 0.6628298189839118 0.34821906469043895 
0.224991948498929 0.2638220518108034 0.3568416201944614 0.3727616396858293 0.9724125965182385 0.9741098947148596 0.8300857676519032 0.9204188172112843 0.39410524345723486 0.8114487329110183 0.39541987144655777 0.8209062391171851 0.7062439023501705 0.40039526444259144 0.44622009404765717 0.7985137732193417 0.10945345916802474 0.7278193155921177 0.43097590651490914 0.38037686479055854 0.6122858500126634 0.1706152746680668 0.5674242645421133 0.7367058096328273 0.42867814347552513 0.016455972105268946 0.047951093360151575 0.256258541075175 0.8934378812600907 0.4272461848385468 0.24810863500048685 0.13253266663213503 0.3604428580346166 0.6308887286845278 0.3395082796128208 0.026199294785841487 0.47088967651736546 0.33239615697818514 0.7182849259200862 0.6594452066798663 0.721502345419503 0.4975789379435698 0.40788726569993594 0.6977536103032211 0.18259598285367218 0.8155994496755693 0.9613830594896432 0.177749931559391 0.837653836518122 0.9550656343727095 0.14029152656490562 0.5633106905761444 0.8207257805707604 0.35796808134762803 0.36952302956048577 0.8744968333097132 0.10568684647843907 0.4022605130577933 0.27728244288230863 0.18996676420850556 0.5460631481938008 0.6923377441554226 0.42869312871328413 0.16852194339065507 0.10591830916380474 0.16622690079158986 0.5709047076695678 0.2944609795926941 0.3592993941936976 0.0059985361238372725 0.6605321017842788 0.6046916780455506 0.6142581981575517 0.3736794165136631 0.26703651951284246 0.4476758130795927 0.46815633692284964 0.23698580747146825 0.5889247372897708 0.5919595540582265 0.4787665532952513 0.7916340205228378 0.3493705835747659 0.9948343651057066 0.08315852303519156 0.2296491104061349 0.7760008566275256 0.8697087934999863 0.5809282221947343 0.9829741416290867 0.2572839463132057 0.8987791382585522 0.33914976236297567 0.8578161006361722 0.8119035773212591 0.05184509283388272 0.3734994371410354 0.6675471109195096 0.20769647390097634 0.49262407067651137 
0.9391791634756719 0.3622313176689509 0.7758613173277303 0.25424370471645974 0.623689514171769 0.7911366491586389 0.25169276375551863 0.8903180171567199 0.5976465284362461 0.6362414285170145 0.38264602111291157 0.6540666887614933 0.17957420768157883 0.5864312025039581 0.011359901402951067 0.43391565293821666 0.9197024318289356 0.2717600694300094 0.7405158360105298 0.707141035596135 0.9891806074365025 0.9506720098145263 0.9669486382589811 0.2530391264353469 0.7669698624982906 0.7221012851564871 0.272294156935463 0.013407892397586219 0.5666200372588289 0.28583864526753566 0.058712712329329175 0.1791791865313257 0.45745016657477633 0.5969123028240303 0.09910485032420013 0.559651769442709 0.48826991280413756 0.705984710168501 0.6521977110697325 0.5225402405362916 0.0895590420933049 0.8311661825946686 0.5346268432159523 0.43024955647370233 0.687654969307328 0.11207391569209335 0.5921840027103331 0.7497914271238652 0.061598293759196454 0.33826277624007506 0.11992427672778116 0.33165477405072696 0.8669891359170455 0.4089769233003032 0.9240036713631159 0.5506053831644812 0.4022605130577933 0.11332150983421474 0.07061194780863023 0.4231774902755888 0.4806756606652496 0.46797593119904013 0.32477672063717944 0.15737112126976172 0.010055789266844917 0.2776285150237361 0.5801851778099534 0.2626139616459946 0.165077719195731 0.8537139693405865 0.151072924934758 0.3001873386940016 0.8190647800601243 0.5926230573826016 0.9296218447221981 0.9000854743463117 0.3537378540151288 0.5807353313713615 0.735320492751616 0.24391899635811043 0.5348880857154641 0.6997386269799427 0.9293286524532767 0.7838997954533243 0.5442433621721008 0.9882478087088611 0.06572717509094705 0.26104774913968953 0.4379447117825538 0.919054733880415 0.7001668269767344 0.19220559395834136 0.9788069310039621 0.8109120953345618 0.731313293803155 0.25814355732822825 0.8725449568541006 0.8095739816628039 0.8116174262547756 0.4439804068840285 
0.7052040253312998 0.30987864630563156 0.8615043843137897 0.29558128291911745 0.5596743271641662 0.12562447105280594 0.858947658065303 0.1377990607370524 3.6624605123469767E-4 0.006861549358177177 0.46218635280055786 0.1871211323368257 0.7268403272150975 0.5690028222359936 0.10614373838781688 0.2424240605731529 0.03261786904007813 0.32712454521258194 0.841227853495898 0.4583499049026919 0.5063101879558808 0.2154986305469183 0.9920379533867482 0.9496123789562312 0.7376663338673332 0.38251316028987525 0.5218293029476576 0.8594343815634735 0.5700171343491143 0.2741601179556534 0.3717935234111769 0.43611878856139097 0.7550776931424532 0.614492328719253 0.582355297592532 0.4946065563246069 0.757791630216474 0.15331791721300814 0.7675164619541939 0.793686532934781 0.5935379530221361 0.36263332645855995 0.7668681274535154 0.48385457952104527 0.6706169417455232 0.2268308163813647 0.17302910102607527 0.8763181034004877 0.8827386251491439 0.8317970158975321 0.4790627319932208 0.4793638259180151 0.4140526621313041 0.7087924255237996 0.6603931020744178 0.5165728413644262 0.27728244288230863 0.07061194780863023 0.9274059541288162 0.7448866126198282 0.43132344081187635 0.3583430992474409 0.5521547364559717 0.6990423803978288 0.2532599558352705 0.8891324813588313 0.3091173923971753 0.3056814389213497 0.155842008624402 0.24145773934666848 0.9469966895033538 0.6403446082853843 0.22784492504239195 0.4472476365364254 0.45243001519751547 0.059852488764858824 0.6508933826238898 0.6362420484998143 0.17976859327783568 0.5015050557082325 0.004242219202199471 0.7145122929729153 0.0453146989449319 0.5625673285797619 0.031308389325264696 0.6093543538127294 0.10526094280895582 0.14632611503322646 0.3185458110641066 0.9083442231311509 0.5758343424758551 0.583073811056337 0.654638091862516 0.5455402029188043 0.49965457079241027 0.9126950491059802 0.06161684332174178 0.1692617757441146 0.8140746945761825 0.45010280332942054 
0.389873406013433 0.22563150275327037 0.5097683155521601 0.20727107067407124 0.6026348316620783 0.36915213417331694 0.5076472625610374 0.9664604633574563 0.5862418592281768 0.9063568753819911 0.4615282715218132 0.009133605697234648 0.8285264299466747 0.8789360477108462 0.9869672927969797 0.5346651624834773 0.38330469541533896 0.6694455714396731 0.687684467837692 0.3457082747398649 0.041346576633553456 0.649867629019494 0.4673292842864989 0.24056337421669116 0.7070986698109418 0.36736438475641464 0.8781082532890758 0.6009387892337501 0.08128169007315145 0.5789152064266351 0.3576018891496937 0.8772092119101125 0.3515671676752482 0.21251301194861594 0.8547067749827534 0.7254619966932219 0.5300308327143795 0.7076380837530237 0.4562583676606722 0.9537010705497503 0.3839976254040113 0.12315373917148664 0.9403487296026586 0.7836753358163613 0.8463992848397985 0.7204607338173441 0.5943566853765312 0.9378305914684723 0.6547598288603481 0.8449894658650643 0.842187263418203 0.6596533019344951 0.9491399510972166 0.740936011976517 0.1911690229181514 0.20446521396630024 0.18996676420850556 0.4231774902755888 0.7448866126198282 0.6193960873050355 0.9635704957351675 0.5352797988500119 0.8455903578776787 0.24134573205401133 0.9895234480817097 0.13617702006643828 0.5992362283131417 0.5009107919514764 0.562465027098216 0.9666181974292728 0.3918192964849113 0.45791474929516673 0.7880684321930348 0.7412542945520838 0.6542716869400446 0.18806887664935845 0.14253308149216704 0.7033283184878331 0.5135174418694796 0.3803424870633261 0.9012899570144125 0.061971727602724624 0.624614947684383 0.9342308092976753 0.2957620542573587 0.6960764857111847 0.42744189420383727 0.9625912065708351 0.5091721194704782 0.9195733119189158 0.05073145936421808 0.9856003445835652 0.010085598930952955 0.3109542224757531 0.42708895805504954 0.38751839298953006 0.26632194450221425 0.2241352206020515 0.1796882555584921 0.40032862753765697 
0.9331132783305954 0.8358504795888442 0.9477292883829836 0.5697005683105115 0.617178560320242 0.12404892128744338 0.18757885441260513 0.996691597000606 0.558533996168948 0.7969984641938368 0.16758085042615445 0.5052862245801298 0.5041362617793345 0.5313949305947175 0.7135626981121167 0.7825363909792007 0.9229331671895327 0.3368695311351284 0.49088643525033426 0.27814770850287507 0.8593430058279419 0.11524342571103152 0.7911786511797941 0.3503029272741056 0.3742625923157733 0.8742994127593706 0.6563067059134217 0.07210409034694432 0.9575935514085802 0.9390160969706448 0.43641733859406584 0.24838212071568755 0.3511969479368193 0.35263210896476116 0.5889817308654604 0.7638978223041002 0.4729127435283984 0.6499123011531889 0.8275138596001942 0.0902168257273479 0.23330541485773515 0.5952695473062988 0.25955032011190826 0.6233516002674654 0.3197965125552229 0.9572997226960613 0.6434881410749437 0.10446256302602885 0.40300605904251263 0.014406022307182464 0.6612412710037548 0.5964303173199724 0.6600075224494373 0.5024539791982705 0.8636354162854957 0.7153437543130599 0.5460631481938008 0.4806756606652496 0.43132344081187635 0.9635704957351675 0.5820622974585132 0.6182630968319808 0.49466798641047727 0.9769539441773843 0.6574276577218783 0.2708276234261743 0.502817399183125 0.921634549793477 0.48249625607156255 0.27144877978631243 0.6599623591579427 0.5561838741553439 0.34667444124213065 0.9329660795033138 0.2375322983094066 0.01822239021397798 0.069530914142235 0.9019650142003397 0.3131088693616504 0.011122250313476911 0.04064897675427914 0.3026335482499679 0.5853280194169895 0.45527808819793103 0.29374717823748697 0.20584911922265026 0.9283268242027465 0.02645222278350179 0.6342639942488786 0.5796547199387229 0.8479970856269456 0.009325486803047789 0.7897971910357194 0.14779027146402413 0.9056282307833374 0.24301754458185243 0.6592341975088309 0.259703432071139 0.7340916849415169 0.19022345441431898 
0.997102075946176 0.6559322917455136 0.7132066954829821 0.3285236456485382 0.12275248887362256 0.22057573829418242 0.998444369932748 0.915143009572889 0.8816281420799733 0.9727828413333124 0.015969416812925408 0.5423876776012022 0.9489404848981138 0.5104091549552612 0.752114015612357 0.4550458027741967 0.9840983819619334 0.968307433127438 0.9017436138449513 0.4424260057959206 0.025635886903097038 0.9090077463903888 0.22958264922659255 0.41382648409649414 0.31062901950269917 0.19257056194123945 0.9468875206067416 0.3698557612437169 0.9122802441779739 0.963151354941881 0.9306949100474112 0.7883141066745125 0.4548493799544414 0.09875183675262389 0.6041775008009487 0.3912086886445476 0.513394943584251 0.3333651353179926 0.8878075825463213 0.9372012156604841 0.039599557127213636 0.1607066759099951 0.03608272727398709 0.6069088247812383 0.8454849865233768 0.4079057149125864 0.5474666017467321 0.27501006785439386 0.8098249736341148 0.4787056235606073 0.8596898539021344 0.15213690806993252 0.2564299300072267 0.1123557581183463 0.3345149581872079 0.6873163523387743 0.6923377441554226 0.46797593119904013 0.3583430992474409 0.5352797988500119 0.6182630968319808 0.9991050633951165 0.9584715396310092 0.487540023485563 0.3227458805446001 0.304634538899063 0.9223247163937084 0.43766382819008776 0.08358560207404497 0.21816567807087595 0.8509671745988406 0.9578698595467389 0.6593850726903938 0.5290723114404745 0.16965262277262327 0.3213145381702014 0.6769034828503037 0.7169729455246998 0.631976332804412 0.57954653639971 0.7233336525821555 0.03400442557300731 0.5166051933858027 0.2855833787151494 0.2826547295900116 0.32210862777430227 0.6336744443676177 0.9785664307795586 0.27884685028007994 0.11773074999965838 0.2833375620845675 0.15670960634263287 0.9216772036978373 0.1090232373861727 0.6419636049874531 0.931077139805682 0.9618993532037733 0.679594965972677 0.7907347088456022 0.6747960669515096 
0.07408620059876014 0.7698963327358093 0.36825250193602677 0.35816743347079516 0.13287371541370674 0.9590321920236232 0.2828179777750096 0.7151971905721812 0.32632690296448774 0.5055002710611434 0.7049629140299251 0.03896064947134881 0.03477403622492292 0.8459159869995029 0.6060748183649693 0.4065224593085499 0.9634196077717888 0.9079727169327593 0.7116886917864695 0.6871892409370125 0.9931763239037861 0.11316491761094627 0.4225263227878199 0.7521402294236386 0.6117558816998107 0.47316012940436347 0.29578989377719966 0.6325651986181275 0.6401284130569648 0.007959010186393112 0.9625705544790853 0.9235430381127994 0.028795779321442172 0.028358625884284283 0.6815462108170417 0.2879678806313958 0.17774183241184038 0.5090135152614473 0.6935731660057854 0.5546999755102073 0.33679834846206247 0.7348027440599322 0.5090274925947366 0.5244249888461842 0.41086349609384887 0.427573744573577 0.5363689655962622 0.302531745039365 0.9461237498016359 0.33615179580473165 0.7303782783091662 0.2405461826784785 0.9085340335039657 0.0550535264235561 0.00937893091340336 0.8088028409822341 0.42869312871328413 0.32477672063717944 0.5521547364559717 0.8455903578776787 0.49466798641047727 0.9584715396310092 0.7800906783423475 0.09803973267857946 0.7469029571520325 0.7606295377758653 0.9569859527373695 0.8939244477131171 0.4097251049359121 0.9144072617821566 0.10304689776264786 0.09861206013043611 0.2911006110722618 0.8026296300470421 0.7611416522704264 0.3232398509151847 0.26519617521439 0.21963269765688176 0.13858975214373737 0.09636894468804968 0.3418483763521337 0.643021156969048 0.2734619647265044 0.49026616789571176 0.6452932974804376 0.9856468190560459 0.9949063277774478 0.8274748076020192 0.36278010229674074 0.08823072412682931 0.6984052191413938 0.1782761772093545 0.416883183336868 0.8687968382120016 0.5242505645266102 0.4348387712798487 0.010835441763357712 0.07340609148244892 0.001157656496954762 0.9792978451241732 
0.6382366937258189 0.4299429099841183 0.19487945738744172 0.6021183139727759 0.8658614665040297 0.9934969867963656 0.4129064906122144 0.4844164692807591 0.2565232429431704 0.3754472011715988 0.8730605522421487 0.43011389431441394 0.40195887648775386 0.12884867302532754 0.8864807274155634 0.7244337758140945 0.6355056262807226 0.1089077571699586 0.9576380114355149 0.3609856787435717 0.9582114009916792 0.7146893672008647 0.8223198034052462 0.32736769354824247 0.5767267721238519 0.4594494374197289 0.8797996668202552 0.07228291044761559 0.8840362292048748 0.047403296612016255 3.548345251547236E-4 0.2195615585833448 0.34184376878913647 0.44708978721596426 0.4845100708446799 0.6937010614950955 0.8719941064435496 0.22507008611937407 0.6591289342883784 0.17743567122930082 0.02871238136178844 0.7431569739796317 0.8170123385440184 0.7719354668547986 0.6374762404947021 0.25177945993445994 0.8942801987271122 0.25918407845502744 0.9061540236316826 0.9648089060480612 0.2681293836836022 0.701829716975139 0.06426633860374742 0.19717938755163644 0.40239429921260195 0.26313896461525277 0.16852194339065507 0.15737112126976172 0.6990423803978288 0.24134573205401133 0.9769539441773843 0.487540023485563 0.09803973267857946 0.9979631444106999 0.25724948510502954 0.5968202877598996 0.35070293788254714 0.2343100376223648 0.9659793306171243 0.903342992811504 0.8597164652171579 0.6877974236751946 0.08422831391834651 0.37786930952209474 0.8001415940547761 0.09777316442240058 0.9715859222488954 0.6573571179340072 0.7628034138593257 0.40556174553946 0.3158724313741701 0.4713354778659168 0.570002014426755 0.009634561933995034 0.599370974234936 0.08760991351681058 0.5177020917831138 0.138277540120454 0.6957480823422392 0.04326616794450511 0.9378185237280658 0.27814133670387853 0.3937140420160373 0.6369547915589494 0.5744028475453089 0.6488167941980333 0.5780443232212252 0.28832242906682004 0.9052310340439513 0.17158622870996432 
0.2720481771406571 0.2710476221291469 0.9400133655065488 0.8492088530936063 0.1494836019265674 0.42630092285965426 0.4769935134822686 0.8658291117860342 0.8173904009503773 0.24155215534774188 0.5140133326132517 0.11191733833997541 0.9348522582647542 0.7237144884550294 0.7290093469405257 0.1434107921966169 0.4435772953994198 0.8250569577763286 0.1503507889179182 0.9198616570040554 0.5439312078962142 0.25389185581598117 0.30310415049757655 0.2452670246634685 0.44804647779532814 0.2312792240238194 0.08172645862806571 0.010474228338116398 0.24111277514788354 0.7473963031221177 0.4591628575358788 0.9441488263592722 0.655187003892453 0.7802494565903622 0.8950931780494544 0.49942310369251774 0.9895426575592 0.029669053114630528 0.6019734261557274 0.47849750530194013 0.5410234838527276 0.8693492057627558 0.7309141834121154 0.4814176149645123 0.8011931852668457 0.09792848954357303 0.5351000950274463 0.4143927850281215 0.49654388736040744 0.06972923401691045 0.9326577012011543 0.5562462406401966 0.8938904416296191 0.6449719634228132 0.3749982172590809 0.8275943677052003 0.10591830916380474 0.010055789266844917 0.2532599558352705 0.9895234480817097 0.6574276577218783 0.3227458805446001 0.7469029571520325 0.25724948510502954 0.38940351564544173 0.4065876315209608 0.3342378628601709 0.2447591407300772 0.9314840918245629 0.8526428864342623 0.13043911355722015 0.9085085588334515 0.997292033007812 0.42769608248168645 0.09542729642708869 0.6588820723731034 0.8459818074135872 0.07634885762995647 0.2042229895708667 0.2536693107002428 0.2774640994373534 0.6531407220734806 0.8832079418989109 0.3420659281383085 0.12407874255427997 0.16897177512840755 0.1640626986167123 0.6455810889134155 0.806947157274035 0.4074490461168876 0.6840756593623848 0.7193943970674216 0.7891875761119949 0.6810842184347863 0.3908866448841456 0.031374697801583085 0.5989973973256366 0.28340392225223554 0.8536728881309109 0.21023235942165364 
0.2208133864127083 0.3110169023038357 0.6362886711666267 0.7010968432659042 0.9831319425902232 0.27317933449305676 0.46231490180323087 0.9462837535353879 0.07883237692644751 0.008849298312611054 0.37817266060056154 0.7450282776918247 0.9901972315732952 0.48205317225240873 0.8356134918636999 0.16135115368641484 0.8857221439099354 0.3385283014375945 0.6602645493505641 0.9392117000932436 0.16788293738614224 0.005119256375242132 0.9323529613412198 0.22344095033414269 0.7137886553081212 0.741567488326079 0.17852611849302713 0.45081361314813595 0.266266995006768 0.3029097846584461 0.772734139447207 0.47179726977858316 0.10010398069402127 0.9361815034755099 0.07287432523590764 0.6074640108398551 0.6881908542144776 0.48508612556792796 0.897492077411356 0.6369728227253308 0.564094874455453 0.15064364157189536 0.9968834580781271 0.9349721509186308 0.7940194411768488 0.4498344936283024 0.11210508956883547 0.9481279832707782 0.8603848146395505 0.4058990255932051 0.318234560731787 0.1890983310061033 0.9882457062640513 0.26877753438378904 0.024560434592923897 0.5395404078449993 0.16622690079158986 0.2776285150237361 0.8891324813588313 0.13617702006643828 0.2708276234261743 0.304634538899063 0.7606295377758653 0.5968202877598996 0.4065876315209608 0.5926772573017564 0.8854158631883895 0.2829807723236861 0.8347833285740485 0.7809913695100539 0.7235073548293417 0.7178522841542094 0.06306178691639164 0.8518293889428239 0.9307354794761764 0.3515896638135134 0.7330256743244882 0.9879550497240351 0.7746009335824533 0.6364480804177486 0.3058573511315673 0.20069752060543788 0.8817803090426711 0.6327407056884616 0.16836929605019846 0.6787611892447877 0.753924536057939 0.04928598266853301 0.36278279690647375 0.0859005225455367 0.00851409520316071 0.5598227874818132 0.7701552238525146 0.8320264025449468 0.8148940230225037 0.27396334040113435 0.137989275363544 0.08938115544387892 0.9379950131900943 0.6914505634206835 
0.17843758921804298 0.9620344600882117 0.16999340854152933 0.01642701012220349 0.48762816456112223 0.28942650943879034 0.3097516121694823 0.06616304116419858 0.6237269735455194 0.0072769282202810315 0.5128839887266018 0.02089221613605685 0.5570161463946314 0.5987738695638921 0.7143461053210813 0.46107205194880896 0.45135959816153515 0.8146188262038278 0.05792456617085617 0.3803464228035217 0.25414896539445886 0.6698260973451946 0.7492574625625548 0.1345319263335093 0.268331056827823 0.29187613193998363 0.7636289422308005 0.9400394477296501 0.6312395351354638 0.451535050675275 0.8032797928646475 0.6935404899361297 0.14520363537690129 0.6131070056677236 0.969666697993907 0.5031393925495647 0.4904291516465109 5.33589884924357E-4 0.9093059506011771 0.13205897192870475 0.5987642227445804 0.3195843344990793 0.07514242522209658 0.8588458371073351 0.30360634848101586 0.2983413967614823 0.10834379440264619 0.423134418464327 0.27577035291653984 0.9372851800732346 0.9081605454565419 0.22002437932005747 0.9978098265335157 0.6191932708408346 0.8917938864452218 0.7580868548526882 0.5709047076695678 0.5801851778099534 0.3091173923971753 0.5992362283131417 0.502817399183125 0.9223247163937084 0.9569859527373695 0.35070293788254714 0.3342378628601709 0.8854158631883895 0.11306549646504471 0.7287392296092795 0.6508794893688599 0.07493032348417339 0.6172971627564438 0.41016144642961383 0.5321344692658089 0.939145544359652 0.4874143923073322 0.7786504274679434 0.8252653387378527 0.27340379220707434 0.28854222451086553 0.08712568093093209 0.6046286198285138 0.18936545647536873 0.6072449881553591 0.5974566599794414 0.46607315577810227 0.9176449711069098 0.931367702807438 0.7948626580857417 0.840343258469694 0.46441293424111074 0.4320120593968304 0.7918089523368055 0.31342912854990257 0.7831319512534829 0.5772434776477842 0.29459816081603096 0.5304336316372225 0.01675484244298786 0.5276326971923279 0.15917710168189314 
0.35888326207289356 0.9345572506642137 0.3258354421733872 0.08007824231824423 0.882113453622891 0.06430940000322438 0.7559116240781655 0.1921408206063958 0.1639205705864808 0.41691992068470085 0.7598776473498082 0.5401543010349847 0.7363236749232375 0.11016624516787465 0.4471685038179406 0.6227983360469254 0.165659780474274 0.26128128822218966 0.6774844922303862 0.7657595883732908 0.014204113669901486 0.8328747012596258 0.9380050138469763 0.9933352483119167 0.39618965818769925 0.21607377225731517 0.6345303397815314 0.679693190677465 0.5775192280558091 0.18542231867055703 0.5977047113525995 0.7902116202596788 0.033660876727851896 0.8957897154673471 0.4928311273560865 0.19618645488468522 0.29872004057181767 0.053942218610613546 0.7119032608826739 0.6854341485390251 0.16977116423935812 0.20072874220424586 0.8313221039497546 0.28307043636390694 0.48788744034904385 0.5645575878981329 0.5074314266417753 0.8086904348786954 0.22759458506289243 0.5046649974904486 0.8830692177312778 0.6486355670933949 0.35044255654943646 0.04877283829758605 0.9946767704454821 0.6965531816233874 0.2944609795926941 0.2626139616459946 0.3056814389213497 0.5009107919514764 0.921634549793477 0.43766382819008776 0.8939244477131171 0.2343100376223648 0.2447591407300772 0.2829807723236861 0.7287392296092795 0.3581565405090208 0.2221586305413673 0.6904934401688851 0.8722489679239008 0.9864803896558857 0.0012835555270965804 0.6426858427747869 0.259601194234488 0.5597754049521037 0.6323911390187922 0.8711124144112984 0.3456298734029877 0.7469228537800012 0.6200512729724771 0.4255419726473574 0.5663617108937355 0.38218985821688234 0.0639129192178367 0.6301540121755479 0.472844675244809 0.9390709624920256 0.8840088554413718 0.45820430627545305 0.6525993344657004 0.1353448257253378 0.7342900375070452 0.03847033248913889 0.8438924424715625 0.4099770255677654 0.3862802827533782 0.03264247946040788 0.1209155306926436 0.3611331657588849 
0.8618189178754966 0.25176680953392416 0.30174744578887935 0.3793613009558262 0.5177685566139493 0.6438584686626904 0.6916672847469723 0.26465767806472673 0.7199563132189878 0.1380358791832803 0.5950868923017325 0.3455025196888235 0.8089843718641915 0.616869508038787 0.7362018713586427 0.6103179350636014 0.20055398768431654 0.9166392383352875 0.562795150935393 0.7597396008992828 0.16755295681010718 0.883414586058414 0.42286346504063976 0.6687961515331344 0.20000874082944753 0.4052597595194064 0.2068818463536246 0.8262330730269284 0.8718545210686945 0.1517405447841209 0.8419946444916702 0.9639931157808875 0.8955965686415406 0.4307536066120201 0.330817450850981 0.7780383264279198 0.35404797418025136 0.36795581657469245 0.6840697631717032 0.21509848833248402 0.452690884679978 0.9089499646035317 3.024728109125574E-4 0.318768572295272 0.4887631821452253 0.03449703810127969 0.24344243973714141 0.46487796249649105 0.1494138540031582 0.6809792083907483 0.6002808407340073 0.11929263260509593 0.12543438715190713 0.8058319721611666 0.3591407053713066 0.8495680644872333 0.3592993941936976 0.165077719195731 0.155842008624402 0.562465027098216 0.48249625607156255 0.08358560207404497 0.4097251049359121 0.9659793306171243 0.9314840918245629 0.8347833285740485 0.6508794893688599 0.2221586305413673 0.47118760585828445 0.2995852255946444 0.5875204622591652 0.4894485969680278 0.7315037937519012 0.34540040516783177 0.23298557503135253 0.7518346783938663 0.352068688883275 0.5474818318156374 0.47535498961754785 0.4984837515395142 0.5157715914204609 0.0362591383382147 0.4462149706962486 0.33936793861725734 0.060507149226328716 0.42008606305685303 0.2553411046344439 0.3664099350237623 0.0016984804132648135 0.24673620568254961 0.31447038602222566 0.9436364081060953 0.7286454410902711 0.20922723648425567 0.29652277739794675 0.9700076798075212 0.8831515513256001 0.6242025969701345 0.4599168389739038 0.11825011996666246 
0.22450439913287767 0.5934740445998292 0.5059607530531723 0.2618588736496783 0.34854564408310185 0.7816610498062861 0.6978555781247013 0.6774963064966956 0.4227860341985755 0.2551527527340881 0.49335027898428163 0.6076520894530031 0.7079585491246304 0.4455968030321461 0.0277482223500205 0.19796404411499802 0.11636829431457751 0.9288062835583533 0.04574297479566325 0.5691700060957029 0.9414072204813719 0.13665080678248143 0.5558972050999673 0.8873771814436526 0.5090653515990619 0.3833002342357844 0.9141452783219882 0.6214850890066488 0.4584926656206634 0.9797143225257118 0.6079736995560994 0.6032217685368628 0.3150623645997995 0.8288293739376204 0.05765736966027191 0.9851746789158488 0.5423085270691294 0.7534068973524672 0.917737373816906 0.8026181759611648 0.22981337691876935 0.16157209764252767 0.1402233660648161 0.048654275769625444 0.5735654563240261 0.30652167325516133 0.2863971782441075 0.943224637193671 0.11026425619418423 0.6061534444331743 0.2682170744125839 0.7087728443605733 0.8086659134068402 0.059323233918418206 0.7231929183880355 0.018506922153333938 0.0059985361238372725 0.8537139693405865 0.24145773934666848 0.9666181974292728 0.27144877978631243 0.21816567807087595 0.9144072617821566 0.903342992811504 0.8526428864342623 0.7809913695100539 0.07493032348417339 0.6904934401688851 0.2995852255946444 0.2853284846071167 0.6378567458304297 0.8771947212755559 0.05790046767207413 0.7841714204294846 0.9473987670526143 0.5729918619754811 0.08190404073964874 0.5794454280426008 0.565306479059871 0.6984569036969881 0.8734919202161834 0.38661683372632916 0.2991307184715545 0.6475482482279987 0.37369438161558133 0.7980098717525881 0.17136806900527424 0.45520318335976495 0.8397315758584305 0.3310636283297881 0.9619274617395402 0.908196477766649 0.22065419413474374 0.9485101895171121 0.41997399280539705 0.5465753527867848 0.9189906650616265 0.2854893012370051 0.4624413925286721 0.1368780593464951 
0.938101049780056 0.7496236289445031 0.3339928425136498 0.6032294748504348 0.09609511524035763 0.42552029144063486 0.962287395632486 0.8224935406449758 0.3122138328769215 0.24021186347543932 0.29697282928043156 0.9761805323674188 0.8843572313993013 0.9990616944427217 0.46192367994118066 0.7037793095151383 0.6392262292959009 0.7365010905727347 0.6599452018290638 0.5507206441986522 0.8012407640250553 0.2773843067480546 0.31563299153229296 0.4767778392342754 0.5490785493285477 0.3958572175827274 0.4766779958369354 0.3830309227086556 0.12058046214689766 0.6844782927326226 0.743655883687805 0.29406902623297315 0.6255592811654896 0.2038493623252532 0.6896729973009383 0.32565702429854704 0.8126473990461505 0.0865476312512885 0.7704553084611147 0.8360904241144893 0.45824105702382223 0.6816939432677662 0.3912795452413993 0.5614383883264085 0.06959810524309085 0.44687941737453274 0.9683716249986662 0.8595516867934212 0.2960593150618629 0.003171893452744934 0.1615421879255372 0.5553630428074777 0.35945224881752547 0.8628289142227926 0.9041845824198111 0.08228669366445307 0.6605321017842788 0.151072924934758 0.9469966895033538 0.3918192964849113 0.6599623591579427 0.8509671745988406 0.10304689776264786 0.8597164652171579 0.13043911355722015 0.7235073548293417 0.6172971627564438 0.8722489679239008 0.5875204622591652 0.6378567458304297 0.855789499964133 0.42506127367870195 0.8532621655491393 0.25791369007644305 0.5113287925077747 0.8262743945682702 0.44037226445826405 0.35570111737722854 0.27489705905767736 0.9278884977951455 0.01680500670351759 0.9962353062250872 0.004433168834260148 0.026052223004776276 0.2676966617940605 0.07306943764359175 0.1704451822544546 0.25567581182921195 0.06678427455288616 0.41127172713849935 0.33851135281381417 0.8929378768330073 0.5939835836955563 0.5501361892733839 0.030798819281005585 0.740308517716323 0.3598930570090131 0.484096601831421 0.19941888581860445 0.05566776555512931 
0.5305492460575608 0.16049007473464127 0.22395856561516514 0.25478241686326275 0.2956694127334005 0.4687249192363493 0.5133173733387331 0.9729858406506169 0.19018797034251422 0.01201335027348871 0.25423041205803265 0.4667703892674503 0.7914377569045912 0.5197921583542997 0.6608186874415911 0.8069196299158341 0.16883128719156593 0.41732623650036094 0.4945759931128353 0.7927739644835191 0.10283495902034756 0.102790423480563 0.97222903820391 0.365962002367636 0.2858579267473078 0.6022580799302659 0.9969221175795945 0.1557370700272408 0.4549998015612384 0.23856924103514832 0.17929979629982395 0.832373414626036 0.18507058789987452 0.23769665319809763 0.017653060732951475 0.75726377953059 0.35565699096673264 0.6142925917873816 0.6125979710636122 0.13551796557860063 0.2280557353264404 0.6066210943128476 0.1826835277333665 0.6400152549467387 0.5264353738366834 0.7632766857918516 0.46404518930794814 0.2419482838606427 0.016048636452933862 0.26620855081509154 0.39849974206475214 0.2708677307779893 0.6128281757072281 0.8332257999226536 0.546521732425244 0.3016492488650756 0.6046916780455506 0.3001873386940016 0.6403446082853843 0.45791474929516673 0.5561838741553439 0.9578698595467389 0.09861206013043611 0.6877974236751946 0.9085085588334515 0.7178522841542094 0.41016144642961383 0.9864803896558857 0.4894485969680278 0.8771947212755559 0.42506127367870195 0.2435779921696697 0.794613663349547 0.6430700078375161 0.3435425285739869 0.07674593834788446 0.9153752068998081 0.7033029955178384 0.3391813283779085 0.14043310673070697 0.23897014877070122 0.4878752351089287 0.6851310989782396 0.1795787972880699 0.3952665866107721 0.686043847506777 0.12517557304249993 0.18637291794525923 0.3100452932072095 0.7642806409185623 0.521940285678524 0.2550193677252307 0.587009886936182 0.9607740375288089 0.6421643151767931 0.26856611264390073 0.34711519641700905 0.03321653190891771 0.44758447635353893 0.042709920680055635 
0.6254308966221135 0.598855941331398 0.045307965746055334 0.06894662996524603 0.258287398105151 0.16570709909957582 0.3214614022955211 0.3401894586735992 0.7341815293114548 0.322379835510441 0.7605416834228482 0.22288779572596884 0.1836176893741226 0.3870865029708771 0.0026254535985347216 0.04672109414028003 0.6036465949239694 0.06322624400039445 0.25459848407960806 0.3243436209499174 0.1601549501777184 0.05454302753907159 0.1233926510975002 0.8131774903218438 0.9211535870739412 0.21143979016483672 0.5824053355099003 0.6206718665740512 0.185884754630944 0.7646461858833149 0.8005669517070917 0.5429209307874425 0.6927760411399266 0.2753622066714565 0.47359327157837583 0.8035012071130317 0.9777421184819797 0.5750508141835409 0.5946467575203217 0.08694021550581588 0.9067813073851003 0.9775679687805474 0.4235598687458194 0.06227055110724644 0.9189924324556965 0.34992374817893224 0.47323237098871507 0.7109487147943623 0.4131981758640454 0.9721469960249889 0.03984478311868067 0.7155501031259436 0.3376980765812596 0.43693958578242476 0.7025200018874412 0.47518873414702545 0.6142581981575517 0.8190647800601243 0.22784492504239195 0.7880684321930348 0.34667444124213065 0.6593850726903938 0.2911006110722618 0.08422831391834651 0.997292033007812 0.06306178691639164 0.5321344692658089 0.0012835555270965804 0.7315037937519012 0.05790046767207413 0.8532621655491393 0.794613663349547 0.9062260283486887 0.1567584213866703 0.5795727572809123 0.8219927414172992 0.5754383975037739 0.717642322231761 0.8321131340207809 0.7005631019166595 0.4279659255288606 0.0029145952248511575 0.6703992869781421 0.622684783925705 0.09231420454732564 0.9477434073850641 0.2712801319552126 0.1074324700532433 0.503536525462058 0.16925613072985368 0.13697509638897143 0.7375217563749142 0.07268426741853184 0.4894406619958026 0.06492675967455563 0.7539788068749534 0.919135939128964 0.029539123799502076 0.14435342030413856 0.8063630158765709 
0.49225617639526553 0.41787055716383825 0.9328560180942939 0.9796762123087592 0.4606925700964182 0.8791862237532679 0.055819312115226505 0.8678040545701966 0.8794965189166872 0.07637118296282253 0.39982309738899924 0.8511135543300123 0.5483862760092565 0.8966792759289306 0.009950078404913798 0.9298160770979277 0.5523455073890278 0.6149010288689094 0.1613353976752634 0.4444054209597853 0.8767886929086107 0.688751152049535 0.2399137594274957 0.06881819018593494 0.6689115780504767 0.15122773300777415 0.18339949232495034 0.8639542597118144 0.4544175033144888 0.05424210684142927 0.32043667785829255 0.3924124160992315 0.1410424167844765 0.2625496324422253 0.2867003572968264 0.0151503675099528 0.4213179536106314 0.7899496206618853 0.5320935109016806 0.9160539926976548 0.9567024086063355 0.7324063332549127 0.8745453853374205 0.17690966131670838 0.17879544794193858 0.45583209672043945 0.5140746005900911 0.3944231839049047 0.7124803561624783 0.43689500664898584 0.3206922259619961 0.6133342925683033 0.11217282377028515 0.021799153676281047 0.517844832121287 0.7662399679666618 0.3736794165136631 0.5926230573826016 0.4472476365364254 0.7412542945520838 0.9329660795033138 0.5290723114404745 0.8026296300470421 0.37786930952209474 0.42769608248168645 0.8518293889428239 0.939145544359652 0.6426858427747869 0.34540040516783177 0.7841714204294846 0.25791369007644305 0.6430700078375161 0.1567584213866703 0.6513090135719651 0.7444945375727663 0.494009856803028 0.022513364691130633 0.6783289606201399 0.9583938706553279 0.6558593898951454 0.08229745156048984 0.18855010839888253 0.060484458478964664 0.9158061777227673 0.9065995471299777 0.7403940179105251 0.026222341707938135 0.3353316365364474 0.9057922991132512 0.876789852128642 0.8389450078600428 0.9468242128567584 0.4711940913552901 0.296573214202696 0.20514331930345475 0.3905872310736561 0.5385221038868722 0.894519278358144 0.1799401009671897 0.2529548302628307 
0.6208756027302105 0.3135090246604081 0.16600501250003508 0.9069366314708479 0.048388296500029515 0.4559207096665657 0.9978455218407531 0.14521460289286403 0.5265841735942328 0.7966236656809949 0.27009269766940736 0.567315409707155 0.8931668167915231 0.4779158212230311 0.9692941628335036 0.726503377024488 0.6165172528174884 0.3825443320650125 0.35551650278858593 0.33700424819555697 0.3462427309472569 0.9783116593690169 0.8446758121623739 0.36524027458109176 0.23744563223151494 0.06530526246960866 0.9465000062434754 0.3594645139796957 0.6060705666691673 0.8194584776476155 0.6729585880584297 0.7348196048911007 0.7192099565100634 0.23578216989864942 0.18230359526159723 0.6397784701840293 0.43345589222301606 0.2541061094190522 0.16538763864354888 0.893116205120044 0.12024047202845789 0.4017896038342972 0.7097642063501887 0.37335817046126074 0.6234318878965369 0.5215668187398267 0.36755374817992725 0.5289749813870831 0.21978089785789778 0.40726213295073066 0.4163135196051726 0.7872871514442092 0.13772572493420798 0.12172047818623877 0.9572320550916377 0.2837053106012245 0.26703651951284246 0.9296218447221981 0.45243001519751547 0.6542716869400446 0.2375322983094066 0.16965262277262327 0.7611416522704264 0.8001415940547761 0.09542729642708869 0.9307354794761764 0.4874143923073322 0.259601194234488 0.23298557503135253 0.9473987670526143 0.5113287925077747 0.3435425285739869 0.5795727572809123 0.7444945375727663 0.6041090469326024 0.41625618369984263 0.44926605592544666 0.5026409068474453 0.5326589657547823 0.5651259481538002 0.051356317235989435 0.7163920155366066 0.8595758055939092 0.14512936856321046 0.26257361117528843 0.2352098910371766 0.06140567945477449 0.22741251190162382 0.22119692383582412 0.9988547235256762 0.44469239517192727 0.3873220295108323 0.6176976405267782 0.5690358067239972 0.8865525981223501 0.7748776959516152 0.4411573820716689 0.770641350820883 0.6495354782175722 0.1535798294024998 
0.07389611249961148 0.7343914768919576 0.28027194344380624 0.4219623796613674 0.8992105410578807 0.5103466106933806 0.6497833195390957 0.2440949812597425 0.7910445668077286 0.2137020490767827 0.7025881266432947 0.8047906800711736 0.4523978136820901 0.21063440381019416 0.9333573175028657 0.8469675706827903 0.58416574705394 0.20399662764839588 0.09935987255898415 0.583455837119865 0.9469060635561544 0.7648072617195927 0.9280609981669808 0.5674118447792235 0.9842248487359991 0.4852137100423367 0.7739391720959105 0.6821092371709276 0.42966143045288663 0.17039730576336787 0.5759668407293214 0.05910456718610646 0.8005827294623679 0.1565908134614038 0.5346860139443206 0.5400183886602993 0.22080420649604282 0.7095172949049818 0.586678143722751 0.20089241974788807 0.9149879358411804 0.024241923965879764 0.11058706025571263 0.2614355346905526 0.5745176135163221 0.17581722552629764 0.42219068063195375 0.25690144344975485 0.7929524359081135 0.29726628914527586 0.6915465388710872 0.18168547968657534 0.06107594561137253 0.8016975616157586 0.20873201240959183 0.17479894841826116 0.4476758130795927 0.9000854743463117 0.059852488764858824 0.18806887664935845 0.01822239021397798 0.3213145381702014 0.3232398509151847 0.09777316442240058 0.6588820723731034 0.3515896638135134 0.7786504274679434 0.5597754049521037 0.7518346783938663 0.5729918619754811 0.8262743945682702 0.07674593834788446 0.8219927414172992 0.494009856803028 0.41625618369984263 0.3388652204832435 0.4555544859496865 0.8888397965012322 0.07079057016520107 0.6197640407162402 0.12504798408802287 0.27171793329548943 0.007497652445084602 0.31229949058354844 0.5344453722378422 0.3369056819094284 0.6960896863566743 0.9733569194130478 0.9476815979297153 0.8361735712300221 0.7918428187381252 0.1373551215683252 0.40959144971122863 0.32060314515987676 0.7371380554961022 0.39319820427192564 0.26019960320990987 0.6609502889795498 0.9669997383955997 0.0816698462604587 
0.7775378341870429 0.2253216915571553 0.23071679967617387 0.0897399089806481 0.3667980181824676 0.061760620127249366 0.4653224321666699 0.3533832405596449 0.5677951148945635 0.07139422337098111 0.8597480615584633 0.5544306142245787 0.015723830162341468 0.44520645928533864 0.8621314357712346 0.6833290825889777 0.22542749973290954 0.1246648968260542 0.5206861704761974 0.12272195559124777 0.10619487695126228 0.4284589298218081 0.10331497839104031 0.09621800081284004 0.9474919623324912 0.44189848382619223 0.9835775670218768 0.6984512300081386 0.7454086795824357 0.40959719672669526 0.7049804797719286 0.9223800177242878 0.7875933939580497 0.6274003081024537 0.48841494794237283 0.23785163919430108 0.23688355901477987 0.7552212235756692 0.8309869401175067 0.18963361150545222 0.003993324161599032 0.1802486231015138 0.04059697978730892 0.9152346912717391 0.6734439861120949 0.21775292760146592 0.7463541394588109 0.20552318046655227 0.4853921646004693 0.3270823658115186 0.2080506894441656 0.762614850979932 0.8299614274942777 0.7868568135465908 0.9157502694514497 0.5659161990126418 0.46815633692284964 0.3537378540151288 0.6508933826238898 0.14253308149216704 0.069530914142235 0.6769034828503037 0.26519617521439 0.9715859222488954 0.8459818074135872 0.7330256743244882 0.8252653387378527 0.6323911390187922 0.352068688883275 0.08190404073964874 0.44037226445826405 0.9153752068998081 0.5754383975037739 0.022513364691130633 0.44926605592544666 0.4555544859496865 0.12798110160039866 0.024464704987866015 0.5703653226966529 0.5169871129284304 0.8080068375743998 0.06979259501339041 0.14356736612947862 0.45361333814263083 0.7560831705535356 0.7670979542510954 0.8508285027345767 0.24306313116829525 0.4114413767480637 0.3022949504302309 0.6411409848187127 0.755314785944661 0.1982262882665019 0.9822921877598614 0.16172235945331281 0.6755783007400692 0.8499804148043982 0.9224072843753739 0.1553090903533869 0.22955035236590104 
0.10843849708766662 0.29997991698614335 0.4693812250406858 0.6954564448721481 0.6529991053561722 0.839621958274348 0.5973601999748461 0.8014576135262607 0.8467029587890487 0.4681419974455675 0.4298177332497326 0.35524799528383966 0.231418887903181 0.23278938274298555 0.14000263863985474 0.22615705676712017 0.3851070202962409 0.5973034372667678 0.878011292611168 0.8912597676672608 0.9150594898187101 0.7386597067190956 0.20352407776519077 0.1733271719988062 0.6536883341056758 0.5255981098604512 0.10772532086527253 0.46598381930009936 0.08156202133159107 0.6293416729182845 0.8296214686145957 0.8864307907417459 0.40613170966850853 0.1874775831030483 0.5406264275186282 0.2738951227099319 0.01296694107613039 0.4437743939411447 0.2811098722902776 0.7265244434741678 0.6641112263347939 0.5664837554890467 0.673405923705372 0.47582547791598184 0.06109815469407209 0.7981540914449017 0.049798384041210064 0.3509914376048219 0.41101973541438397 0.9022368438524795 0.20576207249438394 0.43919550088204196 0.9112322299865165 0.3750473582932252 0.24740385650353813 0.39043376542443253 0.23698580747146825 0.5807353313713615 0.6362420484998143 0.7033283184878331 0.9019650142003397 0.7169729455246998 0.21963269765688176 0.6573571179340072 0.07634885762995647 0.9879550497240351 0.27340379220707434 0.8711124144112984 0.5474818318156374 0.5794454280426008 0.35570111737722854 0.7033029955178384 0.717642322231761 0.6783289606201399 0.5026409068474453 0.8888397965012322 0.024464704987866015 0.6515139927122009 0.5676179148840107 0.031870709843570655 0.7389199569600989 0.29899725671194033 0.7760736884115096 0.8648968541236292 0.6637715746727811 0.34180657382836555 0.276300218750529 0.2782300118223361 0.949665288636982 0.5886009619257804 0.7987857601590088 0.5614876134458393 0.564556290177532 0.43530127770159255 0.07814722559415255 0.8804363600404637 0.08434890285281027 0.80408971958167 0.22383160831102855 0.6332532627987998 
0.7934643635800864 0.845199847099772 0.31243242240674873 0.1410574337012107 0.8236774285321105 0.4533170545155992 0.6878983866714424 0.9551996791566568 0.05842682490787665 0.7581034351235357 0.7301742501549284 0.513920752094105 0.07228972290279823 0.5968546182188142 0.9414703332760818 0.5961739321204851 0.9874740791283689 0.040476606965655915 0.34266633583363326 0.1311381651026181 0.5166233817855309 0.6253147934051044 0.6416459261372192 0.7335903315200549 0.6099537143697769 0.6311474149926254 0.7350606716191815 0.14908747721161075 0.09921206304954377 0.4321008210444559 0.754493613528787 0.6032633110987932 0.1959516603106235 0.9981002533942838 0.32966596709291174 0.8907048188589709 0.7315308847550894 0.9260791309004669 0.9305233679873143 0.7367598923521566 0.5377188562398035 0.9802885599873432 0.8864836340627006 0.967653149348791 0.2769751340443608 0.6470308461146604 0.0409067272357061 0.4258235180955172 0.09783930439531585 0.3640163861381669 0.2479812181032912 0.7641036191550337 0.7135744942956697 0.8306247861793726 0.7597660008010272 0.03003321695192651 0.5889247372897708 0.735320492751616 0.17976859327783568 0.5135174418694796 0.3131088693616504 0.631976332804412 0.13858975214373737 0.7628034138593257 0.2042229895708667 0.7746009335824533 0.28854222451086553 0.3456298734029877 0.47535498961754785 0.565306479059871 0.27489705905767736 0.3391813283779085 0.8321131340207809 0.9583938706553279 0.5326589657547823 0.07079057016520107 0.5703653226966529 0.5676179148840107 0.06576315178876346 0.2702417281503475 0.665315145263772 0.8444271518842537 0.7313245659626545 0.9975492779940889 0.9920220712958118 0.9851250781186182 0.18367093666031475 0.30328800948024537 0.5286908707755313 0.762168808770997 0.9650023853059976 0.030127576070998696 0.4136751691420524 0.22733597368493508 0.28238398880053517 0.41507876850323033 0.28067351595900736 0.02452162863937357 0.6307429084653706 0.8145169216983912 
0.06519235201888174 0.1694028589621116 0.6490999047914173 0.6267492627370023 0.5520647617978346 0.5071804441697862 0.04592393398581862 0.49254077598427193 0.4120303194933884 0.14033696453421007 0.9040377168342203 0.5813130090114859 0.6458255182580688 0.12665425453443735 0.7120543944100076 0.38979496334698616 0.843856001771399 0.6005348975842248 0.8410503701361229 0.7940126003697731 0.9072185345119681 0.1448029683730775 0.06199822606608962 0.24912297410949502 0.036015241299407696 0.4445741152641316 0.46876314584692746 0.5419752857342529 0.0326736222795313 0.7188198611610895 0.8552038519719769 0.8562067191584947 0.7067354437085747 0.4586991539262658 0.45352110444143556 0.10377984616687752 0.3836792598330937 0.2879143462444631 0.6403698702561084 0.8398548820543694 0.10335289126084324 0.5796929442738711 0.3449481631905529 0.9793029076750371 0.23433775683482183 0.7048625552284046 0.2033598203173611 0.12720835488143367 0.6047388975987414 0.030009223677099794 0.9439207646062348 0.057350783720030774 0.2641381213697106 0.59214881457963 0.04034185863816364 0.8712162304598208 0.5919595540582265 0.24391899635811043 0.5015050557082325 0.3803424870633261 0.011122250313476911 0.57954653639971 0.09636894468804968 0.40556174553946 0.2536693107002428 0.6364480804177486 0.08712568093093209 0.7469228537800012 0.4984837515395142 0.6984569036969881 0.9278884977951455 0.14043310673070697 0.7005631019166595 0.6558593898951454 0.5651259481538002 0.6197640407162402 0.5169871129284304 0.031870709843570655 0.2702417281503475 0.38364002044474266 0.714365835606056 0.8627851253282851 0.4695162953062224 0.15013619946233714 0.8942731621852643 0.9786890841909351 0.47717499136722763 0.7001416537693071 0.2663207600720856 0.03831704176400841 0.27130618673001494 0.8253492231946795 0.8963712110956077 0.6348173606605871 0.20981573532555742 0.2882279975455039 0.6547776094157259 0.31087355349274726 0.3162824104829556 0.07064582681200882 
0.7234283130113955 0.5573447081209452 0.34801201535880133 0.6678452643331547 0.8570484214955386 0.5180655591167198 0.7556772170846805 0.9243300063696442 0.8614995261498926 0.09112257103846744 0.5130154508673712 0.9897572191473286 0.3930666235454531 0.27904807799212195 0.15642118159747687 0.5464454873617792 0.23221746472454285 0.19799996932512798 0.12733336324277356 0.332765643024969 0.38669041533962334 0.6499280945864631 0.5861661485224637 0.3247132176648019 0.4075779450716742 0.06966395493716648 0.7751707078236246 0.5009567704839499 0.6370343411397454 0.37455377832610937 0.6052336365889036 0.5171134999829424 0.3743004751493424 0.884394747089837 0.8154362852807179 0.38806784339467915 0.3582607780112407 0.6587161358010996 0.38199240900832065 0.13697898322040358 0.18882883631308311 0.6522305417659944 0.6688389376511517 0.133265654389089 0.8984934763606542 0.8309477683741787 0.6824811209747924 0.46649601146516084 0.5523929633614346 0.5460037310781801 0.8894949126566689 0.3759086985399005 0.2138508009962774 0.7874280698302617 0.33477111090959466 0.42074057937547804 0.4787665532952513 0.5348880857154641 0.004242219202199471 0.9012899570144125 0.04064897675427914 0.7233336525821555 0.3418483763521337 0.3158724313741701 0.2774640994373534 0.3058573511315673 0.6046286198285138 0.6200512729724771 0.5157715914204609 0.8734919202161834 0.01680500670351759 0.23897014877070122 0.4279659255288606 0.08229745156048984 0.051356317235989435 0.12504798408802287 0.8080068375743998 0.7389199569600989 0.665315145263772 0.714365835606056 0.23238775887447294 0.14748952829600182 0.8297016636940872 0.3785997848849002 0.18512525804220104 0.5100821334705467 0.9790495601147136 0.7926120463042385 0.17624532739475107 0.597786128318777 0.3182686499820533 0.9426054545855305 0.957433635794163 0.009258554319893864 0.032472947411311015 0.48158161242051045 0.6582365258772551 0.011902818200256071 0.8576143772643819 0.9341815537895433 
0.49420205164411934 0.799718809937567 0.06555712066110764 0.9884349565236116 0.6536656216167034 0.3348072848313791 0.04419509362010998 0.6448568457198373 0.45355010918978056 0.45574138248119633 0.6849439299615161 0.03995649561134906 0.05191339402480044 0.0888751466131944 0.4440947451317334 0.948585552971967 0.5654816494322655 0.019284077230975916 0.24344014335853859 0.5284005543613068 0.40574837661711183 0.8941704360451159 0.1180397392220307 0.9311970638111859 0.5334883495180178 0.7136913061753356 0.6451802501548635 0.3508706213171545 0.8397642886122885 0.10365894129774 0.8551669930879128 0.5718576542626379 0.7514858759563475 0.1371784876637262 0.5542979833725662 0.7997397149463933 0.3686535795946059 0.7599556105864316 0.05713400838101723 0.5030198418849089 0.11448277185631472 0.7049061139663894 0.5533593002752119 0.6024746947394103 0.16114714732266489 0.8268822227636152 0.2540650668638579 0.5068768248754131 0.043064318289436465 0.18906113868972263 0.2735307617829731 0.004146420452536326 0.44790520029549885 0.3151466208397107 0.05362610130317291 0.9370498064341719 0.7916340205228378 0.6997386269799427 0.7145122929729153 0.061971727602724624 0.3026335482499679 0.03400442557300731 0.643021156969048 0.4713354778659168 0.6531407220734806 0.20069752060543788 0.18936545647536873 0.4255419726473574 0.0362591383382147 0.38661683372632916 0.9962353062250872 0.4878752351089287 0.0029145952248511575 0.18855010839888253 0.7163920155366066 0.27171793329548943 0.06979259501339041 0.29899725671194033 0.8444271518842537 0.8627851253282851 0.14748952829600182 0.6378817545485286 0.5813154152606083 0.643548359689623 0.20421730523194037 0.4943684567939822 0.5638911335873805 0.13438192853543784 0.13952026907202764 0.8227762651953567 0.507905309867762 0.24018225521239478 0.5729600209436218 0.968063021068812 0.8070245684715727 0.9305696688520868 0.6852453737377908 0.3271913657172659 0.8050802437396926 0.8934139783328228 
0.5103346832378246 0.9103269958515864 0.5121182087058805 0.03571060813957949 0.3469143601795469 0.03655295735831199 0.9361508139641675 0.5679603643396477 0.42468547625826647 0.11363018082580889 0.14490026628359676 0.12132531281622749 0.5043126918268458 0.3848226253632784 0.42848893217762307 0.8931586622885377 0.18404730201957376 0.6131554759288026 0.8011954690342222 0.12084914966206994 0.08135853761287004 0.325214338218051 0.9559166776245358 0.2622259962644625 0.5325834798805347 0.25904423310483016 0.38779985548015206 0.4154841750645982 0.8984154489298071 0.41182601060730606 0.1960725906541635 0.5848398596114063 0.8688544922402228 0.10326268025043472 0.762591478471234 0.9149232563101241 0.8365173499500475 0.604531280769758 0.9269179344915837 0.14055909246864606 0.2875549580796304 0.7297603257036815 0.8804238225716935 0.7048128654885057 0.9715631500650611 0.6982678762199293 0.07012088364050728 0.2700551189271716 0.6884736628497068 0.02477539906324644 0.8637489585174084 0.702049371243213 0.08744633637126464 0.8361971468039986 0.27246490380055655 0.06294073991120464 0.3493705835747659 0.9293286524532767 0.0453146989449319 0.624614947684383 0.5853280194169895 0.5166051933858027 0.2734619647265044 0.570002014426755 0.8832079418989109 0.8817803090426711 0.6072449881553591 0.5663617108937355 0.4462149706962486 0.2991307184715545 0.004433168834260148 0.6851310989782396 0.6703992869781421 0.060484458478964664 0.8595758055939092 0.007497652445084602 0.14356736612947862 0.7760736884115096 0.7313245659626545 0.4695162953062224 0.8297016636940872 0.5813154152606083 0.3681267660894997 0.7212444666974281 0.4220715249417085 0.2707984811971199 0.5058775252002801 0.9802617192782105 0.6787483188380097 0.10961110286587206 0.7384387383643719 0.16184537962192957 0.22075616604689097 0.645567943260019 0.32137055039671003 0.7591594191069543 0.5732091222193022 0.1771690755134454 0.15576091039230378 0.8447623939266938 
0.985949447767152 0.9171353347246284 0.21215793917412684 0.3494323836329002 0.2928376292372883 0.15151543345373353 0.8860031048491729 0.9296927339589938 0.14548587175217875 0.6910234446704103 0.23266748205252918 0.8343890632721489 0.35298326006436 0.9630251123652042 0.6500805743460094 0.34561305380697216 0.863811646942863 0.1856119513875507 0.4916587844379293 0.39500004467288186 0.7563569541529546 0.03056952374875077 0.7220678132169325 0.9783476495804347 0.5961132341738925 0.5910461136920581 0.3539043871352999 0.9268763710138807 0.26339522459386866 0.3222163938247181 0.03468487337533677 0.5220263733675783 0.8192597203988303 0.10368136386624915 0.1560269376387028 0.20549997725678826 0.08544428367575463 0.974106852879487 0.08629031069781379 0.6452804523783786 0.24527680379259664 0.12667540616653428 0.809450346051971 0.5147545539526549 0.6224000131348005 0.7971128938474155 0.4814952021485521 0.38805155269665614 0.43398972292386107 0.7118124584051312 0.05801458533992987 0.4026356384152062 0.3127037183607674 0.550363457422935 0.5565534735170017 0.7411316951311799 0.9948343651057066 0.7838997954533243 0.5625673285797619 0.9342308092976753 0.45527808819793103 0.2855833787151494 0.49026616789571176 0.009634561933995034 0.3420659281383085 0.6327407056884616 0.5974566599794414 0.38218985821688234 0.33936793861725734 0.6475482482279987 0.026052223004776276 0.1795787972880699 0.622684783925705 0.9158061777227673 0.14512936856321046 0.31229949058354844 0.45361333814263083 0.8648968541236292 0.9975492779940889 0.15013619946233714 0.3785997848849002 0.643548359689623 0.7212444666974281 0.3926885219444065 0.08003244001088516 0.9254996009595229 0.3437861598951585 0.4260489476791588 0.46224663291902657 0.5498343427409393 0.5332927680368936 0.2340451883323802 0.06782859809883413 0.8358828086476635 0.4242121516843218 0.9926770719613689 0.2980680524202023 0.2987823072048684 0.8980833647565514 0.8462815575605791 
0.7766892132287263 0.9938432323295642 0.5546498693601902 0.06760193927399116 0.3592379949745983 0.8548197982535217 0.5017963091198333 0.36003136331672314 0.47803269877239773 0.9365960308520892 0.20176884876176937 0.650034598249645 0.9252917052156262 0.714065022620449 0.716024489736173 0.38556718353393393 0.9561706838221498 0.18328657468857934 0.3899581905334497 0.08766010370396993 0.7525397469194594 0.4102426201486623 0.7984878297047453 0.2606387931708517 0.12761958277164331 0.8920566188673529 0.6903131671671854 0.4448333897539448 0.7013994530831263 0.42227568326833875 0.6593881231587906 0.42190004618270927 0.5317394597938554 0.04321424350519365 0.4341629824849499 0.31636472847033703 0.7933608034743789 0.8622035228666344 0.4700246946630253 0.8780824823270756 0.5977180623767037 0.47012817177928745 0.24998991189515607 0.627469385968905 0.5061226119401948 0.2949976026060691 0.19602309649540972 0.5966166643250738 0.9478081816787435 0.024137807761375862 0.5284255163632535 0.6170941679931266 0.7463756524239139 0.5141265893959817 0.30935598550780585 0.11845477612533628 0.08315852303519156 0.5442433621721008 0.031308389325264696 0.2957620542573587 0.29374717823748697 0.2826547295900116 0.6452932974804376 0.599370974234936 0.12407874255427997 0.16836929605019846 0.46607315577810227 0.0639129192178367 0.060507149226328716 0.37369438161558133 0.2676966617940605 0.3952665866107721 0.09231420454732564 0.9065995471299777 0.26257361117528843 0.5344453722378422 0.7560831705535356 0.6637715746727811 0.9920220712958118 0.8942731621852643 0.18512525804220104 0.20421730523194037 0.4220715249417085 0.08003244001088516 0.6394851338082285 0.6064173153072154 0.34289283910394464 0.3537844748232384 0.3623235238101724 0.0011716329320479169 0.060622876353726984 0.5431572268926833 0.08494658256043686 0.35291122590849267 0.9036945670543817 0.9690061277523405 0.6871989778481333 0.20541042347166105 0.4383088697826272 0.9543555615663794 
0.9180383255777234 0.6957550391266142 0.18250966256383627 0.22300838233604747 0.42253137844856714 0.8917103524017629 0.2795283887859117 0.9137225343345095 0.8487772515577414 0.17710235669142405 0.7940482970956065 0.8073611191485895 0.07089861287295329 0.4263379187147901 0.8617552132872731 0.9388854055470365 0.34783939643555706 0.2947011636011049 0.23792160376220584 0.5975383172190448 0.9436139344634347 0.4726691443102242 0.6637324489583432 0.2348862866260628 0.04641130279343886 0.5973714452388995 0.7025577864641795 0.7093991351404104 0.7941142229396315 0.12109173278438201 0.4162716198257572 0.77503853956274 0.7338190511747065 0.5141601548963526 0.5273071780926527 0.9753264608106446 9.863710443558382E-5 0.28168318297042094 0.5448688249690234 0.5870078820081748 0.6043249617663573 0.266177645904925 0.6387838924865358 0.2010355505898651 0.9608525175741955 0.19693802647721426 0.8957548934055225 0.6142519448288903 0.36905700930225316 0.1795844491964118 0.5626834043980729 0.3712082518162564 0.6738118441408757 0.2753554698615319 0.19357860321749476 0.9838445140421869 0.2296491104061349 0.9882478087088611 0.6093543538127294 0.6960764857111847 0.20584911922265026 0.32210862777430227 0.9856468190560459 0.08760991351681058 0.16897177512840755 0.6787611892447877 0.9176449711069098 0.6301540121755479 0.42008606305685303 0.7980098717525881 0.07306943764359175 0.686043847506777 0.9477434073850641 0.7403940179105251 0.2352098910371766 0.3369056819094284 0.7670979542510954 0.34180657382836555 0.9851250781186182 0.9786890841909351 0.5100821334705467 0.4943684567939822 0.2707984811971199 0.9254996009595229 0.6064173153072154 0.09974206874971592 0.2926925153913278 0.4297607548856546 0.8900681586692486 0.6965664427628069 0.5222636541749611 0.5981207987240366 0.06397878145311042 0.3743301294154874 0.348976370810424 0.40224956370349774 0.9967011738737642 0.9148665103581617 0.7962674180478745 0.07593016265308672 
0.39347491953717484 0.7162038095283886 0.9879138500958584 0.08620440439577581 0.6711819350652425 0.63228823549085 0.18046209673004132 0.14340599098769236 0.32843033137136945 0.9399745552355976 0.7692016283939213 0.5618620246844308 0.9925648245161796 0.4451673643413565 0.5139073573462761 0.7336975395075931 0.10451252086099916 0.16452733082978566 0.3838831779012132 0.08921872389122532 0.28254734485939315 0.5106978816637503 0.7105165400635587 0.5817339688748702 0.20150534152196686 0.1139106826791092 0.15775406625522215 0.7999916874692753 0.6962304422514513 0.1954769241651837 0.13884033576584143 0.5549205671529311 0.1685072811779731 0.3155620472942482 0.2554951222596138 0.19976176554959124 0.698596421120306 0.9081441978989088 0.06257176370976425 0.6847119275467671 0.44652471514301084 0.8476986756107201 0.9528877024651464 0.5791562823975708 0.1670349434802899 0.34579532473319596 0.11169540337705364 0.043474643720480266 0.019682804402574527 0.4017446224075738 0.8027036924599049 0.29429698649223246 0.4200264748622462 0.08300612237478999 0.8044898274290074 0.8869105081214341 0.7760008566275256 0.06572717509094705 0.10526094280895582 0.42744189420383727 0.9283268242027465 0.6336744443676177 0.9949063277774478 0.5177020917831138 0.1640626986167123 0.753924536057939 0.931367702807438 0.472844675244809 0.2553411046344439 0.17136806900527424 0.1704451822544546 0.12517557304249993 0.2712801319552126 0.026222341707938135 0.06140567945477449 0.6960896863566743 0.8508285027345767 0.276300218750529 0.18367093666031475 0.47717499136722763 0.9790495601147136 0.5638911335873805 0.5058775252002801 0.3437861598951585 0.34289283910394464 0.2926925153913278 0.672199705426032 0.8961513987401195 0.1207718579514806 0.2619744027870703 0.3686007539965426 0.2422137072941145 0.2618235157514216 0.3684791309791168 0.01835155949091105 0.48391972729022903 0.7691096546802813 0.2059784609152847 0.15671690440253117 0.9402563606018391 
0.21252255306966938 0.8548866906126059 0.5437537826619903 0.9077293745192201 0.7366698758615283 0.2764322567530295 0.7179279896061788 0.038137542850579575 0.6246589527080706 0.7587684372712696 0.7017052228467365 0.21306106491906207 0.0035557458305854883 0.6970616400016987 0.8871802437624603 0.6131238575186528 0.8921521237637415 0.5565835124770389 0.7464252587342849 0.4596800437627149 0.37302625009921575 0.3308868281265249 0.013928236559280993 0.4013388000481243 0.4136706217539218 0.4527158894512563 0.6949907927929018 0.6593339294315338 0.29698931032997633 0.17222959090872658 0.2443401379693637 0.2862521328109989 0.44256698323507937 0.7793751311453142 0.7349537606643728 0.4500890974744651 0.6534005520185405 0.23768581831114588 0.43754427929952766 0.6614892726362772 0.7825799842899731 0.6212012079836012 0.975504907771666 0.5393915203740471 0.5875516102954762 0.21112640358165302 0.20031723368996068 0.03562388286135321 0.9990507277614623 0.26128295756844433 0.09052588806842998 0.9882467932962528 0.8127106308466325 0.3962584839159027 0.6953719521978567 0.6057239010676321 0.8697087934999863 0.26104774913968953 0.14632611503322646 0.9625912065708351 0.02645222278350179 0.9785664307795586 0.8274748076020192 0.138277540120454 0.6455810889134155 0.04928598266853301 0.7948626580857417 0.9390709624920256 0.3664099350237623 0.45520318335976495 0.25567581182921195 0.18637291794525923 0.1074324700532433 0.3353316365364474 0.22741251190162382 0.9733569194130478 0.24306313116829525 0.2782300118223361 0.30328800948024537 0.7001416537693071 0.7926120463042385 0.13438192853543784 0.9802617192782105 0.4260489476791588 0.3537844748232384 0.4297607548856546 0.8961513987401195 0.859755463322537 0.5550589689288347 0.5537370647449033 0.32368355044119423 0.6203717029425512 0.06107472034489303 0.567153022322706 0.7233222074918899 0.14010708432012486 0.2559192777437287 0.10243789084297983 0.5261884151790219 0.537504052290194 
0.38222204840214247 0.2775405317834131 0.873803071915743 0.07924099813596575 0.24932924857434846 0.20963335421930207 0.5110185728961557 0.6342595865559562 0.7329541109678297 0.9869209351893967 0.134044341323597 0.6628273759192638 0.6093174565069274 0.777264138558278 0.2918138171779515 0.5886663266344404 0.5666459358728255 0.03928774259518375 0.7610665708258394 0.8865096279164065 0.16959826341320472 0.8156033982114782 0.0681042082203358 0.9505681574876031 0.7177548345277089 0.47356741858668205 0.1653741823928233 0.10091020076916013 0.7641381192369511 0.43179980402840357 0.014162830732471599 0.9438803014444279 0.7950340340572419 0.3338663021344037 0.18119307315509525 0.42360321244770827 0.08371535713226497 0.1389855121157837 0.2556399141333401 0.08610964779633767 0.08751608151089363 0.1947418687396466 0.0901585557059259 0.7618718698130961 0.694106624253248 0.8617130231508514 0.6102845593089702 0.35162259459234024 0.5647136652640392 0.003179180718676289 0.7765832270928473 0.6680544559612795 0.4770796864209714 0.8396575904847791 0.22261906839215095 0.3122403209090292 0.5809282221947343 0.4379447117825538 0.3185458110641066 0.5091721194704782 0.6342639942488786 0.27884685028007994 0.36278010229674074 0.6957480823422392 0.806947157274035 0.36278279690647375 0.840343258469694 0.8840088554413718 0.0016984804132648135 0.8397315758584305 0.06678427455288616 0.3100452932072095 0.503536525462058 0.9057922991132512 0.22119692383582412 0.9476815979297153 0.4114413767480637 0.949665288636982 0.5286908707755313 0.2663207600720856 0.17624532739475107 0.13952026907202764 0.6787483188380097 0.46224663291902657 0.3623235238101724 0.8900681586692486 0.1207718579514806 0.5550589689288347 0.5663824380716054 0.8209562282157459 0.5993807052154128 0.42696513994854 0.8844395423251301 0.8984059071037774 0.9750720401350026 0.3598944844591958 0.6468914701609958 0.20307982480180564 0.35535364121394153 0.17108706700578535 
0.7720150603069218 0.3177206748152237 0.695112388871801 0.09145284123279818 0.7042832017890576 0.2200356759327644 0.34911117961186877 0.7374375640656657 0.18289673393243655 0.9286441917486848 0.8964677812517164 0.8730640884748775 0.3198944941654799 0.3125755287880372 0.16862593806270232 0.18284707154697066 0.431658403056861 0.9797053247724266 0.08503069370999738 0.21562721348068836 0.435576798917937 0.6776348561802954 0.8742750782682713 0.9751010442769995 0.46087500182552454 0.9408749814243698 0.04022420351373868 0.7716925938282714 0.038754358579046966 0.5458150657545402 0.05136982965665926 0.24936110746670048 0.31991237389350147 0.09658930929801546 0.33951129157815374 0.25131586295181496 0.9642125294813755 0.1116078626313537 0.7781530422903945 0.35817952703198397 0.8446550637353601 0.4720187548564776 0.5340174801787573 0.9612427662970939 0.7206202763163059 0.22614915095865618 0.8208725751742982 0.9955298244242541 0.6772929264588441 0.02844939895683085 0.2342048920552886 0.4425889330838835 0.34542558749449337 0.21684483501156704 0.4628729662148383 0.14916966326913195 0.9829741416290867 0.919054733880415 0.9083442231311509 0.9195733119189158 0.5796547199387229 0.11773074999965838 0.08823072412682931 0.04326616794450511 0.4074490461168876 0.0859005225455367 0.46441293424111074 0.45820430627545305 0.24673620568254961 0.3310636283297881 0.41127172713849935 0.7642806409185623 0.16925613072985368 0.876789852128642 0.9988547235256762 0.8361735712300221 0.3022949504302309 0.5886009619257804 0.762168808770997 0.03831704176400841 0.597786128318777 0.8227762651953567 0.10961110286587206 0.5498343427409393 0.0011716329320479169 0.6965664427628069 0.2619744027870703 0.5537370647449033 0.8209562282157459 0.40009408085426346 0.2371174733968343 0.9854231980269088 0.9626958267963547 0.5100856696496282 0.5637996940171275 0.8313050663732764 0.6661151356475823 0.019241762860815026 0.7300719123703425 0.5422355941964943 
0.23747817970746887 0.3971683405799462 0.9261725707267856 0.3348622723283178 0.7164823029447008 0.48596377068892493 0.15312571219064952 0.592814839895397 0.6023235591728817 0.47467005097439996 0.9536758831434834 0.11803268423119861 0.009785809845132332 0.375426302918774 0.4424374305699106 0.7907170431983851 0.8274005575980232 0.9502260850531193 0.023584995329368863 0.9665530864016637 0.6469906627705087 0.2541126242909669 0.3751233964724435 0.8699032118905583 0.6401241563343633 0.0528080947092634 0.33313832805908317 0.34204393864650284 0.04602516124723666 0.14731253702435776 0.03303013185170689 0.11037410937115533 0.4460802724822146 0.8878314748868097 0.0654843497108939 0.9990655680133378 0.6963035707426642 0.994806232940561 0.04992909863812678 0.9062312793048778 0.4132265829735694 0.147608192466811 0.3455999841569368 0.4284768705338263 0.5752639443272776 0.1686187544507476 0.52893236563234 0.9478840099164663 0.06248699278729386 0.2552555578276662 0.733998362815291 0.039668754110115056 0.42927665391544734 0.3532331815733327 0.8686830759077567 0.15984927314557984 0.2572839463132057 0.7001668269767344 0.5758343424758551 0.05073145936421808 0.8479970856269456 0.2833375620845675 0.6984052191413938 0.9378185237280658 0.6840756593623848 0.00851409520316071 0.4320120593968304 0.6525993344657004 0.31447038602222566 0.9619274617395402 0.33851135281381417 0.521940285678524 0.13697509638897143 0.8389450078600428 0.44469239517192727 0.7918428187381252 0.6411409848187127 0.7987857601590088 0.9650023853059976 0.27130618673001494 0.3182686499820533 0.507905309867762 0.7384387383643719 0.5332927680368936 0.060622876353726984 0.5222636541749611 0.3686007539965426 0.32368355044119423 0.5993807052154128 0.2371174733968343 0.736376223685161 0.6476566816490947 0.8858651643636513 0.37804190574778396 0.5541583873872493 0.5907716126190982 0.40041542751312253 0.13828788885601606 0.5372778474626903 0.07433928419701341 
0.5014433424362462 0.15991013044813251 0.19854107788024133 0.9597539895684599 0.8834955129027562 0.5144449159010551 0.035792592510697 0.5872319240316521 0.29644697738274517 0.1363740027717787 0.33675069186071827 0.9487561153845827 0.6137753706572123 0.7576502733406794 0.6316725491493608 0.4865725923577341 0.0709002269761887 0.3121285773104401 0.5770154042064747 0.8351190932094426 0.5360483749565531 0.770344451142845 0.7682681577494338 0.22215385478500127 0.3937652515164959 0.969689539033917 0.19374634735353258 0.34717601945101495 0.12211170993088039 0.33481198163950654 0.5515189910134881 0.8703123186615526 0.86904595652217 0.6635198747504186 0.15653081140065983 0.5059272216133767 0.27419319704463363 0.03223246637289545 0.579131082470837 0.4828568223722133 0.5152340975670922 0.9049927570998796 0.44901106389643974 0.3165530014427187 0.5077193415489841 0.5116741111500777 0.7752551363581671 0.934535701391863 0.9342061603006112 0.25712733342534333 0.8473201416445181 0.8112499603400594 0.9320088228800685 0.961220815115427 0.35982932932863665 0.6750598759983463 0.8987791382585522 0.19220559395834136 0.583073811056337 0.9856003445835652 0.009325486803047789 0.15670960634263287 0.1782761772093545 0.27814133670387853 0.7193943970674216 0.5598227874818132 0.7918089523368055 0.1353448257253378 0.9436364081060953 0.908196477766649 0.8929378768330073 0.2550193677252307 0.7375217563749142 0.9468242128567584 0.3873220295108323 0.1373551215683252 0.755314785944661 0.5614876134458393 0.030127576070998696 0.8253492231946795 0.9426054545855305 0.24018225521239478 0.16184537962192957 0.2340451883323802 0.5431572268926833 0.5981207987240366 0.2422137072941145 0.6203717029425512 0.42696513994854 0.9854231980269088 0.6476566816490947 0.7806663451668763 0.142656381329323 0.7965232406394517 0.5936356717959261 0.10797183957794687 0.4809815359224392 0.4099651466144806 0.38589947182780415 0.026698631579492704 
0.9658588100357721 0.3584992729836062 0.9955539974094635 0.8654259172775298 0.09403044659762771 0.754592281918982 0.5047375650777391 0.2735578717248288 0.6913305928113629 0.5888892579005407 0.8466381283550412 0.36580576264618725 0.370839967043171 0.1667344919741348 0.524853201379237 0.4144097554063044 0.4210945121716577 0.4525985635273626 0.03714406948564897 0.5096591014611428 0.25744138771240155 0.02520622698728503 0.8794039743247007 0.6758915260385027 0.8289022205497448 0.8002885301126512 0.8152492444139205 0.9114217762520949 0.5133596289472553 0.9253746656832519 0.8019262363712248 0.4994891401492835 0.719480367190861 0.15057096533980197 0.009597149929254312 0.22422529588813234 0.8889637525254079 0.39145920900702946 0.5744637278340645 0.3922662325302967 0.6115151592223219 0.5688406220518412 0.5132728087958458 0.787095992513145 0.6866274609193441 0.3224648175656811 0.7414759828222662 0.3179121449093213 0.45755996754711437 0.8417671127824718 0.737015850281425 0.7992429540583013 0.042955125043267484 0.37398948445813607 0.45568677672230284 0.9786723471433676 0.33914976236297567 0.9788069310039621 0.654638091862516 0.010085598930952955 0.7897971910357194 0.9216772036978373 0.416883183336868 0.3937140420160373 0.7891875761119949 0.7701552238525146 0.31342912854990257 0.7342900375070452 0.7286454410902711 0.22065419413474374 0.5939835836955563 0.587009886936182 0.07268426741853184 0.4711940913552901 0.6176976405267782 0.40959144971122863 0.1982262882665019 0.564556290177532 0.4136751691420524 0.8963712110956077 0.957433635794163 0.5729600209436218 0.22075616604689097 0.06782859809883413 0.08494658256043686 0.06397878145311042 0.2618235157514216 0.06107472034489303 0.8844395423251301 0.9626958267963547 0.8858651643636513 0.142656381329323 0.07654172788700653 0.035374683021300424 0.9633002903833362 0.04196136860701727 0.5876670421596627 0.6321438370677762 0.46830685509038716 0.5136058180504885 
0.7351778085612679 0.3027843364161127 0.5092255675062757 0.5821231829999908 0.8447916588528289 0.12478972713899694 0.5026265994595157 0.9873608645294658 0.2134700451285978 0.32445649262247256 0.8064024265563244 0.5850520892466852 0.8492609299648467 0.6534337857538142 0.061600787702421944 0.6123838055454356 0.015343714554864607 0.42579827625711153 0.05609567925346726 0.6441601095378603 0.34111831840593543 0.5359416282753982 0.9008424838980114 0.3114680631664176 0.020679921485349917 0.8863309555269289 0.3453180309253444 0.13976800266792033 0.11524476108299697 0.1803151279241686 0.24064102250233432 0.43726558477306343 0.5938503207563927 0.7868722845590038 0.23690211946139283 0.28544226813875084 0.588408820326139 0.35709467005318885 0.34925051769141713 0.7307934821919234 0.9717437450941045 0.6763049264004473 0.11086439691576855 0.3047425490094372 0.15085096180183621 0.3145028688696422 0.280602446403208 0.9794408928148616 0.802104973779319 0.42070673034695594 0.7741998328790413 0.5488825678840684 0.4084348586960831 0.24871236185879042 0.48277246548969943 0.12777033552674255 0.8578161006361722 0.8109120953345618 0.5455402029188043 0.3109542224757531 0.14779027146402413 0.1090232373861727 0.8687968382120016 0.6369547915589494 0.6810842184347863 0.8320264025449468 0.7831319512534829 0.03847033248913889 0.20922723648425567 0.9485101895171121 0.5501361892733839 0.9607740375288089 0.4894406619958026 0.296573214202696 0.5690358067239972 0.32060314515987676 0.9822921877598614 0.43530127770159255 0.22733597368493508 0.6348173606605871 0.009258554319893864 0.968063021068812 0.645567943260019 0.8358828086476635 0.35291122590849267 0.3743301294154874 0.3684791309791168 0.567153022322706 0.8984059071037774 0.5100856696496282 0.37804190574778396 0.7965232406394517 0.035374683021300424 0.810412224693296 0.5221084385299664 0.20414715278504814 0.26968837960130565 0.03899046106845472 0.8829319057334594 0.9401220737967221 
0.9120777995386598 0.21751741928336643 0.3565772964507977 0.05929404346676492 0.2428514808340192 0.5860399883826928 0.1102544865434224 0.9729543687084222 0.7067081911932552 0.2792142203557968 0.135048144458066 0.9999952987362876 0.9852158696899189 0.6883085010815055 0.45273870048142584 0.3712819050802497 0.47560190963444704 0.7564496460699485 0.8041782276513656 0.9393945188294796 0.08647827756682791 0.11422164843316729 0.2319317183970444 0.631993840471984 0.23335244850648584 0.12394764380855583 0.2513033917085207 0.1762918921586064 0.7419773239762251 0.05695688527895737 0.5615904224770556 0.26500897018974945 0.195299547193297 0.4662564892800217 0.7117193226590814 0.35397645650810095 0.03470357613133401 0.09974650881849723 0.09915710905308539 0.49447583303773035 0.9783560181375559 0.11872426461666441 0.9249116212948183 0.5076829226627531 0.14165631420845315 0.9023047203453054 0.596155689619739 0.9878632611271368 0.6328552365283056 0.5530989651302979 0.90958075641529 0.896680505715473 0.15174450932263406 0.5423879337241785 0.25959599241818787 0.5322136432220805 0.8119035773212591 0.731313293803155 0.49965457079241027 0.42708895805504954 0.9056282307833374 0.6419636049874531 0.5242505645266102 0.5744028475453089 0.3908866448841456 0.8148940230225037 0.5772434776477842 0.8438924424715625 0.29652277739794675 0.41997399280539705 0.030798819281005585 0.6421643151767931 0.06492675967455563 0.20514331930345475 0.8865525981223501 0.7371380554961022 0.16172235945331281 0.07814722559415255 0.28238398880053517 0.20981573532555742 0.032472947411311015 0.8070245684715727 0.32137055039671003 0.4242121516843218 0.9036945670543817 0.348976370810424 0.01835155949091105 0.7233222074918899 0.9750720401350026 0.5637996940171275 0.5541583873872493 0.5936356717959261 0.9633002903833362 0.5221084385299664 0.2050831275942776 0.7908587335899928 0.03821620017363869 0.4948552155403845 0.5794800119785577 0.4097911499275333 
0.18426077368827898 0.5664926190377538 0.8903378680431477 0.6842499587531835 0.4060560939112704 0.8308492577488579 0.029166466549134684 0.9013764174252997 0.7660439232201051 0.8852491360652077 0.19126300414910635 0.3966775271341826 0.8187019892088375 0.8792317893997776 0.9916863406169134 0.0024410988915317677 0.21176133246758522 0.59598138054059 0.7384161170126214 0.5948622022519847 0.12700949787278726 0.9325648767017294 0.514244782408408 0.5565552724700588 0.37323627356512556 0.7754432313413054 0.6219915955129282 0.1467398572976465 0.1549684293402115 0.22190153591304596 0.8639393221564663 0.7787342456679869 0.8786635330003715 0.1846230522243807 0.6929125337221064 0.4191502330133131 0.06745090453462421 0.35995141425192556 0.7944511573198803 0.28153665117181836 0.820410161940947 0.29664944957131645 0.21292082723167471 0.39073704459757863 0.9206201315183206 0.6218157832169302 0.7739825921177003 0.8666452337813677 0.363015672113009 0.49897750469283186 0.8428063416747847 0.059359499240113967 0.22713390343714157 0.4067797305857703 0.7991340637036434 0.7558048885832609 0.05184509283388272 0.25814355732822825 0.9126950491059802 0.38751839298953006 0.24301754458185243 0.931077139805682 0.4348387712798487 0.6488167941980333 0.031374697801583085 0.27396334040113435 0.29459816081603096 0.4099770255677654 0.9700076798075212 0.5465753527867848 0.740308517716323 0.26856611264390073 0.7539788068749534 0.3905872310736561 0.7748776959516152 0.39319820427192564 0.6755783007400692 0.8804363600404637 0.41507876850323033 0.2882279975455039 0.48158161242051045 0.9305696688520868 0.7591594191069543 0.9926770719613689 0.9690061277523405 0.40224956370349774 0.48391972729022903 0.14010708432012486 0.3598944844591958 0.8313050663732764 0.5907716126190982 0.10797183957794687 0.04196136860701727 0.20414715278504814 0.7908587335899928 0.5852640779862152 0.6601310728998125 0.9839214530185243 0.3229714740147823 0.484424472637187 
0.622643548052877 0.44534375690141625 0.765363654241479 0.7220054210001793 0.6464651827853034 0.008068985427351794 0.9103083721766857 0.7442601754173988 0.08906841190014003 0.8778092906593412 0.41637574082932427 0.5520153532457349 0.5277102118462328 0.05276996871586648 0.12538910456603813 0.3676401196762943 0.9540159144744272 0.8204956421883332 0.17317301540980568 0.831931137960004 0.7814387806086626 0.3781787795160888 0.024208150015939567 0.5347303093373627 0.19166772048766068 0.01592241161222363 0.9820603170477 0.5623781762033292 0.4002565389364807 0.021287744678095688 0.43856646225411355 0.5245839425245669 0.7541736756215175 0.6979879462245695 0.3954132963756253 0.35632394734573636 0.6743673840736834 0.33567247556111257 0.5147083518881382 0.7044166784602122 0.4196885385692357 0.9137718507868064 0.2338442705589101 0.5837889742154022 0.015289235994512151 0.22825558081029484 0.4632293806375781 0.4831133443517649 0.2227472191841403 0.5529346302817341 0.6386377808868319 0.6389029312050333 0.45746453730816583 0.163865140769477 0.08845801708173051 0.40156975273379225 0.3734994371410354 0.8725449568541006 0.06161684332174178 0.26632194450221425 0.6592341975088309 0.9618993532037733 0.010835441763357712 0.5780443232212252 0.5989973973256366 0.137989275363544 0.5304336316372225 0.3862802827533782 0.8831515513256001 0.9189906650616265 0.3598930570090131 0.34711519641700905 0.919135939128964 0.5385221038868722 0.4411573820716689 0.26019960320990987 0.8499804148043982 0.08434890285281027 0.28067351595900736 0.6547776094157259 0.6582365258772551 0.6852453737377908 0.5732091222193022 0.2980680524202023 0.6871989778481333 0.9967011738737642 0.7691096546802813 0.2559192777437287 0.6468914701609958 0.6661151356475823 0.40041542751312253 0.4809815359224392 0.5876670421596627 0.26968837960130565 0.03821620017363869 0.6601310728998125 0.7437949157085985 0.10615621598089942 0.14708197112612842 0.7232106680559625 
0.981740771674894 0.5404074008826594 0.7691729819893198 0.3232367051851265 0.18786558227895522 0.9185074833369189 0.06266327800771909 0.6220498080131853 0.5924716744085199 0.24770161890638098 0.4830711029581992 0.00554482682406976 0.5657969074621023 0.6223716520930485 0.6066782944980046 0.7006367715448919 0.8007799670947225 0.5112730385756685 0.5953212149924767 0.5041777474626111 0.9874216896901675 0.6219921893102178 0.5124305196477371 0.4123740493506488 0.5689266735404978 0.8553299825163201 0.955398208802005 0.09086044041037278 0.07094738655201016 0.48781481120793047 0.6672454022826668 0.8995726767224049 0.9088264275377258 0.24483051690091562 0.5782939059472586 0.7165534794854707 0.634124514468734 0.9092444297159938 0.9290038131903093 0.20933639718898545 0.13386790221006173 0.7674005942520968 0.36348274344304576 0.5566818307261386 0.25586740973899536 0.8727351208101133 0.802619259685236 0.40414670621663773 0.29334500913571515 0.3116211308828223 0.13247018563787227 0.8566635147434907 0.6779164927509842 0.2634662820059409 0.6638253305277082 0.5889382427036858 0.6675471109195096 0.8095739816628039 0.1692617757441146 0.2241352206020515 0.259703432071139 0.679594965972677 0.07340609148244892 0.28832242906682004 0.28340392225223554 0.08938115544387892 0.01675484244298786 0.03264247946040788 0.6242025969701345 0.2854893012370051 0.484096601831421 0.03321653190891771 0.029539123799502076 0.894519278358144 0.770641350820883 0.6609502889795498 0.9224072843753739 0.80408971958167 0.02452162863937357 0.31087355349274726 0.011902818200256071 0.3271913657172659 0.1771690755134454 0.2987823072048684 0.20541042347166105 0.9148665103581617 0.2059784609152847 0.10243789084297983 0.20307982480180564 0.019241762860815026 0.13828788885601606 0.4099651466144806 0.6321438370677762 0.03899046106845472 0.4948552155403845 0.9839214530185243 0.10615621598089942 0.8822570654449664 0.49247369276211794 0.4135605027355753 
0.6282055843159334 0.2842264666893408 0.015219135484574986 0.393632337993846 0.6390077050804911 0.18598811024196704 0.5834027622489546 0.9412340484397468 0.9919460312238086 0.6637951810018822 0.739051113770823 0.40940174708223187 0.9439319945445577 0.4740143242907663 0.2425251951722277 0.809138160905846 0.7869502342188142 0.12563651600051184 0.3513178322857733 0.8873343542878186 0.1863512738749148 0.8898560575204341 0.6636955021130145 0.8104097550252338 0.9052220238332722 0.18567814834941576 0.7587430945711213 0.328918498175949 0.8508112825487326 0.34114921813198795 0.7712597632173552 0.04586117632015707 0.05237282059107806 0.44064125912929697 0.8365344032556569 0.34611582396687013 0.9643480556282634 0.5650982009808582 0.06518041423225163 0.06297228906088714 0.4584231779790269 0.08331775088069826 0.39357503765526813 0.21174258799689327 0.5501603691102114 0.06620903787265286 0.47965262967164946 0.2061670024088279 0.496571186471335 0.9906083502483078 0.4110246838271868 0.9593567743563262 0.04192837621803924 0.16137712947028193 0.07349206685337906 0.6628298189839118 0.20769647390097634 0.8116174262547756 0.8140746945761825 0.1796882555584921 0.7340916849415169 0.7907347088456022 0.001157656496954762 0.9052310340439513 0.8536728881309109 0.9379950131900943 0.5276326971923279 0.1209155306926436 0.4599168389739038 0.4624413925286721 0.19941888581860445 0.44758447635353893 0.14435342030413856 0.1799401009671897 0.6495354782175722 0.9669997383955997 0.1553090903533869 0.22383160831102855 0.6307429084653706 0.3162824104829556 0.8576143772643819 0.8050802437396926 0.15576091039230378 0.8980833647565514 0.4383088697826272 0.7962674180478745 0.15671690440253117 0.5261884151790219 0.35535364121394153 0.7300719123703425 0.5372778474626903 0.38589947182780415 0.46830685509038716 0.8829319057334594 0.5794800119785577 0.3229714740147823 0.14708197112612842 0.49247369276211794 0.0638888398878753 0.8014657444409483 
0.1499233591928677 0.20179613555413267 0.033841781898469425 0.31329243009131524 0.3350602787210758 0.06767383791284132 0.0935194317165593 0.7793558798062616 0.8647669702294455 0.6687571338280824 0.9595334381655842 0.10071469658679788 0.6408510952361818 0.6209573701205147 0.9224813384152798 0.0040110664813550745 0.3386309409921687 0.9621629120510055 0.5712842319745285 0.08314892878766733 0.08668073793433917 0.18030038515402824 0.5513996847493788 0.14724366427640634 0.3928318848527558 0.23720393618914515 0.17806860458239748 0.879488012962285 0.7559200264412502 0.693175436168896 0.6815722974728968 0.34383477139819063 0.478621596366973 0.919328656767234 0.24864949834979744 0.28394357342753407 0.5452185542650821 0.49546523485719496 0.04989685664303689 0.6509228234204847 0.9476114596047207 0.2461050616785999 0.4456829151667726 0.17322031268954774 0.3111077295640319 0.8234747846234967 0.5635029291539729 0.8003223467116181 0.3041755519793248 0.4669863641630261 0.5429251732170935 0.09609140425969454 0.38828300626157997 0.6757440544319493 0.35477730701263366 0.34821906469043895 0.49262407067651137 0.4439804068840285 0.45010280332942054 0.40032862753765697 0.19022345441431898 0.6747960669515096 0.9792978451241732 0.17158622870996432 0.21023235942165364 0.6914505634206835 0.15917710168189314 0.3611331657588849 0.11825011996666246 0.1368780593464951 0.05566776555512931 0.042709920680055635 0.8063630158765709 0.2529548302628307 0.1535798294024998 0.0816698462604587 0.22955035236590104 0.6332532627987998 0.8145169216983912 0.07064582681200882 0.9341815537895433 0.8934139783328228 0.8447623939266938 0.8462815575605791 0.9543555615663794 0.07593016265308672 0.9402563606018391 0.537504052290194 0.17108706700578535 0.5422355941964943 0.07433928419701341 0.026698631579492704 0.5136058180504885 0.9401220737967221 0.4097911499275333 0.484424472637187 0.7232106680559625 0.4135605027355753 0.8014657444409483 0.47731291501116757 
